Order_ID,Order_Date,Customer_Name,Product,Category,City,Region,Quantity,Unit_Price,Sales,Profit,Payment_Method
ORD1001,2024-03-12,Nikhil,Pen Set,Stationery,Chennai,South,1,209.66,209.66,25.5,UPI
ORD1002,2024-04-21,Arjun,Pen Set,Stationery,Chennai,South,10,196.88,1968.8,167.48,UPI
ORD1003,2024-05-22,Pooja,Printer,Electronics,Mumbai,West,9,11806.85,106261.65,16615.66,UPI
ORD1004,2024-06-21,Rahul,Headphones,Electronics,Kolkata,East,6,2388.94,14333.64,1671.35,UPI
ORD1005,2024-01-23,Nikhil,Office Chair,Furniture,Chennai,South,6,9090.74,54544.44,9961.64,Net Banking
ORD1006,2024-11-17,Rohit,Printer,Electronics,Chennai,South,7,10989.12,76923.84,9987.82,Cash
ORD1007,2024-05-28,Rahul,Notebook,Stationery,Mumbai,West,2,109.1,218.2,25.91,Card
ORD1008,2024-03-24,Kiran,Smartphone,Electronics,Kolkata,East,5,29720.46,148602.3,32959.81,Cash
ORD1009,2024-05-05,Priya,Monitor,Electronics,Pune,West,2,15327.39,30654.78,3344.24,Net Banking
ORD1010,2024-01-29,Arjun,Office Chair,Furniture,Pune,West,9,8023.35,72210.15,9757.62,UPI
ORD1011,2024-10-17,Neha,Mouse,Electronics,Kolkata,East,5,730.59,3652.95,859.29,Cash
ORD1012,2024-03-14,Sneha,Monitor,Electronics,Ahmedabad,West,7,16154.05,113078.35,21404.01,Card
ORD1013,2024-07-04,Arjun,Monitor,Electronics,Pune,West,10,14785.3,147853.0,26495.35,Card
ORD1014,2024-03-19,Aisha,Printer,Electronics,Ahmedabad,West,2,12613.88,25227.76,5711.25,Card
ORD1015,2024-08-27,Meera,Pen Set,Stationery,Kolkata,East,10,182.54,1825.4,264.46,Cash
ORD1016,2024-05-16,Pooja,Printer,Electronics,Bengaluru,South,2,12436.1,24872.2,4260.23,Cash
ORD1017,2024-05-14,Meera,Smartphone,Electronics,Pune,West,7,27948.95,195642.65,15759.35,Card
ORD1018,2024-04-11,Priya,Printer,Electronics,Chennai,South,5,12820.01,64100.05,10660.01,Cash
ORD1019,2024-07-04,Neha,Headphones,Electronics,Bengaluru,South,10,2412.08,24120.8,2009.53,Cash
ORD1020,2024-02-13,Nikhil,Monitor,Electronics,Bengaluru,South,4,16134.03,64536.12,15552.0,Net Banking
ORD1021,2024-03-25,Sneha,Smartphone,Electronics,Hyderabad,South,3,30958.5,92875.5,22379.68,Net Banking
ORD1022,2024-07-10,Vikram,Monitor,Electronics,Mumbai,West,5,14696.98,73484.9,14269.8,Net Banking
ORD1023,2024-10-10,Arjun,Smartphone,Electronics,Mumbai,West,4,27384.16,109536.64,9154.61,Card
ORD1024,2024-06-18,Rahul,Laptop,Electronics,Chennai,South,1,52018.36,52018.36,12168.21,Card
ORD1025,2024-10-19,Rohit,Keyboard,Electronics,Ahmedabad,West,4,1511.77,6047.08,1227.38,Net Banking
ORD1026,2024-08-08,Kiran,Monitor,Electronics,Ahmedabad,West,7,14071.23,98498.61,9502.97,Net Banking
ORD1027,2024-02-20,Ananya,Office Chair,Furniture,Ahmedabad,West,1,8794.72,8794.72,2175.01,Net Banking
ORD1028,2024-08-17,Priya,Backpack,Accessories,Delhi,North,2,1709.52,3419.04,384.08,Net Banking
ORD1029,2024-08-14,Pooja,Headphones,Electronics,Pune,West,8,2374.9,18999.2,4501.96,UPI
ORD1030,2024-03-26,Divya,Laptop,Electronics,Bengaluru,South,2,59690.04,119380.08,26774.36,Net Banking
ORD1031,2024-01-02,Divya,Desk,Furniture,Mumbai,West,7,7563.42,52943.94,5717.33,Cash
ORD1032,2024-10-11,Aisha,Desk,Furniture,Pune,West,7,7275.23,50926.61,10398.5,Net Banking
ORD1033,2024-10-04,Ananya,Headphones,Electronics,Mumbai,West,5,2358.85,11794.25,1060.8,Cash
ORD1034,2024-09-28,Priya,Laptop,Electronics,Bengaluru,South,10,54744.67,547446.7,129359.36,UPI
ORD1035,2024-04-30,Divya,Printer,Electronics,Chennai,South,3,10964.45,32893.35,3011.5,UPI
ORD1036,2024-08-02,Aisha,Notebook,Stationery,Mumbai,West,10,122.27,1222.7,226.56,Cash
ORD1037,2024-12-09,Aisha,Keyboard,Electronics,Mumbai,West,6,1421.61,8529.66,1256.28,Cash
ORD1038,2024-10-15,Rahul,Desk,Furniture,Delhi,North,2,6313.04,12626.08,2343.36,UPI
ORD1039,2024-02-05,Neha,Printer,Electronics,Mumbai,West,9,11436.48,102928.32,24564.26,Card
ORD1040,2024-06-03,Rohit,Mouse,Electronics,Pune,West,3,790.11,2370.33,408.52,UPI
ORD1041,2024-02-29,Neha,Pen Set,Stationery,Pune,West,2,217.56,435.12,44.74,UPI
ORD1042,2024-06-24,Arjun,Backpack,Accessories,Hyderabad,South,5,1721.43,8607.15,996.77,Cash
ORD1043,2024-02-17,Aisha,Printer,Electronics,Ahmedabad,West,5,12972.81,64864.05,14519.02,Net Banking
ORD1044,2024-05-14,Priya,Keyboard,Electronics,Bengaluru,South,1,1450.07,1450.07,148.25,Net Banking
ORD1045,2024-12-19,Neha,Printer,Electronics,Kolkata,East,9,10823.21,97408.89,9038.71,Card
ORD1046,2024-03-06,Ananya,Printer,Electronics,Bengaluru,South,6,12198.02,73188.12,7697.63,Cash
ORD1047,2024-02-22,Kiran,Mouse,Electronics,Bengaluru,South,6,753.61,4521.66,553.54,Net Banking
ORD1048,2024-03-31,Neha,Notebook,Stationery,Hyderabad,South,4,128.75,515.0,126.67,Net Banking
ORD1049,2024-12-08,Sanjay,Laptop,Electronics,Hyderabad,South,6,58106.25,348637.5,52292.57,Card
ORD1050,2024-08-28,Arjun,Keyboard,Electronics,Hyderabad,South,2,1464.76,2929.52,253.65,Card
ORD1051,2024-04-24,Ananya,Desk,Furniture,Delhi,North,5,7448.75,37243.75,8496.23,Card
ORD1052,2024-05-22,Kiran,Office Chair,Furniture,Delhi,North,5,9119.4,45597.0,11142.59,Net Banking
ORD1053,2024-04-01,Rohit,Pen Set,Stationery,Delhi,North,1,184.61,184.61,45.22,Cash
ORD1054,2024-06-09,Divya,Laptop,Electronics,Chennai,South,10,54280.2,542802.0,110651.63,UPI
ORD1055,2024-09-23,Neha,Office Chair,Furniture,Mumbai,West,5,7725.46,38627.3,5953.62,Card
ORD1056,2024-11-15,Kiran,Mouse,Electronics,Kolkata,East,2,871.82,1743.64,412.42,UPI
ORD1057,2024-07-25,Nikhil,Backpack,Accessories,Pune,West,9,1731.34,15582.06,2328.38,Cash
ORD1058,2024-12-12,Nikhil,Printer,Electronics,Hyderabad,South,4,11809.07,47236.28,11330.18,Card
ORD1059,2024-05-26,Arjun,Notebook,Stationery,Pune,West,7,121.15,848.05,67.9,Net Banking
ORD1060,2024-09-18,Vikram,Notebook,Stationery,Delhi,North,8,118.6,948.8,184.88,Card
ORD1061,2024-06-20,Rahul,Pen Set,Stationery,Chennai,South,5,200.62,1003.1,188.18,Card
ORD1062,2024-01-24,Arjun,Pen Set,Stationery,Pune,West,4,212.26,849.04,89.19,Net Banking
ORD1063,2024-04-09,Nikhil,Notebook,Stationery,Chennai,South,8,117.95,943.6,176.51,Net Banking
ORD1064,2024-02-24,Pooja,Desk,Furniture,Kolkata,East,4,6506.6,26026.4,5124.49,Net Banking
ORD1065,2024-03-03,Vikram,Monitor,Electronics,Hyderabad,South,9,14893.65,134042.85,23425.19,Card
ORD1066,2024-09-15,Divya,Desk,Furniture,Delhi,North,8,7157.71,57261.68,11582.7,Net Banking
ORD1067,2024-11-22,Sneha,Headphones,Electronics,Ahmedabad,West,8,2379.6,19036.8,2323.08,Net Banking
ORD1068,2024-04-30,Sneha,Pen Set,Stationery,Mumbai,West,5,197.59,987.95,198.88,Cash
ORD1069,2024-03-19,Nikhil,Mouse,Electronics,Chennai,South,3,744.13,2232.39,323.96,Card
ORD1070,2024-02-01,Arjun,Smartphone,Electronics,Kolkata,East,7,28985.29,202897.03,32302.65,Net Banking
ORD1071,2024-06-29,Sneha,Office Chair,Furniture,Bengaluru,South,10,8296.65,82966.5,6720.48,Net Banking
ORD1072,2024-01-15,Divya,Office Chair,Furniture,Mumbai,West,8,8023.02,64184.16,9890.27,Cash
ORD1073,2024-11-14,Meera,Pen Set,Stationery,Kolkata,East,3,213.62,640.86,151.45,UPI
ORD1074,2024-08-24,Priya,Office Chair,Furniture,Bengaluru,South,2,8742.67,17485.34,1802.19,UPI
ORD1075,2024-07-13,Sneha,Keyboard,Electronics,Kolkata,East,6,1413.5,8481.0,1149.72,Net Banking
ORD1076,2024-06-28,Arjun,Keyboard,Electronics,Chennai,South,8,1355.81,10846.48,1862.35,UPI
ORD1077,2024-01-11,Rohit,Pen Set,Stationery,Bengaluru,South,1,217.98,217.98,24.83,Card
ORD1078,2024-04-21,Vikram,Monitor,Electronics,Hyderabad,South,8,15508.38,124067.04,21820.27,Cash
ORD1079,2024-02-28,Pooja,Mouse,Electronics,Hyderabad,South,10,817.16,8171.6,1692.73,Card
ORD1080,2024-12-12,Neha,Keyboard,Electronics,Chennai,South,10,1357.7,13577.0,1806.19,Net Banking
ORD1081,2024-05-04,Rahul,Office Chair,Furniture,Mumbai,West,2,8656.57,17313.14,3829.62,Cash
ORD1082,2024-08-07,Aisha,Pen Set,Stationery,Chennai,South,10,211.31,2113.1,293.77,Cash
ORD1083,2024-02-24,Divya,Smartphone,Electronics,Delhi,North,1,32097.45,32097.45,7054.9,Cash
ORD1084,2024-11-29,Sneha,Pen Set,Stationery,Ahmedabad,West,3,197.42,592.26,121.26,Net Banking
ORD1085,2024-02-14,Sneha,Desk,Furniture,Kolkata,East,10,6675.75,66757.5,15006.5,Net Banking
ORD1086,2024-01-15,Vikram,Monitor,Electronics,Ahmedabad,West,10,15331.0,153310.0,22142.28,Cash
ORD1087,2024-05-23,Neha,Headphones,Electronics,Ahmedabad,West,4,2427.41,9709.64,1203.22,Cash
ORD1088,2024-07-27,Vikram,Printer,Electronics,Bengaluru,South,9,13075.35,117678.15,11126.96,Card
ORD1089,2024-05-30,Arjun,Backpack,Accessories,Ahmedabad,West,8,1781.34,14250.72,1181.83,Net Banking
ORD1090,2024-10-10,Meera,Backpack,Accessories,Mumbai,West,5,1859.03,9295.15,1326.73,Cash
ORD1091,2024-05-08,Arjun,Office Chair,Furniture,Delhi,North,6,8844.85,53069.1,6689.67,UPI
ORD1092,2024-12-19,Priya,Backpack,Accessories,Mumbai,West,6,1663.04,9978.24,1707.25,Card
ORD1093,2024-09-25,Rohit,Monitor,Electronics,Ahmedabad,West,5,15673.76,78368.8,19280.54,Cash
ORD1094,2024-01-08,Nikhil,Smartphone,Electronics,Mumbai,West,5,28364.9,141824.5,15672.33,Card
ORD1095,2024-03-05,Aisha,Keyboard,Electronics,Bengaluru,South,1,1516.01,1516.01,301.02,Net Banking
ORD1096,2024-06-23,Priya,Smartphone,Electronics,Bengaluru,South,10,28706.04,287060.4,46326.21,UPI
ORD1097,2024-02-07,Rohit,Keyboard,Electronics,Ahmedabad,West,2,1596.63,3193.26,472.99,UPI
ORD1098,2024-05-07,Rahul,Headphones,Electronics,Hyderabad,South,10,2724.56,27245.6,2574.18,Net Banking
ORD1099,2024-06-01,Sanjay,Notebook,Stationery,Mumbai,West,9,117.13,1054.17,247.15,Net Banking
ORD1100,2024-04-16,Aisha,Keyboard,Electronics,Bengaluru,South,10,1638.03,16380.3,1586.75,Card
ORD1101,2024-03-21,Ananya,Keyboard,Electronics,Chennai,South,3,1421.96,4265.88,741.57,Net Banking
ORD1102,2024-05-24,Nikhil,Desk,Furniture,Ahmedabad,West,5,6345.7,31728.5,4092.27,Net Banking
ORD1103,2024-12-04,Pooja,Smartphone,Electronics,Mumbai,West,5,31726.97,158634.85,29547.31,Card
ORD1104,2024-05-16,Sanjay,Office Chair,Furniture,Chennai,South,9,8032.18,72289.62,7614.14,Card
ORD1105,2024-10-18,Neha,Smartphone,Electronics,Bengaluru,South,3,31755.77,95267.31,17258.39,Cash
ORD1106,2024-05-19,Meera,Desk,Furniture,Chennai,South,8,7264.15,58113.2,11561.9,Net Banking
ORD1107,2024-06-14,Rohit,Desk,Furniture,Chennai,South,10,6355.81,63558.1,9752.66,Cash
ORD1108,2024-10-21,Rohit,Laptop,Electronics,Chennai,South,4,60081.02,240324.08,53379.09,UPI
ORD1109,2024-08-28,Meera,Pen Set,Stationery,Pune,West,10,181.61,1816.1,378.78,Net Banking
ORD1110,2024-02-16,Vikram,Keyboard,Electronics,Hyderabad,South,10,1480.77,14807.7,3234.32,Cash
ORD1111,2024-06-17,Divya,Office Chair,Furniture,Delhi,North,6,8789.23,52735.38,11908.42,Net Banking
ORD1112,2024-05-09,Kiran,Keyboard,Electronics,Kolkata,East,9,1361.01,12249.09,1163.3,UPI
ORD1113,2024-09-22,Kiran,Office Chair,Furniture,Bengaluru,South,9,8435.36,75918.24,6773.02,Net Banking
ORD1114,2024-05-27,Vikram,Pen Set,Stationery,Ahmedabad,West,1,188.14,188.14,32.62,Net Banking
ORD1115,2024-06-08,Meera,Smartphone,Electronics,Bengaluru,South,10,31795.88,317958.8,63802.59,UPI
ORD1116,2024-02-28,Vikram,Printer,Electronics,Kolkata,East,2,11339.28,22678.56,5058.2,UPI
ORD1117,2024-12-27,Sneha,Pen Set,Stationery,Hyderabad,South,8,217.31,1738.48,225.34,Net Banking
ORD1118,2024-04-07,Neha,Desk,Furniture,Ahmedabad,West,4,6939.5,27758.0,2903.19,Card
ORD1119,2024-05-16,Sanjay,Smartphone,Electronics,Pune,West,7,29039.25,203274.75,43482.9,UPI
ORD1120,2024-03-17,Vikram,Keyboard,Electronics,Pune,West,10,1523.98,15239.8,2928.94,Net Banking
ORD1121,2024-06-13,Sanjay,Mouse,Electronics,Delhi,North,9,842.06,7578.54,1092.26,Card
ORD1122,2024-07-29,Ananya,Backpack,Accessories,Mumbai,West,10,1757.87,17578.7,3964.39,Cash
ORD1123,2024-11-29,Priya,Backpack,Accessories,Ahmedabad,West,7,1758.99,12312.93,2374.27,Net Banking
ORD1124,2024-02-21,Sanjay,Laptop,Electronics,Hyderabad,South,9,60118.89,541070.01,73823.11,Net Banking
ORD1125,2024-12-01,Priya,Smartphone,Electronics,Ahmedabad,West,1,31334.66,31334.66,4690.68,UPI
ORD1126,2024-02-11,Sanjay,Desk,Furniture,Pune,West,6,7172.56,43035.36,6350.82,Cash
ORD1127,2024-09-06,Sanjay,Pen Set,Stationery,Kolkata,East,6,205.07,1230.42,284.06,UPI
ORD1128,2024-04-26,Nikhil,Notebook,Stationery,Chennai,South,4,123.15,492.6,116.53,UPI
ORD1129,2024-01-15,Ananya,Office Chair,Furniture,Chennai,South,2,8404.25,16808.5,3327.75,Cash
ORD1130,2024-09-28,Divya,Laptop,Electronics,Pune,West,6,53623.25,321739.5,33701.2,Card
ORD1131,2024-12-15,Arjun,Headphones,Electronics,Hyderabad,South,2,2554.75,5109.5,741.04,Net Banking
ORD1132,2024-05-10,Aisha,Notebook,Stationery,Hyderabad,South,4,119.07,476.28,58.67,UPI
ORD1133,2024-06-25,Rohit,Desk,Furniture,Pune,West,9,6521.17,58690.53,9102.55,Cash
ORD1134,2024-07-15,Sanjay,Pen Set,Stationery,Kolkata,East,5,198.27,991.35,130.22,Net Banking
ORD1135,2024-12-24,Sneha,Smartphone,Electronics,Mumbai,West,7,30431.54,213020.78,37857.63,UPI
ORD1136,2024-01-26,Neha,Pen Set,Stationery,Kolkata,East,5,180.32,901.6,204.72,Net Banking
ORD1137,2024-04-07,Rohit,Keyboard,Electronics,Mumbai,West,10,1590.58,15905.8,1864.65,Cash
ORD1138,2024-06-07,Pooja,Pen Set,Stationery,Hyderabad,South,2,216.14,432.28,82.08,Net Banking
ORD1139,2024-07-31,Priya,Laptop,Electronics,Delhi,North,3,50491.47,151474.41,19717.24,Card
ORD1140,2024-03-25,Sneha,Headphones,Electronics,Delhi,North,9,2500.9,22508.1,2843.44,Net Banking
ORD1141,2024-04-25,Sanjay,Keyboard,Electronics,Delhi,North,2,1490.5,2981.0,276.64,Net Banking
ORD1142,2024-10-01,Rahul,Printer,Electronics,Delhi,North,2,12697.64,25395.28,2091.71,Net Banking
ORD1143,2024-07-09,Rahul,Mouse,Electronics,Pune,West,10,780.96,7809.6,1472.53,Card
ORD1144,2024-11-08,Arjun,Desk,Furniture,Bengaluru,South,10,7537.93,75379.3,13224.49,UPI
ORD1145,2024-01-24,Ananya,Pen Set,Stationery,Ahmedabad,West,5,205.97,1029.85,102.81,Cash
ORD1146,2024-07-17,Vikram,Desk,Furniture,Chennai,South,2,6628.72,13257.44,2272.1,Cash
ORD1147,2024-07-31,Aisha,Pen Set,Stationery,Kolkata,East,10,209.69,2096.9,222.84,UPI
ORD1148,2024-08-15,Vikram,Desk,Furniture,Kolkata,East,5,6345.8,31729.0,4536.93,Card
ORD1149,2024-07-02,Ananya,Mouse,Electronics,Chennai,South,6,807.11,4842.66,1192.42,Net Banking
ORD1150,2024-02-16,Aisha,Keyboard,Electronics,Mumbai,West,2,1634.7,3269.4,719.64,Card
ORD1151,2024-03-05,Pooja,Pen Set,Stationery,Bengaluru,South,1,211.47,211.47,25.67,Card
ORD1152,2024-06-17,Pooja,Smartphone,Electronics,Mumbai,West,10,28295.71,282957.1,64471.27,Card
ORD1153,2024-03-07,Meera,Notebook,Stationery,Bengaluru,South,5,128.6,643.0,67.26,Cash
ORD1154,2024-05-01,Rohit,Headphones,Electronics,Chennai,South,1,2315.9,2315.9,326.31,Cash
ORD1155,2024-09-26,Rahul,Laptop,Electronics,Hyderabad,South,5,50076.39,250381.95,51601.73,UPI
ORD1156,2024-09-14,Arjun,Desk,Furniture,Ahmedabad,West,6,7018.53,42111.18,4149.6,UPI
ORD1157,2024-09-02,Sanjay,Backpack,Accessories,Pune,West,8,1851.6,14812.8,1263.47,Net Banking
ORD1158,2024-02-11,Kiran,Office Chair,Furniture,Chennai,South,8,8861.08,70888.64,11016.49,Card
ORD1159,2024-12-30,Kiran,Smartphone,Electronics,Hyderabad,South,5,30745.9,153729.5,27596.29,Net Banking
ORD1160,2024-12-25,Rahul,Notebook,Stationery,Pune,West,8,120.13,961.04,147.17,Card
ORD1161,2024-07-23,Divya,Office Chair,Furniture,Ahmedabad,West,4,8353.48,33413.92,7373.16,UPI
ORD1162,2024-03-19,Aisha,Mouse,Electronics,Kolkata,East,6,826.42,4958.52,712.2,Net Banking
ORD1163,2024-07-09,Pooja,Smartphone,Electronics,Chennai,South,2,27559.38,55118.76,5314.33,Card
ORD1164,2024-12-09,Rahul,Printer,Electronics,Bengaluru,South,10,13095.9,130959.0,22981.49,Net Banking
ORD1165,2024-06-29,Rahul,Mouse,Electronics,Kolkata,East,1,874.94,874.94,159.3,Card
ORD1166,2024-10-11,Kiran,Headphones,Electronics,Ahmedabad,West,4,2673.64,10694.56,1492.1,UPI
ORD1167,2024-11-14,Rohit,Keyboard,Electronics,Mumbai,West,7,1603.55,11224.85,2757.64,UPI
ORD1168,2024-06-07,Neha,Notebook,Stationery,Pune,West,1,112.33,112.33,22.41,Cash
ORD1169,2024-07-24,Rahul,Mouse,Electronics,Bengaluru,South,3,859.18,2577.54,454.35,Card
ORD1170,2024-08-02,Vikram,Backpack,Accessories,Bengaluru,South,2,1888.6,3777.2,440.32,Cash
ORD1171,2024-10-17,Rohit,Headphones,Electronics,Delhi,North,5,2610.8,13054.0,2768.26,UPI
ORD1172,2024-02-11,Sneha,Laptop,Electronics,Hyderabad,South,3,57798.79,173396.37,15338.58,Net Banking
ORD1173,2024-04-20,Pooja,Pen Set,Stationery,Kolkata,East,8,204.28,1634.24,245.81,UPI
ORD1174,2024-09-06,Meera,Mouse,Electronics,Kolkata,East,2,765.32,1530.64,299.0,Cash
ORD1175,2024-04-14,Sneha,Laptop,Electronics,Mumbai,West,7,60328.9,422302.3,37717.06,Card
ORD1176,2024-08-08,Priya,Headphones,Electronics,Pune,West,5,2414.06,12070.3,981.49,Card
ORD1177,2024-06-30,Rahul,Office Chair,Furniture,Mumbai,West,9,8599.83,77398.47,14981.88,Net Banking
ORD1178,2024-06-09,Rohit,Backpack,Accessories,Bengaluru,South,7,1626.75,11387.25,2694.2,Net Banking
ORD1179,2024-06-15,Priya,Notebook,Stationery,Kolkata,East,7,114.95,804.65,119.78,Net Banking
ORD1180,2024-08-11,Rohit,Backpack,Accessories,Delhi,North,2,1777.22,3554.44,348.32,Net Banking
ORD1181,2024-04-23,Kiran,Printer,Electronics,Chennai,South,7,12889.26,90224.82,18657.3,Card
ORD1182,2024-06-27,Kiran,Smartphone,Electronics,Chennai,South,9,30059.71,270537.39,63307.61,Card
ORD1183,2024-03-19,Pooja,Monitor,Electronics,Chennai,South,3,14267.9,42803.7,4686.78,UPI
ORD1184,2024-08-17,Aisha,Headphones,Electronics,Ahmedabad,West,8,2627.22,21017.76,4396.48,Cash
ORD1185,2024-11-19,Sneha,Pen Set,Stationery,Delhi,North,3,197.59,592.77,94.68,Cash
ORD1186,2024-08-19,Ananya,Notebook,Stationery,Bengaluru,South,6,120.18,721.08,95.74,UPI
ORD1187,2024-02-16,Rohit,Mouse,Electronics,Pune,West,2,823.15,1646.3,405.24,Net Banking
ORD1188,2024-04-06,Kiran,Desk,Furniture,Bengaluru,South,8,7572.67,60581.36,10733.9,Net Banking
ORD1189,2024-06-24,Nikhil,Printer,Electronics,Hyderabad,South,1,11881.26,11881.26,2588.5,UPI
ORD1190,2024-08-12,Meera,Printer,Electronics,Hyderabad,South,1,11394.58,11394.58,1759.54,Card
ORD1191,2024-12-13,Rohit,Mouse,Electronics,Delhi,North,5,781.99,3909.95,827.58,UPI
ORD1192,2024-07-16,Sneha,Pen Set,Stationery,Delhi,North,2,193.19,386.38,67.56,Cash
ORD1193,2024-06-28,Sneha,Backpack,Accessories,Hyderabad,South,6,1649.34,9896.04,1908.1,Net Banking
ORD1194,2024-06-17,Sanjay,Headphones,Electronics,Chennai,South,5,2529.46,12647.3,2395.32,Card
ORD1195,2024-06-07,Priya,Pen Set,Stationery,Chennai,South,7,200.34,1402.38,116.54,Card
ORD1196,2024-02-09,Sneha,Mouse,Electronics,Ahmedabad,West,4,756.25,3025.0,312.74,UPI
ORD1197,2024-11-01,Divya,Printer,Electronics,Bengaluru,South,6,12903.34,77420.04,14327.77,Card
ORD1198,2024-08-12,Ananya,Headphones,Electronics,Hyderabad,South,10,2654.52,26545.2,2870.64,Net Banking
ORD1199,2024-08-17,Arjun,Mouse,Electronics,Mumbai,West,8,817.7,6541.6,1360.04,Card
ORD1200,2024-08-13,Vikram,Keyboard,Electronics,Ahmedabad,West,4,1460.35,5841.4,1407.85,Cash
ORD1201,2024-03-11,Sanjay,Office Chair,Furniture,Kolkata,East,3,9038.72,27116.16,5862.9,Cash
ORD1202,2024-09-21,Sanjay,Laptop,Electronics,Ahmedabad,West,6,55599.95,333599.7,32506.04,UPI
ORD1203,2024-03-16,Sanjay,Keyboard,Electronics,Chennai,South,3,1431.84,4295.52,1004.73,Net Banking
ORD1204,2024-07-31,Ananya,Smartphone,Electronics,Mumbai,West,8,32307.78,258462.24,61560.6,Net Banking
ORD1205,2024-04-24,Ananya,Printer,Electronics,Delhi,North,4,11726.8,46907.2,4403.32,Cash
ORD1206,2024-08-29,Nikhil,Smartphone,Electronics,Delhi,North,3,27825.6,83476.8,10749.27,Card
ORD1207,2024-01-10,Sneha,Backpack,Accessories,Ahmedabad,West,8,1841.53,14732.24,3447.28,Card
ORD1208,2024-03-03,Ananya,Headphones,Electronics,Kolkata,East,2,2638.09,5276.18,635.25,Card
ORD1209,2024-11-01,Meera,Office Chair,Furniture,Ahmedabad,West,2,7838.46,15676.92,3666.44,UPI
ORD1210,2024-06-29,Arjun,Pen Set,Stationery,Mumbai,West,3,191.65,574.95,46.15,Net Banking
ORD1211,2024-09-26,Meera,Headphones,Electronics,Chennai,South,9,2737.33,24635.97,2254.33,UPI
ORD1212,2024-05-09,Nikhil,Office Chair,Furniture,Ahmedabad,West,1,8730.64,8730.64,2154.52,UPI
ORD1213,2024-02-23,Pooja,Mouse,Electronics,Chennai,South,6,758.58,4551.48,872.55,Cash
ORD1214,2024-03-30,Sanjay,Headphones,Electronics,Bengaluru,South,6,2523.01,15138.06,3304.59,Net Banking
ORD1215,2024-08-22,Ananya,Backpack,Accessories,Ahmedabad,West,3,1912.14,5736.42,520.45,Cash
ORD1216,2024-06-07,Meera,Monitor,Electronics,Bengaluru,South,4,16157.37,64629.48,8637.81,Net Banking
ORD1217,2024-05-26,Kiran,Printer,Electronics,Ahmedabad,West,5,10887.89,54439.45,10342.03,UPI
ORD1218,2024-07-23,Nikhil,Pen Set,Stationery,Delhi,North,5,184.98,924.9,131.86,Net Banking
ORD1219,2024-09-22,Sneha,Office Chair,Furniture,Delhi,North,3,8493.55,25480.65,4193.58,UPI
ORD1220,2024-04-02,Meera,Backpack,Accessories,Kolkata,East,2,1775.02,3550.04,884.55,Cash
ORD1221,2024-08-16,Rohit,Mouse,Electronics,Chennai,South,2,772.47,1544.94,201.24,Net Banking
ORD1222,2024-06-29,Rohit,Headphones,Electronics,Ahmedabad,West,6,2473.56,14841.36,3021.08,Net Banking
ORD1223,2024-09-19,Pooja,Keyboard,Electronics,Bengaluru,South,2,1551.36,3102.72,462.48,Card
ORD1224,2024-03-05,Rahul,Laptop,Electronics,Hyderabad,South,10,56958.98,569589.8,87995.58,Card
ORD1225,2024-11-05,Priya,Pen Set,Stationery,Delhi,North,6,195.31,1171.86,206.75,Net Banking
ORD1226,2024-09-28,Kiran,Mouse,Electronics,Delhi,North,8,842.09,6736.72,1196.22,Net Banking
ORD1227,2024-04-05,Vikram,Mouse,Electronics,Pune,West,4,873.68,3494.72,294.97,Net Banking
ORD1228,2024-04-19,Rohit,Printer,Electronics,Chennai,South,5,12659.91,63299.55,12640.06,Cash
ORD1229,2024-08-19,Priya,Backpack,Accessories,Ahmedabad,West,4,1664.15,6656.6,1497.6,Net Banking
ORD1230,2024-05-28,Neha,Smartphone,Electronics,Delhi,North,6,31257.24,187543.44,32538.7,Cash
ORD1231,2024-04-12,Pooja,Headphones,Electronics,Hyderabad,South,6,2504.38,15026.28,1512.12,Card
ORD1232,2024-08-27,Pooja,Monitor,Electronics,Ahmedabad,West,1,14582.69,14582.69,2585.32,Card
ORD1233,2024-09-02,Meera,Notebook,Stationery,Chennai,South,2,115.42,230.84,57.69,Net Banking
ORD1234,2024-08-18,Vikram,Office Chair,Furniture,Chennai,South,3,9303.05,27909.15,5280.34,Cash
ORD1235,2024-01-29,Sanjay,Headphones,Electronics,Hyderabad,South,3,2466.31,7398.93,1737.42,UPI
ORD1236,2024-12-29,Arjun,Printer,Electronics,Hyderabad,South,5,11195.18,55975.9,7548.48,Cash
ORD1237,2024-10-09,Sneha,Printer,Electronics,Pune,West,2,11401.45,22802.9,4286.03,Card
ORD1238,2024-03-27,Rohit,Pen Set,Stationery,Pune,West,10,201.34,2013.4,333.09,Card
ORD1239,2024-02-11,Ananya,Headphones,Electronics,Delhi,North,10,2270.6,22706.0,5150.69,Cash
ORD1240,2024-09-11,Neha,Pen Set,Stationery,Mumbai,West,10,196.66,1966.6,370.96,Cash
ORD1241,2024-07-26,Sneha,Pen Set,Stationery,Pune,West,8,189.8,1518.4,329.87,Net Banking
ORD1242,2024-04-14,Kiran,Smartphone,Electronics,Bengaluru,South,3,29637.63,88912.89,14432.58,Card
ORD1243,2024-07-08,Meera,Mouse,Electronics,Delhi,North,6,876.06,5256.36,537.36,UPI
ORD1244,2024-03-13,Rahul,Mouse,Electronics,Mumbai,West,8,739.6,5916.8,925.57,UPI
ORD1245,2024-03-22,Sanjay,Keyboard,Electronics,Kolkata,East,10,1475.44,14754.4,3595.01,Cash
ORD1246,2024-09-20,Vikram,Notebook,Stationery,Delhi,North,4,126.31,505.24,83.22,Net Banking
ORD1247,2024-08-22,Arjun,Keyboard,Electronics,Ahmedabad,West,1,1377.01,1377.01,202.22,Card
ORD1248,2024-11-30,Aisha,Notebook,Stationery,Delhi,North,1,109.21,109.21,17.92,Net Banking
ORD1249,2024-07-06,Pooja,Keyboard,Electronics,Bengaluru,South,2,1479.28,2958.56,680.52,Net Banking
ORD1250,2024-07-04,Meera,Mouse,Electronics,Bengaluru,South,7,728.19,5097.33,894.63,Cash
ORD1251,2024-11-15,Aisha,Smartphone,Electronics,Kolkata,East,9,29702.13,267319.17,46373.38,UPI
ORD1252,2024-10-12,Kiran,Headphones,Electronics,Chennai,South,7,2436.6,17056.2,4225.74,Card
ORD1253,2024-12-31,Kiran,Monitor,Electronics,Kolkata,East,9,13620.76,122586.84,10617.91,Net Banking
ORD1254,2024-06-16,Neha,Printer,Electronics,Ahmedabad,West,3,12255.03,36765.09,6163.15,Cash
ORD1255,2024-06-21,Meera,Headphones,Electronics,Kolkata,East,10,2619.66,26196.6,3428.34,Net Banking
ORD1256,2024-12-10,Rahul,Backpack,Accessories,Pune,West,8,1913.67,15309.36,2183.43,Net Banking
ORD1257,2024-12-01,Pooja,Notebook,Stationery,Pune,West,1,122.33,122.33,15.31,Card
ORD1258,2024-11-13,Pooja,Backpack,Accessories,Bengaluru,South,10,1792.96,17929.6,3032.24,Net Banking
ORD1259,2024-04-07,Ananya,Headphones,Electronics,Mumbai,West,1,2536.29,2536.29,504.95,Net Banking
ORD1260,2024-09-13,Pooja,Mouse,Electronics,Kolkata,East,3,786.07,2358.21,270.4,Net Banking
ORD1261,2024-12-05,Vikram,Backpack,Accessories,Bengaluru,South,3,1806.73,5420.19,950.43,Net Banking
ORD1262,2024-06-30,Aisha,Mouse,Electronics,Hyderabad,South,8,865.94,6927.52,957.35,Cash
ORD1263,2024-06-01,Arjun,Notebook,Stationery,Ahmedabad,West,4,130.98,523.92,66.76,Cash
ORD1264,2024-05-20,Sneha,Keyboard,Electronics,Mumbai,West,8,1445.11,11560.88,1610.39,UPI
ORD1265,2024-03-15,Sneha,Notebook,Stationery,Kolkata,East,7,127.64,893.48,216.48,UPI
ORD1266,2024-09-02,Arjun,Keyboard,Electronics,Chennai,South,6,1627.2,9763.2,1869.8,Card
ORD1267,2024-11-11,Nikhil,Printer,Electronics,Pune,West,9,12470.81,112237.29,11598.2,Card
ORD1268,2024-02-21,Divya,Monitor,Electronics,Bengaluru,South,9,14177.01,127593.09,15257.86,Cash
ORD1269,2024-10-08,Neha,Backpack,Accessories,Ahmedabad,West,2,1865.23,3730.46,385.62,Card
ORD1270,2024-05-27,Kiran,Office Chair,Furniture,Ahmedabad,West,8,8755.92,70047.36,14605.22,Cash
ORD1271,2024-01-20,Neha,Pen Set,Stationery,Bengaluru,South,2,206.09,412.18,49.25,Card
ORD1272,2024-09-10,Priya,Office Chair,Furniture,Hyderabad,South,1,9345.19,9345.19,1378.31,Cash
ORD1273,2024-06-20,Sneha,Laptop,Electronics,Bengaluru,South,5,55747.58,278737.9,27383.52,Net Banking
ORD1274,2024-04-08,Pooja,Pen Set,Stationery,Ahmedabad,West,3,214.04,642.12,102.46,UPI
ORD1275,2024-01-08,Nikhil,Mouse,Electronics,Hyderabad,South,8,823.73,6589.84,1332.21,Cash
ORD1276,2024-07-26,Sanjay,Keyboard,Electronics,Mumbai,West,3,1533.29,4599.87,867.46,Net Banking
ORD1277,2024-03-12,Vikram,Printer,Electronics,Delhi,North,2,11762.0,23524.0,2263.37,Cash
ORD1278,2024-05-16,Kiran,Monitor,Electronics,Bengaluru,South,5,14650.72,73253.6,11423.54,Cash
ORD1279,2024-02-01,Aisha,Notebook,Stationery,Bengaluru,South,5,123.69,618.45,122.31,UPI
ORD1280,2024-12-26,Pooja,Desk,Furniture,Pune,West,3,6867.58,20602.74,3408.28,Cash
ORD1281,2024-03-09,Vikram,Backpack,Accessories,Chennai,South,5,1752.32,8761.6,1029.88,Card
ORD1282,2024-10-02,Pooja,Desk,Furniture,Delhi,North,7,7282.72,50979.04,11989.02,Card
ORD1283,2024-02-09,Neha,Monitor,Electronics,Chennai,South,9,14840.24,133562.16,26664.38,UPI
ORD1284,2024-09-23,Vikram,Laptop,Electronics,Mumbai,West,10,55403.26,554032.6,59819.63,UPI
ORD1285,2024-08-16,Pooja,Pen Set,Stationery,Mumbai,West,10,199.55,1995.5,464.57,UPI
ORD1286,2024-10-13,Vikram,Desk,Furniture,Hyderabad,South,9,6881.59,61934.31,10892.07,Cash
ORD1287,2024-04-21,Rohit,Backpack,Accessories,Bengaluru,South,7,1711.6,11981.2,964.64,UPI
ORD1288,2024-01-31,Neha,Laptop,Electronics,Kolkata,East,6,57204.23,343225.38,59034.01,UPI
ORD1289,2024-11-24,Nikhil,Desk,Furniture,Bengaluru,South,5,6872.41,34362.05,7240.95,Net Banking
ORD1290,2024-07-11,Rahul,Mouse,Electronics,Kolkata,East,8,859.14,6873.12,1609.34,Card
ORD1291,2024-09-27,Priya,Pen Set,Stationery,Delhi,North,2,187.14,374.28,64.13,Card
ORD1292,2024-08-05,Meera,Laptop,Electronics,Bengaluru,South,5,54593.04,272965.2,55206.11,Net Banking
ORD1293,2024-02-27,Ananya,Monitor,Electronics,Mumbai,West,8,14538.48,116307.84,14754.87,Net Banking
ORD1294,2024-01-18,Vikram,Notebook,Stationery,Bengaluru,South,4,112.95,451.8,43.89,UPI
ORD1295,2024-01-29,Priya,Monitor,Electronics,Bengaluru,South,7,14816.89,103718.23,17814.56,Cash
ORD1296,2024-06-13,Arjun,Monitor,Electronics,Delhi,North,10,15293.75,152937.5,29720.41,Cash
ORD1297,2024-10-29,Neha,Headphones,Electronics,Mumbai,West,7,2400.25,16801.75,1518.25,Card
ORD1298,2024-11-25,Aisha,Pen Set,Stationery,Kolkata,East,9,199.82,1798.38,441.12,Net Banking
ORD1299,2024-04-04,Pooja,Printer,Electronics,Delhi,North,7,11779.82,82458.74,10800.53,Net Banking
ORD1300,2024-08-25,Neha,Monitor,Electronics,Mumbai,West,5,16072.62,80363.1,8401.14,UPI
ORD1301,2024-05-04,Sneha,Printer,Electronics,Kolkata,East,7,12137.49,84962.43,8733.78,Card
ORD1302,2024-04-07,Ananya,Mouse,Electronics,Chennai,South,8,855.54,6844.32,655.13,Cash
ORD1303,2024-12-09,Meera,Office Chair,Furniture,Bengaluru,South,2,7969.88,15939.76,3339.19,Card
ORD1304,2024-04-18,Neha,Desk,Furniture,Mumbai,West,6,6724.46,40346.76,9462.49,Card
ORD1305,2024-12-26,Arjun,Backpack,Accessories,Chennai,South,8,1949.2,15593.6,3091.53,Net Banking
ORD1306,2024-07-02,Sneha,Monitor,Electronics,Delhi,North,5,14641.99,73209.95,12498.44,Cash
ORD1307,2024-08-28,Pooja,Mouse,Electronics,Ahmedabad,West,8,735.78,5886.24,1452.87,Cash
ORD1308,2024-04-23,Nikhil,Monitor,Electronics,Delhi,North,6,14741.79,88450.74,15534.53,Card
ORD1309,2024-08-01,Sneha,Laptop,Electronics,Pune,West,9,59782.34,538041.06,96015.74,Card
ORD1310,2024-09-12,Meera,Monitor,Electronics,Delhi,North,4,14639.52,58558.08,12980.67,Cash
ORD1311,2024-06-29,Priya,Keyboard,Electronics,Ahmedabad,West,8,1488.25,11906.0,2435.63,Card
ORD1312,2024-11-24,Ananya,Backpack,Accessories,Ahmedabad,West,3,1950.08,5850.24,1007.2,UPI
ORD1313,2024-04-28,Rahul,Smartphone,Electronics,Bengaluru,South,1,29474.35,29474.35,6579.64,Card
ORD1314,2024-11-22,Aisha,Laptop,Electronics,Mumbai,West,9,54516.11,490644.99,44293.72,Net Banking
ORD1315,2024-01-07,Ananya,Pen Set,Stationery,Ahmedabad,West,1,180.26,180.26,31.33,Cash
ORD1316,2024-08-08,Pooja,Printer,Electronics,Pune,West,1,12005.32,12005.32,2384.69,Card
ORD1317,2024-09-26,Sneha,Smartphone,Electronics,Chennai,South,9,27893.38,251040.42,28274.29,Cash
ORD1318,2024-10-16,Arjun,Keyboard,Electronics,Kolkata,East,2,1461.92,2923.84,435.72,Card
ORD1319,2024-10-09,Vikram,Keyboard,Electronics,Chennai,South,1,1378.05,1378.05,199.09,UPI
ORD1320,2024-11-26,Pooja,Pen Set,Stationery,Bengaluru,South,3,183.31,549.93,123.02,Cash
ORD1321,2024-12-20,Neha,Notebook,Stationery,Chennai,South,9,130.06,1170.54,139.36,Net Banking
ORD1322,2024-10-05,Rohit,Keyboard,Electronics,Bengaluru,South,2,1555.33,3110.66,397.12,UPI
ORD1323,2024-12-30,Sanjay,Headphones,Electronics,Delhi,North,1,2730.73,2730.73,490.97,Net Banking
ORD1324,2024-07-18,Aisha,Smartphone,Electronics,Pune,West,3,30383.75,91151.25,16073.46,Cash
ORD1325,2024-01-28,Rahul,Office Chair,Furniture,Hyderabad,South,2,8501.35,17002.7,4176.46,Net Banking
ORD1326,2024-10-31,Divya,Monitor,Electronics,Chennai,South,6,15315.51,91893.06,16941.14,Cash
ORD1327,2024-07-11,Divya,Laptop,Electronics,Pune,West,8,54896.64,439173.12,61698.51,Card
ORD1328,2024-05-06,Nikhil,Pen Set,Stationery,Kolkata,East,2,210.89,421.78,54.92,UPI
ORD1329,2024-03-19,Nikhil,Smartphone,Electronics,Pune,West,3,29280.0,87840.0,18732.88,Net Banking
ORD1330,2024-08-15,Kiran,Mouse,Electronics,Delhi,North,2,734.64,1469.28,353.07,Cash
ORD1331,2024-10-11,Meera,Smartphone,Electronics,Hyderabad,South,2,28124.35,56248.7,8791.86,Net Banking
ORD1332,2024-11-02,Pooja,Smartphone,Electronics,Bengaluru,South,2,29123.49,58246.98,5581.28,Cash
ORD1333,2024-10-13,Neha,Office Chair,Furniture,Bengaluru,South,5,8353.48,41767.4,8873.85,Card
ORD1334,2024-05-17,Vikram,Notebook,Stationery,Hyderabad,South,7,112.07,784.49,98.62,Card
ORD1335,2024-02-09,Kiran,Smartphone,Electronics,Hyderabad,South,7,28655.77,200590.39,26268.89,Cash
ORD1336,2024-03-10,Sneha,Monitor,Electronics,Ahmedabad,West,10,15350.01,153500.1,24227.92,UPI
ORD1337,2024-08-13,Kiran,Office Chair,Furniture,Delhi,North,10,8295.81,82958.1,18796.12,Net Banking
ORD1338,2024-04-12,Vikram,Pen Set,Stationery,Hyderabad,South,5,192.83,964.15,232.4,Cash
ORD1339,2024-09-08,Rohit,Headphones,Electronics,Kolkata,East,6,2395.72,14374.32,2848.17,Card
ORD1340,2024-02-28,Neha,Mouse,Electronics,Kolkata,East,5,850.64,4253.2,624.37,Card
ORD1341,2024-12-28,Arjun,Notebook,Stationery,Hyderabad,South,9,108.65,977.85,199.12,Net Banking
ORD1342,2024-06-04,Arjun,Keyboard,Electronics,Chennai,South,7,1551.89,10863.23,1126.09,Cash
ORD1343,2024-11-02,Vikram,Pen Set,Stationery,Hyderabad,South,7,211.56,1480.92,137.09,Net Banking
ORD1344,2024-12-25,Neha,Printer,Electronics,Kolkata,East,9,10888.24,97994.16,23972.58,UPI
ORD1345,2024-10-15,Aisha,Smartphone,Electronics,Mumbai,West,6,27998.03,167988.18,30935.9,Net Banking
ORD1346,2024-09-18,Nikhil,Mouse,Electronics,Kolkata,East,2,721.69,1443.38,178.96,Card
ORD1347,2024-12-19,Meera,Desk,Furniture,Delhi,North,7,6948.29,48638.03,9509.92,Card
ORD1348,2024-02-13,Rahul,Mouse,Electronics,Bengaluru,South,8,736.73,5893.84,888.29,Card
ORD1349,2024-09-04,Kiran,Mouse,Electronics,Pune,West,6,792.85,4757.1,547.86,Net Banking
ORD1350,2024-12-29,Rahul,Smartphone,Electronics,Ahmedabad,West,8,28913.46,231307.68,30311.69,UPI
ORD1351,2024-09-21,Priya,Mouse,Electronics,Chennai,South,3,868.79,2606.37,536.61,Card
ORD1352,2024-04-04,Priya,Mouse,Electronics,Kolkata,East,8,757.1,6056.8,901.6,Net Banking
ORD1353,2024-08-07,Divya,Office Chair,Furniture,Bengaluru,South,10,9151.27,91512.7,14315.13,UPI
ORD1354,2024-02-02,Rohit,Backpack,Accessories,Mumbai,West,4,1720.2,6880.8,1373.68,UPI
ORD1355,2024-05-14,Aisha,Printer,Electronics,Hyderabad,South,6,11582.36,69494.16,10965.04,Net Banking
ORD1356,2024-02-28,Kiran,Printer,Electronics,Delhi,North,10,11732.73,117327.3,17215.73,Cash
ORD1357,2024-12-10,Priya,Desk,Furniture,Hyderabad,South,5,7586.16,37930.8,6840.01,Cash
ORD1358,2024-03-13,Meera,Smartphone,Electronics,Mumbai,West,5,27701.69,138508.45,19870.7,Net Banking
ORD1359,2024-11-21,Meera,Office Chair,Furniture,Hyderabad,South,10,8302.31,83023.1,9263.56,Card
ORD1360,2024-08-18,Rohit,Printer,Electronics,Hyderabad,South,8,11493.2,91945.6,10280.14,UPI
ORD1361,2024-10-14,Meera,Mouse,Electronics,Bengaluru,South,8,741.85,5934.8,1297.27,Net Banking
ORD1362,2024-03-26,Rahul,Office Chair,Furniture,Ahmedabad,West,7,8857.24,62000.68,9638.3,UPI
ORD1363,2024-03-27,Pooja,Monitor,Electronics,Pune,West,1,14324.56,14324.56,2455.14,Net Banking
ORD1364,2024-05-17,Pooja,Notebook,Stationery,Ahmedabad,West,9,120.26,1082.34,191.97,Cash
ORD1365,2024-02-22,Nikhil,Printer,Electronics,Bengaluru,South,8,12111.25,96890.0,24054.09,Card
ORD1366,2024-02-14,Vikram,Keyboard,Electronics,Bengaluru,South,8,1428.84,11430.72,2589.9,UPI
ORD1367,2024-11-08,Aisha,Monitor,Electronics,Mumbai,West,10,15567.4,155674.0,35241.21,Net Banking
ORD1368,2024-10-18,Kiran,Headphones,Electronics,Hyderabad,South,4,2656.76,10627.04,2305.27,Cash
ORD1369,2024-10-20,Sneha,Notebook,Stationery,Hyderabad,South,6,131.5,789.0,102.37,UPI
ORD1370,2024-03-05,Nikhil,Headphones,Electronics,Kolkata,East,1,2746.24,2746.24,624.49,Card
ORD1371,2024-12-12,Divya,Monitor,Electronics,Hyderabad,South,6,15985.45,95912.7,20088.96,Net Banking
ORD1372,2024-02-17,Divya,Headphones,Electronics,Pune,West,7,2437.59,17063.13,1584.1,Cash
ORD1373,2024-01-02,Sanjay,Backpack,Accessories,Delhi,North,8,1962.09,15696.72,2129.09,UPI
ORD1374,2024-07-22,Arjun,Backpack,Accessories,Ahmedabad,West,6,1926.04,11556.24,2487.66,Net Banking
ORD1375,2024-10-07,Rohit,Monitor,Electronics,Ahmedabad,West,5,14468.6,72343.0,9275.16,Card
ORD1376,2024-01-24,Rahul,Notebook,Stationery,Ahmedabad,West,6,129.46,776.76,162.8,Net Banking
ORD1377,2024-08-07,Arjun,Laptop,Electronics,Chennai,South,3,54354.15,163062.45,13063.73,Card
ORD1378,2024-02-17,Aisha,Pen Set,Stationery,Pune,West,3,214.98,644.94,147.7,Cash
ORD1379,2024-01-27,Divya,Keyboard,Electronics,Chennai,South,6,1549.35,9296.1,1769.19,Cash
ORD1380,2024-01-01,Arjun,Backpack,Accessories,Mumbai,West,7,1855.97,12991.79,2593.53,Net Banking
ORD1381,2024-01-05,Ananya,Smartphone,Electronics,Hyderabad,South,10,28357.15,283571.5,55465.75,Cash
ORD1382,2024-02-15,Nikhil,Smartphone,Electronics,Kolkata,East,3,29866.2,89598.6,10655.15,UPI
ORD1383,2024-03-09,Aisha,Smartphone,Electronics,Delhi,North,6,32285.93,193715.58,20013.14,Card
ORD1384,2024-04-19,Aisha,Smartphone,Electronics,Bengaluru,South,10,30900.12,309001.2,47838.61,Card
ORD1385,2024-03-04,Rohit,Office Chair,Furniture,Ahmedabad,West,4,7797.37,31189.48,3027.85,Net Banking
ORD1386,2024-11-26,Rahul,Mouse,Electronics,Kolkata,East,6,846.57,5079.42,620.32,Card
ORD1387,2024-06-03,Arjun,Printer,Electronics,Pune,West,1,12834.94,12834.94,2463.4,Card
ORD1388,2024-05-02,Vikram,Backpack,Accessories,Kolkata,East,5,1852.62,9263.1,1975.32,Net Banking
ORD1389,2024-01-07,Kiran,Smartphone,Electronics,Mumbai,West,8,30828.49,246627.92,22707.54,Cash
ORD1390,2024-03-29,Pooja,Headphones,Electronics,Kolkata,East,10,2460.43,24604.3,4253.61,Net Banking
ORD1391,2024-01-21,Neha,Smartphone,Electronics,Bengaluru,South,10,27405.2,274052.0,34139.07,UPI
ORD1392,2024-07-24,Rahul,Office Chair,Furniture,Pune,West,9,8954.09,80586.81,12249.82,Card
ORD1393,2024-03-20,Meera,Keyboard,Electronics,Chennai,South,5,1373.71,6868.55,1624.81,Cash
ORD1394,2024-05-02,Ananya,Office Chair,Furniture,Chennai,South,5,8837.75,44188.75,9018.61,Card
ORD1395,2024-06-07,Aisha,Smartphone,Electronics,Kolkata,East,2,29720.23,59440.46,10907.41,Card
ORD1396,2024-06-26,Meera,Smartphone,Electronics,Bengaluru,South,3,31209.0,93627.0,10097.82,Cash
ORD1397,2024-03-01,Pooja,Headphones,Electronics,Delhi,North,3,2624.89,7874.67,1799.27,UPI
ORD1398,2024-10-22,Aisha,Mouse,Electronics,Kolkata,East,5,803.82,4019.1,501.19,UPI
ORD1399,2024-10-17,Priya,Desk,Furniture,Ahmedabad,West,9,6804.17,61237.53,10100.13,Cash
ORD1400,2024-02-29,Arjun,Headphones,Electronics,Pune,West,2,2697.13,5394.26,1049.73,UPI
ORD1401,2024-03-17,Priya,Laptop,Electronics,Bengaluru,South,4,50005.8,200023.2,28378.49,UPI
ORD1402,2024-06-12,Sneha,Printer,Electronics,Kolkata,East,4,11572.32,46289.28,6978.74,UPI
ORD1403,2024-04-01,Arjun,Notebook,Stationery,Delhi,North,2,120.05,240.1,56.02,UPI
ORD1404,2024-06-08,Kiran,Office Chair,Furniture,Chennai,South,8,9122.25,72978.0,15434.82,UPI
ORD1405,2024-06-04,Nikhil,Printer,Electronics,Ahmedabad,West,1,11685.41,11685.41,1514.09,Card
ORD1406,2024-04-10,Nikhil,Desk,Furniture,Delhi,North,10,7660.6,76606.0,19122.68,Card
ORD1407,2024-11-21,Sanjay,Headphones,Electronics,Bengaluru,South,7,2261.96,15833.72,2724.39,UPI
ORD1408,2024-02-23,Arjun,Mouse,Electronics,Bengaluru,South,7,855.84,5990.88,1219.9,Card
ORD1409,2024-05-23,Rahul,Office Chair,Furniture,Ahmedabad,West,1,9303.35,9303.35,969.44,UPI
ORD1410,2024-10-24,Rahul,Monitor,Electronics,Kolkata,East,6,14875.37,89252.22,18487.96,Card
ORD1411,2024-12-05,Priya,Pen Set,Stationery,Kolkata,East,2,203.68,407.36,36.9,Card
ORD1412,2024-06-16,Kiran,Keyboard,Electronics,Pune,West,6,1627.81,9766.86,1433.79,Net Banking
ORD1413,2024-10-26,Rahul,Keyboard,Electronics,Mumbai,West,2,1633.07,3266.14,336.87,Card
ORD1414,2024-10-01,Kiran,Smartphone,Electronics,Hyderabad,South,8,29796.33,238370.64,35542.76,Card
ORD1415,2024-03-21,Pooja,Desk,Furniture,Pune,West,8,6671.01,53368.08,5357.37,Cash
ORD1416,2024-02-16,Nikhil,Backpack,Accessories,Bengaluru,South,4,1920.93,7683.72,1042.87,Card
ORD1417,2024-03-30,Ananya,Mouse,Electronics,Kolkata,East,9,727.83,6550.47,856.82,Net Banking
ORD1418,2024-03-12,Rahul,Desk,Furniture,Mumbai,West,2,6946.86,13893.72,3010.25,UPI
ORD1419,2024-12-17,Aisha,Laptop,Electronics,Mumbai,West,3,51679.46,155038.38,22961.01,UPI
ORD1420,2024-11-26,Vikram,Notebook,Stationery,Pune,West,2,108.52,217.04,19.74,Card
ORD1421,2024-03-27,Neha,Smartphone,Electronics,Delhi,North,2,27256.18,54512.36,8633.08,Net Banking
ORD1422,2024-03-29,Kiran,Backpack,Accessories,Kolkata,East,8,1630.61,13044.88,2558.7,Card
ORD1423,2024-11-10,Rohit,Headphones,Electronics,Pune,West,5,2473.01,12365.05,1301.64,Card
ORD1424,2024-02-01,Rahul,Pen Set,Stationery,Pune,West,8,196.48,1571.84,272.9,Cash
ORD1425,2024-09-26,Arjun,Office Chair,Furniture,Hyderabad,South,7,7989.08,55923.56,12884.28,UPI
ORD1426,2024-10-16,Meera,Office Chair,Furniture,Delhi,North,8,8575.68,68605.44,11141.22,Cash
ORD1427,2024-01-16,Neha,Office Chair,Furniture,Pune,West,3,7694.31,23082.93,4189.78,Cash
ORD1428,2024-04-29,Priya,Laptop,Electronics,Ahmedabad,West,9,53431.76,480885.84,86212.31,UPI
ORD1429,2024-01-29,Pooja,Monitor,Electronics,Mumbai,West,5,15101.07,75505.35,16196.68,Card
ORD1430,2024-03-29,Priya,Notebook,Stationery,Kolkata,East,6,130.44,782.64,194.53,Card
ORD1431,2024-12-24,Kiran,Notebook,Stationery,Delhi,North,6,129.94,779.64,66.11,Card
ORD1432,2024-01-20,Rahul,Notebook,Stationery,Mumbai,West,8,121.01,968.08,106.34,UPI
ORD1433,2024-11-10,Arjun,Monitor,Electronics,Mumbai,West,1,15079.35,15079.35,1208.1,Card
ORD1434,2024-12-26,Neha,Mouse,Electronics,Hyderabad,South,6,729.53,4377.18,460.09,Card
ORD1435,2024-07-21,Rohit,Smartphone,Electronics,Delhi,North,2,29241.54,58483.08,14043.36,UPI
ORD1436,2024-08-11,Pooja,Mouse,Electronics,Pune,West,6,741.83,4450.98,475.26,Net Banking
ORD1437,2024-11-10,Pooja,Pen Set,Stationery,Delhi,North,3,208.29,624.87,109.69,Cash
ORD1438,2024-03-06,Priya,Monitor,Electronics,Hyderabad,South,7,14420.47,100943.29,19890.34,UPI
ORD1439,2024-11-09,Arjun,Backpack,Accessories,Kolkata,East,10,1631.66,16316.6,2976.25,UPI
ORD1440,2024-06-12,Priya,Desk,Furniture,Hyderabad,South,6,7343.48,44060.88,5307.54,UPI
ORD1441,2024-12-20,Rahul,Backpack,Accessories,Delhi,North,8,1624.1,12992.8,1502.57,Cash
ORD1442,2024-08-02,Priya,Keyboard,Electronics,Chennai,South,1,1364.44,1364.44,210.8,Net Banking
ORD1443,2024-09-02,Pooja,Desk,Furniture,Kolkata,East,6,7064.43,42386.58,4121.79,Card
ORD1444,2024-01-11,Kiran,Headphones,Electronics,Ahmedabad,West,2,2649.6,5299.2,454.04,Cash
ORD1445,2024-02-08,Meera,Smartphone,Electronics,Chennai,South,6,28020.63,168123.78,24180.88,UPI
ORD1446,2024-11-06,Neha,Mouse,Electronics,Ahmedabad,West,1,789.01,789.01,150.79,Net Banking
ORD1447,2024-07-28,Nikhil,Headphones,Electronics,Bengaluru,South,2,2415.55,4831.1,1186.75,Cash
ORD1448,2024-10-19,Meera,Pen Set,Stationery,Pune,West,5,189.5,947.5,83.8,Net Banking
ORD1449,2024-12-04,Aisha,Headphones,Electronics,Bengaluru,South,6,2251.91,13511.46,1282.19,Net Banking
ORD1450,2024-02-11,Vikram,Monitor,Electronics,Chennai,South,1,14120.86,14120.86,2661.67,UPI
ORD1451,2024-02-16,Aisha,Keyboard,Electronics,Kolkata,East,8,1496.73,11973.84,2303.49,Net Banking
ORD1452,2024-05-14,Vikram,Headphones,Electronics,Delhi,North,7,2434.7,17042.9,2654.97,Net Banking
ORD1453,2024-12-22,Aisha,Keyboard,Electronics,Mumbai,West,5,1519.27,7596.35,802.88,UPI
ORD1454,2024-04-26,Meera,Smartphone,Electronics,Delhi,North,9,29483.92,265355.28,55352.49,UPI
ORD1455,2024-10-20,Neha,Office Chair,Furniture,Kolkata,East,9,8818.02,79362.18,18981.96,Card
ORD1456,2024-01-18,Meera,Desk,Furniture,Pune,West,2,6852.73,13705.46,3086.06,Card
ORD1457,2024-04-18,Pooja,Smartphone,Electronics,Ahmedabad,West,3,32694.37,98083.11,10633.98,Card
ORD1458,2024-04-13,Sanjay,Headphones,Electronics,Bengaluru,South,7,2289.18,16024.26,3142.86,Card
ORD1459,2024-02-04,Rahul,Notebook,Stationery,Pune,West,6,129.86,779.16,183.42,Net Banking
ORD1460,2024-08-22,Neha,Printer,Electronics,Kolkata,East,9,11582.7,104244.3,13234.25,UPI
ORD1461,2024-10-28,Rohit,Backpack,Accessories,Kolkata,East,2,1769.2,3538.4,372.22,UPI
ORD1462,2024-07-29,Sneha,Smartphone,Electronics,Chennai,South,5,32204.85,161024.25,36974.88,Net Banking
ORD1463,2024-05-21,Divya,Pen Set,Stationery,Ahmedabad,West,10,204.36,2043.6,176.5,Card
ORD1464,2024-12-19,Arjun,Notebook,Stationery,Kolkata,East,1,117.5,117.5,26.96,UPI
ORD1465,2024-06-04,Sneha,Backpack,Accessories,Ahmedabad,West,5,1942.93,9714.65,810.59,Cash
ORD1466,2024-08-14,Pooja,Desk,Furniture,Chennai,South,4,6488.14,25952.56,6374.4,Cash
ORD1467,2024-04-18,Neha,Keyboard,Electronics,Kolkata,East,10,1543.67,15436.7,1728.12,Net Banking
ORD1468,2024-09-20,Pooja,Backpack,Accessories,Ahmedabad,West,9,1932.19,17389.71,3818.31,Card
ORD1469,2024-09-25,Neha,Smartphone,Electronics,Pune,West,9,29420.31,264782.79,56316.07,UPI
ORD1470,2024-08-21,Ananya,Headphones,Electronics,Mumbai,West,4,2668.49,10673.96,1306.64,Cash
ORD1471,2024-07-22,Aisha,Backpack,Accessories,Mumbai,West,5,1752.61,8763.05,1392.6,UPI
ORD1472,2024-03-31,Sanjay,Pen Set,Stationery,Bengaluru,South,4,194.9,779.6,141.1,Net Banking
ORD1473,2024-12-18,Rahul,Notebook,Stationery,Delhi,North,6,111.92,671.52,155.84,Cash
ORD1474,2024-04-19,Sanjay,Laptop,Electronics,Kolkata,East,1,51291.98,51291.98,9093.24,Card
ORD1475,2024-01-11,Sanjay,Pen Set,Stationery,Mumbai,West,4,190.76,763.04,114.16,UPI
ORD1476,2024-05-09,Rohit,Desk,Furniture,Hyderabad,South,3,7141.6,21424.8,1744.81,Cash
ORD1477,2024-08-23,Sneha,Backpack,Accessories,Pune,West,7,1942.37,13596.59,3056.1,Card
ORD1478,2024-02-22,Ananya,Desk,Furniture,Pune,West,9,7454.04,67086.36,9896.31,Cash
ORD1479,2024-06-21,Sneha,Printer,Electronics,Pune,West,5,12442.59,62212.95,10072.0,Cash
ORD1480,2024-05-03,Neha,Keyboard,Electronics,Pune,West,5,1406.51,7032.55,1181.05,UPI
ORD1481,2024-12-01,Vikram,Notebook,Stationery,Kolkata,East,6,124.34,746.04,151.16,Cash
ORD1482,2024-12-28,Rohit,Keyboard,Electronics,Kolkata,East,7,1466.48,10265.36,882.86,Card
ORD1483,2024-12-09,Kiran,Mouse,Electronics,Mumbai,West,9,822.13,7399.17,1190.34,Cash
ORD1484,2024-05-12,Nikhil,Headphones,Electronics,Hyderabad,South,5,2298.8,11494.0,1169.52,Card
ORD1485,2024-06-06,Divya,Pen Set,Stationery,Delhi,North,2,188.89,377.78,44.57,Cash
ORD1486,2024-08-28,Ananya,Mouse,Electronics,Pune,West,10,767.05,7670.5,1723.61,UPI
ORD1487,2024-09-28,Sneha,Desk,Furniture,Mumbai,West,9,6467.74,58209.66,11392.71,Net Banking
ORD1488,2024-10-18,Neha,Laptop,Electronics,Hyderabad,South,3,60415.83,181247.49,25058.17,Net Banking
ORD1489,2024-11-19,Priya,Headphones,Electronics,Delhi,North,3,2639.47,7918.41,1289.82,Cash
ORD1490,2024-03-27,Rohit,Pen Set,Stationery,Bengaluru,South,1,198.08,198.08,22.9,Card
ORD1491,2024-07-25,Divya,Desk,Furniture,Chennai,South,3,7160.27,21480.81,4031.8,Net Banking
ORD1492,2024-01-08,Neha,Office Chair,Furniture,Bengaluru,South,1,8557.43,8557.43,1747.53,Cash
ORD1493,2024-05-07,Arjun,Printer,Electronics,Mumbai,West,1,12424.2,12424.2,2317.57,Cash
ORD1494,2024-03-26,Rahul,Keyboard,Electronics,Hyderabad,South,2,1465.07,2930.14,527.64,UPI
ORD1495,2024-06-21,Divya,Keyboard,Electronics,Pune,West,8,1568.35,12546.8,2275.77,Card
ORD1496,2024-07-25,Ananya,Mouse,Electronics,Ahmedabad,West,6,840.02,5040.12,544.49,Card
ORD1497,2024-03-27,Rahul,Monitor,Electronics,Hyderabad,South,4,15702.23,62808.92,11321.17,Cash
ORD1498,2024-09-30,Rohit,Backpack,Accessories,Bengaluru,South,7,1935.56,13548.92,1673.08,UPI
ORD1499,2024-12-19,Rahul,Notebook,Stationery,Bengaluru,South,2,123.69,247.38,20.62,Net Banking
ORD1500,2024-03-19,Arjun,Desk,Furniture,Kolkata,East,2,7066.2,14132.4,2270.33,UPI
ORD1501,2024-11-06,Nikhil,Keyboard,Electronics,Kolkata,East,2,1548.74,3097.48,389.96,Card
ORD1502,2024-02-28,Pooja,Office Chair,Furniture,Chennai,South,9,8871.9,79847.1,7985.9,UPI
ORD1503,2024-09-24,Arjun,Desk,Furniture,Mumbai,West,10,6579.65,65796.5,8205.41,Cash
ORD1504,2024-04-16,Nikhil,Backpack,Accessories,Kolkata,East,5,1677.73,8388.65,1452.78,Net Banking
ORD1505,2024-02-26,Sanjay,Mouse,Electronics,Mumbai,West,1,722.04,722.04,68.69,Net Banking
ORD1506,2024-05-11,Aisha,Headphones,Electronics,Chennai,South,9,2287.52,20587.68,4179.46,Card
ORD1507,2024-03-30,Sanjay,Desk,Furniture,Pune,West,5,6949.99,34749.95,3369.62,UPI
ORD1508,2024-01-24,Ananya,Keyboard,Electronics,Delhi,North,6,1477.8,8866.8,884.05,Card
ORD1509,2024-11-14,Sneha,Pen Set,Stationery,Hyderabad,South,6,194.3,1165.8,180.01,UPI
ORD1510,2024-08-21,Sneha,Mouse,Electronics,Delhi,North,3,738.21,2214.63,327.86,Net Banking
ORD1511,2024-02-27,Priya,Backpack,Accessories,Ahmedabad,West,7,1853.58,12975.06,2795.8,UPI
ORD1512,2024-10-18,Aisha,Headphones,Electronics,Chennai,South,7,2705.61,18939.27,3069.2,Net Banking
ORD1513,2024-03-07,Vikram,Headphones,Electronics,Kolkata,East,6,2555.68,15334.08,3475.28,Net Banking
ORD1514,2024-06-09,Ananya,Smartphone,Electronics,Kolkata,East,8,27275.83,218206.64,27161.09,Card
ORD1515,2024-02-18,Divya,Pen Set,Stationery,Delhi,North,9,200.92,1808.28,360.03,Card
ORD1516,2024-11-09,Ananya,Desk,Furniture,Delhi,North,7,6508.12,45556.84,10045.03,UPI
ORD1517,2024-03-25,Rahul,Pen Set,Stationery,Hyderabad,South,9,213.95,1925.55,432.9,Net Banking
ORD1518,2024-04-24,Meera,Mouse,Electronics,Mumbai,West,6,875.22,5251.32,465.05,Net Banking
ORD1519,2024-08-17,Rahul,Office Chair,Furniture,Mumbai,West,2,8430.46,16860.92,3645.57,Net Banking
ORD1520,2024-01-10,Rahul,Desk,Furniture,Delhi,North,2,7672.94,15345.88,3171.85,Net Banking
ORD1521,2024-11-05,Rohit,Office Chair,Furniture,Bengaluru,South,9,8583.47,77251.23,17026.52,Cash
ORD1522,2024-01-28,Sanjay,Printer,Electronics,Mumbai,West,8,13080.85,104646.8,14835.59,Card
ORD1523,2024-12-02,Kiran,Desk,Furniture,Delhi,North,9,7374.38,66369.42,12078.68,Net Banking
ORD1524,2024-11-20,Pooja,Smartphone,Electronics,Chennai,South,4,27013.18,108052.72,15167.75,Cash
ORD1525,2024-03-12,Sanjay,Printer,Electronics,Delhi,North,2,10909.87,21819.74,2354.49,Net Banking
ORD1526,2024-07-20,Arjun,Smartphone,Electronics,Pune,West,10,28175.53,281755.3,28323.96,Net Banking
ORD1527,2024-11-20,Sanjay,Monitor,Electronics,Delhi,North,2,15771.45,31542.9,2772.78,UPI
ORD1528,2024-09-12,Ananya,Desk,Furniture,Ahmedabad,West,10,7638.67,76386.7,7859.28,UPI
ORD1529,2024-03-31,Nikhil,Printer,Electronics,Kolkata,East,10,11959.04,119590.4,19901.83,Card
ORD1530,2024-06-13,Meera,Backpack,Accessories,Hyderabad,South,2,1759.47,3518.94,640.77,Net Banking
ORD1531,2024-05-30,Vikram,Office Chair,Furniture,Mumbai,West,5,8326.38,41631.9,5757.11,Card
ORD1532,2024-06-02,Sanjay,Headphones,Electronics,Kolkata,East,10,2600.01,26000.1,5388.07,Cash
ORD1533,2024-12-17,Kiran,Backpack,Accessories,Mumbai,West,4,1695.5,6782.0,1366.2,Card
ORD1534,2024-12-29,Rahul,Backpack,Accessories,Hyderabad,South,9,1815.3,16337.7,3075.89,Cash
ORD1535,2024-08-01,Aisha,Printer,Electronics,Ahmedabad,West,10,12169.53,121695.3,23537.91,Cash
ORD1536,2024-01-28,Aisha,Office Chair,Furniture,Bengaluru,South,9,7831.0,70479.0,10201.69,UPI
ORD1537,2024-03-15,Sanjay,Monitor,Electronics,Pune,West,3,16450.6,49351.8,9681.66,UPI
ORD1538,2024-08-19,Rahul,Backpack,Accessories,Pune,West,4,1891.29,7565.16,646.76,Card
ORD1539,2024-12-22,Sneha,Backpack,Accessories,Kolkata,East,4,1803.93,7215.72,1554.71,UPI
ORD1540,2024-06-09,Meera,Office Chair,Furniture,Kolkata,East,7,9276.39,64934.73,15966.79,UPI
ORD1541,2024-08-14,Sanjay,Laptop,Electronics,Pune,West,4,56326.18,225304.72,47935.21,Card
ORD1542,2024-04-09,Sneha,Pen Set,Stationery,Delhi,North,10,201.86,2018.6,368.55,Net Banking
ORD1543,2024-03-02,Divya,Headphones,Electronics,Chennai,South,3,2731.24,8193.72,1679.41,UPI
ORD1544,2024-05-10,Ananya,Office Chair,Furniture,Pune,West,9,8099.21,72892.89,7825.63,Cash
ORD1545,2024-01-27,Pooja,Desk,Furniture,Hyderabad,South,1,6515.18,6515.18,878.55,Cash
ORD1546,2024-04-22,Priya,Desk,Furniture,Delhi,North,2,7397.64,14795.28,1983.1,UPI
ORD1547,2024-06-27,Arjun,Printer,Electronics,Hyderabad,South,7,12103.39,84723.73,12588.33,Card
ORD1548,2024-11-12,Meera,Pen Set,Stationery,Delhi,North,6,194.43,1166.58,136.65,Net Banking
ORD1549,2024-11-24,Rohit,Printer,Electronics,Bengaluru,South,2,12405.45,24810.9,3864.63,Card
ORD1550,2024-07-16,Sneha,Laptop,Electronics,Delhi,North,7,59575.26,417026.82,100356.63,Cash
ORD1551,2024-01-23,Sneha,Laptop,Electronics,Delhi,North,9,58330.98,524978.82,81762.65,Card
ORD1552,2024-10-02,Meera,Mouse,Electronics,Chennai,South,2,746.78,1493.56,362.29,UPI
ORD1553,2024-12-16,Divya,Pen Set,Stationery,Chennai,South,4,206.81,827.24,174.97,UPI
ORD1554,2024-08-23,Nikhil,Monitor,Electronics,Kolkata,East,2,15740.67,31481.34,3341.38,Cash
ORD1555,2024-10-12,Rahul,Laptop,Electronics,Chennai,South,2,50096.95,100193.9,21543.34,Card
ORD1556,2024-06-10,Ananya,Keyboard,Electronics,Kolkata,East,7,1485.34,10397.38,1546.67,Net Banking
ORD1557,2024-02-02,Pooja,Pen Set,Stationery,Chennai,South,9,180.24,1622.16,328.4,UPI
ORD1558,2024-12-17,Sneha,Backpack,Accessories,Chennai,South,6,1954.1,11724.6,1149.52,UPI
ORD1559,2024-08-30,Priya,Keyboard,Electronics,Ahmedabad,West,7,1468.53,10279.71,1977.02,Card
ORD1560,2024-06-01,Aisha,Headphones,Electronics,Kolkata,East,9,2397.49,21577.41,4051.97,Cash
ORD1561,2024-07-20,Meera,Laptop,Electronics,Hyderabad,South,2,49959.5,99919.0,17721.85,UPI
ORD1562,2024-09-19,Priya,Keyboard,Electronics,Mumbai,West,6,1413.52,8481.12,1984.22,Card
ORD1563,2024-04-02,Aisha,Headphones,Electronics,Mumbai,West,10,2667.37,26673.7,3015.07,UPI
ORD1564,2024-05-08,Rahul,Printer,Electronics,Ahmedabad,West,9,10975.55,98779.95,19181.73,Card
ORD1565,2024-04-30,Rahul,Backpack,Accessories,Ahmedabad,West,6,1748.57,10491.42,2036.6,Cash
ORD1566,2024-11-11,Aisha,Notebook,Stationery,Chennai,South,4,115.63,462.52,72.44,Cash
ORD1567,2024-08-07,Priya,Backpack,Accessories,Hyderabad,South,10,1824.07,18240.7,3963.87,UPI
ORD1568,2024-05-21,Sanjay,Mouse,Electronics,Mumbai,West,4,833.95,3335.8,630.27,Cash
ORD1569,2024-06-05,Vikram,Headphones,Electronics,Delhi,North,8,2481.42,19851.36,2798.77,UPI
ORD1570,2024-10-02,Arjun,Headphones,Electronics,Chennai,South,5,2679.36,13396.8,1390.59,Cash
ORD1571,2024-11-19,Ananya,Backpack,Accessories,Chennai,South,2,1941.16,3882.32,871.31,Net Banking
ORD1572,2024-10-03,Vikram,Notebook,Stationery,Mumbai,West,1,121.24,121.24,20.9,Card
ORD1573,2024-05-28,Priya,Mouse,Electronics,Kolkata,East,4,862.63,3450.52,621.89,Net Banking
ORD1574,2024-05-02,Sanjay,Printer,Electronics,Chennai,South,7,11673.28,81712.96,6684.17,Card
ORD1575,2024-10-16,Aisha,Printer,Electronics,Hyderabad,South,8,11182.13,89457.04,15769.55,Card
ORD1576,2024-04-28,Rahul,Backpack,Accessories,Ahmedabad,West,6,1634.55,9807.3,2054.14,Cash
ORD1577,2024-07-03,Divya,Mouse,Electronics,Mumbai,West,1,826.97,826.97,138.96,Net Banking
ORD1578,2024-12-26,Meera,Desk,Furniture,Bengaluru,South,1,7672.83,7672.83,1036.54,Cash
ORD1579,2024-11-30,Divya,Backpack,Accessories,Pune,West,10,1815.97,18159.7,1989.48,Cash
ORD1580,2024-04-24,Meera,Notebook,Stationery,Chennai,South,9,114.04,1026.36,251.82,Net Banking
ORD1581,2024-01-04,Meera,Mouse,Electronics,Delhi,North,8,846.83,6774.64,1563.72,Card
ORD1582,2024-04-18,Priya,Desk,Furniture,Hyderabad,South,4,6407.92,25631.68,4854.41,Card
ORD1583,2024-04-27,Divya,Headphones,Electronics,Delhi,North,10,2608.65,26086.5,2611.68,Cash
ORD1584,2024-10-29,Priya,Backpack,Accessories,Chennai,South,8,1863.08,14904.64,2406.11,Net Banking
ORD1585,2024-03-09,Aisha,Laptop,Electronics,Mumbai,West,1,50906.74,50906.74,9198.8,UPI
ORD1586,2024-09-21,Divya,Notebook,Stationery,Hyderabad,South,1,111.99,111.99,26.52,UPI
ORD1587,2024-08-29,Sanjay,Backpack,Accessories,Pune,West,2,1697.97,3395.94,621.83,Net Banking
ORD1588,2024-04-03,Rohit,Headphones,Electronics,Mumbai,West,7,2550.42,17852.94,3839.89,Cash
ORD1589,2024-07-12,Divya,Headphones,Electronics,Delhi,North,8,2548.27,20386.16,1869.48,Card
ORD1590,2024-12-16,Divya,Smartphone,Electronics,Bengaluru,South,4,30136.27,120545.08,28278.39,Card
ORD1591,2024-01-20,Neha,Notebook,Stationery,Chennai,South,3,119.42,358.26,66.1,UPI
ORD1592,2024-01-01,Neha,Smartphone,Electronics,Ahmedabad,West,3,32411.91,97235.73,16693.3,Net Banking
ORD1593,2024-08-07,Arjun,Printer,Electronics,Kolkata,East,6,12899.58,77397.48,15371.08,Net Banking
ORD1594,2024-12-22,Rohit,Office Chair,Furniture,Delhi,North,10,9017.86,90178.6,21132.09,UPI
ORD1595,2024-02-12,Sneha,Office Chair,Furniture,Hyderabad,South,5,8461.14,42305.7,5056.68,Net Banking
ORD1596,2024-10-22,Meera,Keyboard,Electronics,Mumbai,West,1,1562.74,1562.74,334.74,UPI
ORD1597,2024-06-10,Divya,Printer,Electronics,Bengaluru,South,7,12370.91,86596.37,17052.59,Cash
ORD1598,2024-10-01,Divya,Smartphone,Electronics,Hyderabad,South,7,30909.46,216366.22,26638.48,Cash
ORD1599,2024-10-12,Vikram,Notebook,Stationery,Pune,West,7,126.12,882.84,132.65,Card
ORD1600,2024-12-27,Divya,Mouse,Electronics,Ahmedabad,West,5,878.16,4390.8,782.44,Card
ORD1601,2024-03-23,Rahul,Pen Set,Stationery,Chennai,South,4,197.86,791.44,157.4,Card
ORD1602,2024-12-16,Nikhil,Printer,Electronics,Kolkata,East,6,12722.05,76332.3,14074.48,UPI
ORD1603,2024-08-29,Neha,Headphones,Electronics,Kolkata,East,1,2652.18,2652.18,583.36,Net Banking
ORD1604,2024-01-20,Nikhil,Smartphone,Electronics,Chennai,South,5,28330.62,141653.1,13259.69,Net Banking
ORD1605,2024-03-30,Aisha,Office Chair,Furniture,Pune,West,10,7747.69,77476.9,16387.41,Net Banking
ORD1606,2024-09-22,Sneha,Desk,Furniture,Bengaluru,South,4,7490.79,29963.16,7138.09,Card
ORD1607,2024-05-02,Aisha,Laptop,Electronics,Mumbai,West,10,51364.31,513643.1,44240.28,UPI
ORD1608,2024-07-21,Divya,Headphones,Electronics,Chennai,South,5,2639.84,13199.2,1848.31,Card
ORD1609,2024-10-13,Neha,Printer,Electronics,Bengaluru,South,2,13006.03,26012.06,4511.29,Cash
ORD1610,2024-07-25,Rohit,Mouse,Electronics,Pune,West,4,817.02,3268.08,369.52,UPI
ORD1611,2024-09-14,Sneha,Keyboard,Electronics,Hyderabad,South,7,1501.87,10513.09,1839.45,Cash
ORD1612,2024-12-21,Vikram,Smartphone,Electronics,Pune,West,9,31878.88,286909.92,50993.06,Net Banking
ORD1613,2024-08-22,Aisha,Notebook,Stationery,Ahmedabad,West,4,126.18,504.72,122.85,Net Banking
ORD1614,2024-11-20,Pooja,Notebook,Stationery,Bengaluru,South,8,110.79,886.32,81.08,Card
ORD1615,2024-10-01,Ananya,Pen Set,Stationery,Mumbai,West,6,196.5,1179.0,165.09,Cash
ORD1616,2024-06-24,Rahul,Monitor,Electronics,Pune,West,2,14696.79,29393.58,6093.11,Card
ORD1617,2024-04-03,Nikhil,Desk,Furniture,Delhi,North,6,6605.99,39635.94,7036.61,Card
ORD1618,2024-04-15,Arjun,Desk,Furniture,Mumbai,West,4,7329.6,29318.4,6695.33,Card
ORD1619,2024-02-10,Aisha,Monitor,Electronics,Delhi,North,3,15836.82,47510.46,4769.07,Net Banking
ORD1620,2024-07-09,Rohit,Notebook,Stationery,Bengaluru,South,9,130.99,1178.91,264.27,Cash
ORD1621,2024-09-18,Sneha,Desk,Furniture,Pune,West,8,6556.02,52448.16,11010.16,Net Banking
ORD1622,2024-10-03,Ananya,Monitor,Electronics,Hyderabad,South,1,15077.21,15077.21,2290.83,Cash
ORD1623,2024-08-23,Kiran,Office Chair,Furniture,Hyderabad,South,8,9310.06,74480.48,14799.39,UPI
ORD1624,2024-11-09,Sanjay,Laptop,Electronics,Mumbai,West,7,55891.09,391237.63,52943.9,Cash
ORD1625,2024-06-24,Kiran,Headphones,Electronics,Pune,West,4,2384.7,9538.8,2317.45,Card
ORD1626,2024-07-05,Sanjay,Desk,Furniture,Kolkata,East,4,6886.73,27546.92,5726.27,Net Banking
ORD1627,2024-12-17,Arjun,Keyboard,Electronics,Ahmedabad,West,3,1521.42,4564.26,1124.98,UPI
ORD1628,2024-04-10,Priya,Backpack,Accessories,Pune,West,4,1819.92,7279.68,1642.1,Card
ORD1629,2024-11-18,Meera,Desk,Furniture,Bengaluru,South,3,6890.13,20670.39,2126.16,Cash
ORD1630,2024-07-22,Rahul,Desk,Furniture,Pune,West,5,7086.99,35434.95,6255.4,Card
ORD1631,2024-08-18,Nikhil,Laptop,Electronics,Mumbai,West,5,54741.93,273709.65,51204.66,Cash
ORD1632,2024-05-11,Kiran,Keyboard,Electronics,Delhi,North,6,1518.11,9108.66,2171.63,UPI
ORD1633,2024-04-11,Rohit,Office Chair,Furniture,Chennai,South,6,9124.53,54747.18,13343.52,Card
ORD1634,2024-08-16,Neha,Keyboard,Electronics,Delhi,North,6,1551.96,9311.76,1516.64,UPI
ORD1635,2024-03-26,Aisha,Office Chair,Furniture,Pune,West,8,8723.91,69791.28,7301.86,Cash
ORD1636,2024-06-09,Kiran,Office Chair,Furniture,Kolkata,East,2,7784.49,15568.98,2155.0,Cash
ORD1637,2024-08-15,Pooja,Backpack,Accessories,Pune,West,10,1852.07,18520.7,2335.69,Cash
ORD1638,2024-03-05,Nikhil,Backpack,Accessories,Ahmedabad,West,7,1680.23,11761.61,2648.9,Card
ORD1639,2024-02-18,Rahul,Pen Set,Stationery,Pune,West,2,188.42,376.84,55.58,Net Banking
ORD1640,2024-02-12,Rahul,Printer,Electronics,Bengaluru,South,1,12650.24,12650.24,2138.87,Cash
ORD1641,2024-06-07,Arjun,Notebook,Stationery,Hyderabad,South,2,123.72,247.44,57.04,Card
ORD1642,2024-03-28,Ananya,Backpack,Accessories,Pune,West,8,1845.53,14764.24,1510.63,UPI
ORD1643,2024-10-03,Neha,Pen Set,Stationery,Delhi,North,6,214.57,1287.42,205.24,Cash
ORD1644,2024-03-31,Rohit,Printer,Electronics,Ahmedabad,West,3,13126.9,39380.7,7820.85,Net Banking
ORD1645,2024-06-26,Vikram,Pen Set,Stationery,Kolkata,East,9,205.59,1850.31,315.93,Card
ORD1646,2024-06-04,Ananya,Smartphone,Electronics,Ahmedabad,West,5,29194.7,145973.5,18125.12,UPI
ORD1647,2024-12-18,Neha,Printer,Electronics,Hyderabad,South,6,11488.23,68929.38,11784.64,Net Banking
ORD1648,2024-11-01,Arjun,Desk,Furniture,Pune,West,1,7372.22,7372.22,1589.85,UPI
ORD1649,2024-07-21,Arjun,Printer,Electronics,Delhi,North,4,11788.17,47152.68,8265.59,Card
ORD1650,2024-11-16,Arjun,Backpack,Accessories,Kolkata,East,7,1699.41,11895.87,1111.86,Cash
ORD1651,2024-03-10,Sneha,Keyboard,Electronics,Pune,West,7,1406.4,9844.8,902.17,UPI
ORD1652,2024-09-08,Arjun,Pen Set,Stationery,Ahmedabad,West,10,198.11,1981.1,394.4,Cash
ORD1653,2024-02-22,Sneha,Laptop,Electronics,Hyderabad,South,1,60166.88,60166.88,5039.71,Cash
ORD1654,2024-09-09,Arjun,Headphones,Electronics,Ahmedabad,West,1,2366.41,2366.41,249.93,Cash
ORD1655,2024-01-17,Kiran,Office Chair,Furniture,Pune,West,8,9346.54,74772.32,11875.82,UPI
ORD1656,2024-08-28,Priya,Headphones,Electronics,Bengaluru,South,5,2637.83,13189.15,1215.19,Card
ORD1657,2024-05-07,Divya,Keyboard,Electronics,Kolkata,East,1,1386.59,1386.59,291.99,Net Banking
ORD1658,2024-09-23,Aisha,Monitor,Electronics,Bengaluru,South,4,14882.5,59530.0,12564.96,Card
ORD1659,2024-01-22,Nikhil,Desk,Furniture,Kolkata,East,5,7610.7,38053.5,4070.35,UPI
ORD1660,2024-12-07,Arjun,Keyboard,Electronics,Ahmedabad,West,5,1409.62,7048.1,1627.25,UPI
ORD1661,2024-10-26,Rahul,Monitor,Electronics,Kolkata,East,6,13545.2,81271.2,17477.08,Net Banking
ORD1662,2024-12-18,Rohit,Monitor,Electronics,Bengaluru,South,1,15243.23,15243.23,3009.44,Card
ORD1663,2024-11-12,Kiran,Mouse,Electronics,Chennai,South,4,745.23,2980.92,284.79,UPI
ORD1664,2024-03-05,Vikram,Laptop,Electronics,Delhi,North,3,57214.61,171643.83,36826.06,Card
ORD1665,2024-07-12,Kiran,Mouse,Electronics,Delhi,North,8,837.31,6698.48,560.19,Card
ORD1666,2024-10-04,Nikhil,Keyboard,Electronics,Bengaluru,South,8,1561.99,12495.92,2187.21,Net Banking
ORD1667,2024-05-20,Sanjay,Monitor,Electronics,Hyderabad,South,9,14542.99,130886.91,26767.47,Card
ORD1668,2024-07-06,Vikram,Smartphone,Electronics,Hyderabad,South,8,28774.04,230192.32,28720.95,UPI
ORD1669,2024-07-05,Pooja,Pen Set,Stationery,Kolkata,East,3,215.32,645.96,119.73,Card
ORD1670,2024-12-15,Vikram,Mouse,Electronics,Chennai,South,9,851.05,7659.45,859.99,Card
ORD1671,2024-02-19,Meera,Notebook,Stationery,Pune,West,6,117.84,707.04,95.27,UPI
ORD1672,2024-09-05,Arjun,Laptop,Electronics,Hyderabad,South,3,59108.42,177325.26,20277.75,UPI
ORD1673,2024-05-11,Ananya,Laptop,Electronics,Kolkata,East,8,55284.03,442272.24,88110.97,Cash
ORD1674,2024-09-08,Neha,Monitor,Electronics,Chennai,South,1,16290.63,16290.63,1881.33,UPI
ORD1675,2024-07-31,Sanjay,Desk,Furniture,Bengaluru,South,6,7081.23,42487.38,10175.79,Cash
ORD1676,2024-02-06,Sanjay,Backpack,Accessories,Bengaluru,South,10,1715.69,17156.9,1491.12,Cash
ORD1677,2024-09-29,Divya,Smartphone,Electronics,Mumbai,West,9,27582.72,248244.48,50462.95,Card
ORD1678,2024-10-12,Divya,Monitor,Electronics,Mumbai,West,10,15375.98,153759.8,16977.03,UPI
ORD1679,2024-02-23,Priya,Pen Set,Stationery,Delhi,North,8,208.1,1664.8,254.05,Card
ORD1680,2024-11-03,Vikram,Printer,Electronics,Kolkata,East,9,11610.03,104490.27,11168.96,Cash
ORD1681,2024-06-14,Rohit,Mouse,Electronics,Delhi,North,6,785.97,4715.82,884.93,Card
ORD1682,2024-05-10,Kiran,Notebook,Stationery,Mumbai,West,7,126.38,884.66,210.06,Net Banking
ORD1683,2024-11-01,Ananya,Desk,Furniture,Kolkata,East,1,7316.84,7316.84,1808.01,Card
ORD1684,2024-06-10,Ananya,Keyboard,Electronics,Bengaluru,South,5,1645.32,8226.6,958.56,Cash
ORD1685,2024-03-11,Sneha,Printer,Electronics,Hyderabad,South,2,10890.57,21781.14,3059.41,Cash
ORD1686,2024-10-19,Divya,Notebook,Stationery,Mumbai,West,4,114.15,456.6,59.84,Card
ORD1687,2024-12-19,Nikhil,Backpack,Accessories,Chennai,South,6,1905.45,11432.7,1250.66,UPI
ORD1688,2024-02-10,Pooja,Notebook,Stationery,Pune,West,1,125.54,125.54,22.34,UPI
ORD1689,2024-04-26,Nikhil,Mouse,Electronics,Delhi,North,7,786.64,5506.48,1252.9,UPI
ORD1690,2024-10-03,Rohit,Pen Set,Stationery,Kolkata,East,1,192.19,192.19,16.72,Card
ORD1691,2024-07-20,Vikram,Mouse,Electronics,Mumbai,West,3,728.08,2184.24,446.39,UPI
ORD1692,2024-06-21,Rahul,Monitor,Electronics,Kolkata,East,5,15859.1,79295.5,8338.88,Net Banking
ORD1693,2024-09-13,Divya,Notebook,Stationery,Bengaluru,South,9,117.58,1058.22,99.96,Card
ORD1694,2024-10-19,Arjun,Headphones,Electronics,Ahmedabad,West,9,2349.05,21141.45,3112.11,Card
ORD1695,2024-10-21,Rahul,Monitor,Electronics,Chennai,South,5,15830.32,79151.6,10683.88,UPI
ORD1696,2024-06-25,Rohit,Pen Set,Stationery,Kolkata,East,7,194.61,1362.27,153.1,UPI
ORD1697,2024-08-14,Rohit,Keyboard,Electronics,Hyderabad,South,6,1534.87,9209.22,2286.9,Card
ORD1698,2024-02-13,Rahul,Desk,Furniture,Bengaluru,South,4,6579.56,26318.24,3777.97,UPI
ORD1699,2024-02-26,Sneha,Monitor,Electronics,Hyderabad,South,5,13541.2,67706.0,13402.08,Net Banking
ORD1700,2024-04-14,Meera,Desk,Furniture,Bengaluru,South,6,6592.61,39555.66,6782.25,Cash
ORD1701,2024-12-23,Aisha,Printer,Electronics,Ahmedabad,West,10,12551.82,125518.2,13057.54,UPI
ORD1702,2024-12-22,Rohit,Office Chair,Furniture,Bengaluru,South,5,7939.54,39697.7,5092.51,Cash
ORD1703,2024-12-05,Sanjay,Laptop,Electronics,Ahmedabad,West,1,50232.58,50232.58,9657.89,Cash
ORD1704,2024-04-28,Divya,Smartphone,Electronics,Bengaluru,South,5,32204.46,161022.3,30658.63,UPI
ORD1705,2024-09-13,Vikram,Mouse,Electronics,Ahmedabad,West,10,805.05,8050.5,899.17,UPI
ORD1706,2024-03-21,Ananya,Laptop,Electronics,Mumbai,West,9,52854.2,475687.8,77674.39,Cash
ORD1707,2024-09-13,Sneha,Pen Set,Stationery,Delhi,North,6,205.01,1230.06,147.8,UPI
ORD1708,2024-01-16,Meera,Pen Set,Stationery,Pune,West,7,215.62,1509.34,329.83,Cash
ORD1709,2024-02-14,Nikhil,Monitor,Electronics,Hyderabad,South,6,16191.53,97149.18,18621.4,Net Banking
ORD1710,2024-06-08,Neha,Printer,Electronics,Mumbai,West,7,11376.87,79638.09,8439.04,Cash
ORD1711,2024-12-16,Pooja,Desk,Furniture,Hyderabad,South,4,7213.46,28853.84,5158.35,Card
ORD1712,2024-03-15,Aisha,Headphones,Electronics,Pune,West,9,2704.78,24343.02,3727.18,Card
ORD1713,2024-04-04,Kiran,Mouse,Electronics,Chennai,South,9,805.27,7247.43,1466.19,Card
ORD1714,2024-07-29,Sneha,Backpack,Accessories,Bengaluru,South,6,1936.85,11621.1,1747.66,Net Banking
ORD1715,2024-04-04,Ananya,Backpack,Accessories,Pune,West,3,1900.48,5701.44,559.6,Cash
ORD1716,2024-07-02,Rahul,Notebook,Stationery,Mumbai,West,10,113.57,1135.7,223.57,Net Banking
ORD1717,2024-08-30,Priya,Headphones,Electronics,Ahmedabad,West,6,2341.99,14051.94,2049.73,Card
ORD1718,2024-05-18,Divya,Monitor,Electronics,Mumbai,West,1,14725.77,14725.77,3603.37,Card
ORD1719,2024-08-12,Sanjay,Backpack,Accessories,Mumbai,West,4,1643.81,6575.24,1562.33,Net Banking
ORD1720,2024-01-22,Rohit,Backpack,Accessories,Delhi,North,8,1939.53,15516.24,2369.09,Net Banking
ORD1721,2024-10-31,Meera,Backpack,Accessories,Delhi,North,7,1840.14,12880.98,2656.31,UPI
ORD1722,2024-05-05,Meera,Printer,Electronics,Chennai,South,8,11896.56,95172.48,21815.47,Net Banking
ORD1723,2024-01-26,Arjun,Backpack,Accessories,Bengaluru,South,9,1759.46,15835.14,3326.6,Cash
ORD1724,2024-03-26,Divya,Desk,Furniture,Kolkata,East,5,7383.15,36915.75,4747.57,Cash
ORD1725,2024-11-26,Vikram,Notebook,Stationery,Bengaluru,South,9,129.69,1167.21,185.36,UPI
ORD1726,2024-12-22,Meera,Backpack,Accessories,Chennai,South,3,1900.34,5701.02,1365.01,Card
ORD1727,2024-10-29,Neha,Office Chair,Furniture,Kolkata,East,6,8416.51,50499.06,5575.57,Card
ORD1728,2024-12-30,Pooja,Desk,Furniture,Chennai,South,5,6753.7,33768.5,6424.73,Card
ORD1729,2024-07-04,Rahul,Backpack,Accessories,Chennai,South,2,1661.1,3322.2,519.58,Net Banking
ORD1730,2024-03-28,Neha,Backpack,Accessories,Hyderabad,South,7,1818.12,12726.84,1113.14,Cash
ORD1731,2024-12-30,Ananya,Notebook,Stationery,Hyderabad,South,3,128.85,386.55,42.68,Net Banking
ORD1732,2024-03-08,Arjun,Keyboard,Electronics,Pune,West,8,1436.63,11493.04,1272.49,UPI
ORD1733,2024-10-05,Pooja,Notebook,Stationery,Pune,West,1,119.01,119.01,26.83,UPI
ORD1734,2024-08-20,Divya,Notebook,Stationery,Ahmedabad,West,4,113.2,452.8,86.99,Net Banking
ORD1735,2024-11-17,Meera,Smartphone,Electronics,Bengaluru,South,4,32293.01,129172.04,16440.91,Card
ORD1736,2024-03-15,Sanjay,Laptop,Electronics,Hyderabad,South,3,50105.7,150317.1,20944.19,UPI
ORD1737,2024-08-01,Priya,Pen Set,Stationery,Pune,West,6,216.82,1300.92,114.92,Card
ORD1738,2024-10-20,Pooja,Pen Set,Stationery,Pune,West,10,206.44,2064.4,410.76,Card
ORD1739,2024-07-07,Neha,Desk,Furniture,Delhi,North,1,6430.38,6430.38,841.61,Net Banking
ORD1740,2024-03-03,Nikhil,Smartphone,Electronics,Kolkata,East,9,27389.56,246506.04,39450.55,Cash
ORD1741,2024-01-30,Rahul,Mouse,Electronics,Kolkata,East,9,753.58,6782.22,783.61,UPI
ORD1742,2024-09-26,Rohit,Desk,Furniture,Pune,West,7,7152.38,50066.66,6699.07,Cash
ORD1743,2024-04-02,Neha,Headphones,Electronics,Ahmedabad,West,9,2614.59,23531.31,3873.63,Card
ORD1744,2024-11-16,Pooja,Backpack,Accessories,Pune,West,4,1620.57,6482.28,545.02,UPI
ORD1745,2024-06-19,Kiran,Backpack,Accessories,Mumbai,West,10,1979.64,19796.4,2977.12,Card
ORD1746,2024-06-02,Meera,Laptop,Electronics,Mumbai,West,5,52298.59,261492.95,23935.01,Cash
ORD1747,2024-11-11,Ananya,Laptop,Electronics,Chennai,South,6,53254.98,319529.88,64911.67,Card
ORD1748,2024-08-30,Pooja,Monitor,Electronics,Delhi,North,6,16266.84,97601.04,15757.53,UPI
ORD1749,2024-10-01,Neha,Pen Set,Stationery,Hyderabad,South,8,186.22,1489.76,235.84,Cash
ORD1750,2024-12-13,Kiran,Desk,Furniture,Kolkata,East,1,7469.15,7469.15,977.63,UPI
ORD1751,2024-01-16,Kiran,Monitor,Electronics,Delhi,North,6,13698.64,82191.84,8661.53,Net Banking
ORD1752,2024-02-29,Sanjay,Pen Set,Stationery,Hyderabad,South,10,204.23,2042.3,228.44,Cash
ORD1753,2024-05-01,Kiran,Backpack,Accessories,Delhi,North,1,1717.74,1717.74,162.77,Net Banking
ORD1754,2024-01-20,Pooja,Keyboard,Electronics,Mumbai,West,9,1440.7,12966.3,1284.69,Card
ORD1755,2024-09-13,Priya,Smartphone,Electronics,Ahmedabad,West,9,27149.61,244346.49,39597.02,Card
ORD1756,2024-02-20,Sanjay,Mouse,Electronics,Ahmedabad,West,9,769.66,6926.94,939.62,Card
ORD1757,2024-02-29,Ananya,Monitor,Electronics,Bengaluru,South,8,14662.76,117302.08,26629.65,Cash
ORD1758,2024-09-23,Pooja,Laptop,Electronics,Chennai,South,6,54635.63,327813.78,28796.4,Cash
ORD1759,2024-05-21,Meera,Laptop,Electronics,Pune,West,4,53029.68,212118.72,23912.73,Cash
ORD1760,2024-01-08,Rohit,Desk,Furniture,Chennai,South,5,6509.05,32545.25,4117.57,UPI
ORD1761,2024-12-26,Pooja,Monitor,Electronics,Delhi,North,9,14455.45,130099.05,13538.71,Cash
ORD1762,2024-06-22,Meera,Notebook,Stationery,Mumbai,West,3,109.71,329.13,60.64,Net Banking
ORD1763,2024-02-24,Divya,Laptop,Electronics,Hyderabad,South,1,54678.09,54678.09,10653.17,UPI
ORD1764,2024-10-30,Aisha,Smartphone,Electronics,Kolkata,East,7,28073.9,196517.3,35636.57,Net Banking
ORD1765,2024-12-09,Pooja,Notebook,Stationery,Delhi,North,5,115.98,579.9,65.93,UPI
ORD1766,2024-08-27,Rahul,Desk,Furniture,Hyderabad,South,2,7437.99,14875.98,3515.9,Net Banking
ORD1767,2024-11-11,Sneha,Keyboard,Electronics,Ahmedabad,West,8,1419.51,11356.08,1340.53,Cash
ORD1768,2024-08-20,Vikram,Office Chair,Furniture,Hyderabad,South,6,8990.92,53945.52,12407.94,UPI
ORD1769,2024-03-28,Sneha,Smartphone,Electronics,Ahmedabad,West,2,29108.64,58217.28,9222.26,Cash
ORD1770,2024-02-24,Kiran,Notebook,Stationery,Hyderabad,South,9,110.47,994.23,217.72,UPI
ORD1771,2024-05-04,Meera,Keyboard,Electronics,Ahmedabad,West,7,1527.16,10690.12,1288.78,Card
ORD1772,2024-10-29,Divya,Desk,Furniture,Kolkata,East,2,6777.0,13554.0,2959.73,Net Banking
ORD1773,2024-12-08,Rahul,Notebook,Stationery,Delhi,North,9,124.66,1121.94,122.77,Net Banking
ORD1774,2024-03-31,Sneha,Smartphone,Electronics,Ahmedabad,West,6,30330.53,181983.18,39989.7,Net Banking
ORD1775,2024-09-10,Aisha,Smartphone,Electronics,Chennai,South,10,31628.06,316280.6,45675.62,UPI
ORD1776,2024-11-21,Pooja,Smartphone,Electronics,Mumbai,West,3,32323.57,96970.71,22647.85,UPI
ORD1777,2024-10-22,Vikram,Headphones,Electronics,Hyderabad,South,8,2515.63,20125.04,2944.23,Card
ORD1778,2024-06-04,Neha,Monitor,Electronics,Delhi,North,5,15210.83,76054.15,17891.34,Net Banking
ORD1779,2024-09-18,Divya,Backpack,Accessories,Delhi,North,2,1829.78,3659.56,673.19,Card
ORD1780,2024-01-01,Nikhil,Keyboard,Electronics,Bengaluru,South,6,1620.32,9721.92,2377.43,Cash
ORD1781,2024-07-20,Aisha,Smartphone,Electronics,Pune,West,1,28411.45,28411.45,5664.61,Cash
ORD1782,2024-12-05,Priya,Backpack,Accessories,Kolkata,East,7,1757.36,12301.52,2124.11,Net Banking
ORD1783,2024-08-01,Priya,Headphones,Electronics,Mumbai,West,9,2442.3,21980.7,5212.99,Cash
ORD1784,2024-03-14,Nikhil,Pen Set,Stationery,Hyderabad,South,3,180.46,541.38,102.98,Net Banking
ORD1785,2024-07-31,Sanjay,Pen Set,Stationery,Kolkata,East,3,183.39,550.17,104.08,Net Banking
ORD1786,2024-10-09,Sanjay,Backpack,Accessories,Kolkata,East,10,1684.73,16847.3,2806.77,Net Banking
ORD1787,2024-10-22,Vikram,Office Chair,Furniture,Delhi,North,4,7965.84,31863.36,5823.9,Card
ORD1788,2024-01-18,Ananya,Backpack,Accessories,Pune,West,7,1953.56,13674.92,2433.86,Net Banking
ORD1789,2024-02-10,Priya,Backpack,Accessories,Delhi,North,2,1828.9,3657.8,890.66,Cash
ORD1790,2024-08-29,Aisha,Desk,Furniture,Chennai,South,9,7545.88,67912.92,6454.16,UPI
ORD1791,2024-01-06,Vikram,Pen Set,Stationery,Pune,West,10,182.11,1821.1,252.05,Net Banking
ORD1792,2024-05-30,Sneha,Printer,Electronics,Ahmedabad,West,10,12561.15,125611.5,19039.28,Card
ORD1793,2024-10-23,Priya,Laptop,Electronics,Pune,West,10,52364.87,523648.7,97912.36,UPI
ORD1794,2024-03-05,Meera,Pen Set,Stationery,Pune,West,10,181.09,1810.9,294.11,UPI
ORD1795,2024-05-11,Ananya,Keyboard,Electronics,Pune,West,3,1534.74,4604.22,583.75,UPI
ORD1796,2024-07-08,Pooja,Notebook,Stationery,Hyderabad,South,10,125.74,1257.4,241.49,Card
ORD1797,2024-01-17,Kiran,Keyboard,Electronics,Mumbai,West,8,1404.24,11233.92,1905.9,UPI
ORD1798,2024-07-15,Arjun,Headphones,Electronics,Hyderabad,South,8,2626.38,21011.04,3155.88,Net Banking
ORD1799,2024-01-28,Aisha,Backpack,Accessories,Hyderabad,South,4,1827.99,7311.96,1631.38,Cash
ORD1800,2024-08-31,Nikhil,Smartphone,Electronics,Bengaluru,South,3,29784.09,89352.27,14382.09,Card
ORD1801,2024-08-10,Ananya,Office Chair,Furniture,Kolkata,East,8,8096.46,64771.68,11022.53,Cash
ORD1802,2024-01-22,Rahul,Desk,Furniture,Kolkata,East,6,7646.47,45878.82,8996.33,Cash
ORD1803,2024-05-10,Aisha,Office Chair,Furniture,Pune,West,6,8109.55,48657.3,10529.14,Net Banking
ORD1804,2024-12-12,Nikhil,Desk,Furniture,Mumbai,West,10,7378.7,73787.0,12425.13,Card
ORD1805,2024-02-20,Meera,Mouse,Electronics,Bengaluru,South,1,853.07,853.07,69.98,UPI
ORD1806,2024-04-08,Ananya,Pen Set,Stationery,Ahmedabad,West,6,188.78,1132.68,145.16,UPI
ORD1807,2024-04-21,Rohit,Notebook,Stationery,Chennai,South,1,130.52,130.52,25.01,UPI
ORD1808,2024-12-02,Pooja,Backpack,Accessories,Chennai,South,2,1928.32,3856.64,393.7,Card
ORD1809,2024-02-08,Aisha,Smartphone,Electronics,Hyderabad,South,5,28767.41,143837.05,27657.17,Net Banking
ORD1810,2024-05-21,Pooja,Keyboard,Electronics,Kolkata,East,6,1427.2,8563.2,1821.6,UPI
ORD1811,2024-05-15,Priya,Office Chair,Furniture,Kolkata,East,6,9343.13,56058.78,6945.71,Net Banking
ORD1812,2024-09-08,Rahul,Smartphone,Electronics,Ahmedabad,West,4,30661.81,122647.24,13532.3,Card
ORD1813,2024-08-14,Nikhil,Printer,Electronics,Kolkata,East,4,12273.52,49094.08,4814.29,Cash
ORD1814,2024-08-16,Ananya,Smartphone,Electronics,Bengaluru,South,2,27422.47,54844.94,11170.96,Net Banking
ORD1815,2024-12-24,Kiran,Headphones,Electronics,Bengaluru,South,1,2582.3,2582.3,323.55,Net Banking
ORD1816,2024-09-01,Divya,Notebook,Stationery,Bengaluru,South,9,124.98,1124.82,237.41,Net Banking
ORD1817,2024-12-18,Sanjay,Backpack,Accessories,Chennai,South,9,1701.3,15311.7,2225.59,Net Banking
ORD1818,2024-11-19,Aisha,Smartphone,Electronics,Delhi,North,6,31091.01,186546.06,27628.31,UPI
ORD1819,2024-05-28,Aisha,Mouse,Electronics,Delhi,North,2,854.59,1709.18,357.69,Card
ORD1820,2024-07-18,Neha,Headphones,Electronics,Bengaluru,South,7,2580.37,18062.59,2362.73,UPI
ORD1821,2024-04-07,Priya,Pen Set,Stationery,Delhi,North,8,183.39,1467.12,275.19,UPI
ORD1822,2024-10-03,Aisha,Monitor,Electronics,Bengaluru,South,10,14215.46,142154.6,20767.43,Cash
ORD1823,2024-01-22,Divya,Desk,Furniture,Ahmedabad,West,1,6351.86,6351.86,568.68,UPI
ORD1824,2024-02-06,Ananya,Monitor,Electronics,Ahmedabad,West,9,13946.86,125521.74,22404.22,Card
ORD1825,2024-05-04,Nikhil,Desk,Furniture,Bengaluru,South,8,7570.05,60560.4,11211.14,Card
ORD1826,2024-02-19,Vikram,Laptop,Electronics,Hyderabad,South,1,59451.29,59451.29,13051.08,Card
ORD1827,2024-11-11,Arjun,Notebook,Stationery,Chennai,South,2,110.74,221.48,40.12,UPI
ORD1828,2024-12-13,Divya,Monitor,Electronics,Kolkata,East,6,15934.56,95607.36,23612.41,Cash
ORD1829,2024-01-24,Rohit,Smartphone,Electronics,Hyderabad,South,6,32018.56,192111.36,41270.76,Card
ORD1830,2024-03-27,Nikhil,Mouse,Electronics,Chennai,South,2,763.82,1527.64,318.95,Cash
ORD1831,2024-03-09,Rahul,Printer,Electronics,Hyderabad,South,8,11384.75,91078.0,16297.28,Net Banking
ORD1832,2024-02-15,Nikhil,Headphones,Electronics,Bengaluru,South,8,2290.36,18322.88,1488.33,Cash
ORD1833,2024-09-24,Vikram,Office Chair,Furniture,Ahmedabad,West,3,8000.47,24001.41,4530.76,Net Banking
ORD1834,2024-09-12,Rohit,Monitor,Electronics,Hyderabad,South,10,15575.02,155750.2,28247.83,UPI
ORD1835,2024-04-08,Rahul,Pen Set,Stationery,Pune,West,6,196.75,1180.5,206.36,UPI
ORD1836,2024-11-16,Aisha,Notebook,Stationery,Delhi,North,9,120.18,1081.62,171.89,Card
ORD1837,2024-08-30,Vikram,Keyboard,Electronics,Bengaluru,South,4,1383.8,5535.2,583.23,Card
ORD1838,2024-08-10,Sneha,Headphones,Electronics,Bengaluru,South,1,2572.43,2572.43,330.46,Cash
ORD1839,2024-10-02,Priya,Notebook,Stationery,Ahmedabad,West,1,110.51,110.51,9.83,Card
ORD1840,2024-08-15,Rohit,Laptop,Electronics,Ahmedabad,West,9,50776.72,456990.48,106096.49,Cash
ORD1841,2024-04-26,Rahul,Office Chair,Furniture,Mumbai,West,6,8041.11,48246.66,4763.04,Card
ORD1842,2024-08-29,Rohit,Backpack,Accessories,Kolkata,East,4,1755.19,7020.76,825.03,Net Banking
ORD1843,2024-04-01,Divya,Laptop,Electronics,Kolkata,East,3,51877.82,155633.46,28574.88,Cash
ORD1844,2024-04-13,Kiran,Headphones,Electronics,Ahmedabad,West,4,2566.01,10264.04,2523.36,Card
ORD1845,2024-08-22,Divya,Laptop,Electronics,Bengaluru,South,5,51001.52,255007.6,57320.8,Card
ORD1846,2024-11-22,Rohit,Mouse,Electronics,Mumbai,West,5,816.58,4082.9,874.65,Card
ORD1847,2024-04-20,Rohit,Notebook,Stationery,Mumbai,West,2,117.88,235.76,39.77,Net Banking
ORD1848,2024-05-06,Arjun,Desk,Furniture,Pune,West,1,7322.02,7322.02,1502.12,Cash
ORD1849,2024-01-03,Divya,Office Chair,Furniture,Mumbai,West,10,9258.63,92586.3,21789.1,UPI
ORD1850,2024-09-02,Pooja,Laptop,Electronics,Ahmedabad,West,9,49869.83,448828.47,76431.31,UPI
ORD1851,2024-12-20,Nikhil,Desk,Furniture,Ahmedabad,West,4,6416.33,25665.32,5338.99,Net Banking
ORD1852,2024-02-16,Ananya,Monitor,Electronics,Hyderabad,South,6,14387.37,86324.22,16410.13,Net Banking
ORD1853,2024-10-25,Ananya,Pen Set,Stationery,Pune,West,3,208.13,624.39,141.02,Net Banking
ORD1854,2024-11-16,Vikram,Desk,Furniture,Hyderabad,South,7,6558.92,45912.44,10475.56,UPI
ORD1855,2024-01-17,Sneha,Pen Set,Stationery,Chennai,South,7,215.74,1510.18,206.28,Net Banking
ORD1856,2024-01-29,Meera,Keyboard,Electronics,Mumbai,West,2,1536.14,3072.28,421.11,Cash
ORD1857,2024-07-06,Kiran,Laptop,Electronics,Chennai,South,7,53521.5,374650.5,69405.01,Card
ORD1858,2024-06-20,Arjun,Pen Set,Stationery,Chennai,South,9,208.37,1875.33,215.29,UPI
ORD1859,2024-04-25,Kiran,Pen Set,Stationery,Ahmedabad,West,10,214.85,2148.5,428.59,Cash
ORD1860,2024-08-19,Vikram,Keyboard,Electronics,Kolkata,East,5,1366.34,6831.7,979.52,UPI
ORD1861,2024-12-20,Pooja,Desk,Furniture,Pune,West,8,7169.33,57354.64,12387.66,UPI
ORD1862,2024-05-27,Rahul,Monitor,Electronics,Ahmedabad,West,2,13740.51,27481.02,6393.48,UPI
ORD1863,2024-04-14,Meera,Headphones,Electronics,Pune,West,2,2598.54,5197.08,854.27,UPI
ORD1864,2024-08-03,Vikram,Keyboard,Electronics,Kolkata,East,9,1629.52,14665.68,2354.78,UPI
ORD1865,2024-09-23,Aisha,Keyboard,Electronics,Mumbai,West,2,1356.61,2713.22,586.97,Cash
ORD1866,2024-09-28,Sanjay,Office Chair,Furniture,Delhi,North,6,8476.45,50858.7,9825.67,Net Banking
ORD1867,2024-03-28,Pooja,Desk,Furniture,Pune,West,10,6484.74,64847.4,13889.61,Cash
ORD1868,2024-01-25,Priya,Monitor,Electronics,Ahmedabad,West,6,16412.17,98473.02,20763.77,Cash
ORD1869,2024-10-01,Sneha,Keyboard,Electronics,Ahmedabad,West,3,1535.59,4606.77,494.46,Card
ORD1870,2024-06-11,Rohit,Headphones,Electronics,Hyderabad,South,3,2368.95,7106.85,618.27,Card
ORD1871,2024-01-18,Aisha,Desk,Furniture,Pune,West,6,6558.3,39349.8,6910.72,Cash
ORD1872,2024-09-30,Sneha,Mouse,Electronics,Hyderabad,South,6,791.75,4750.5,1167.81,UPI
ORD1873,2024-06-12,Priya,Laptop,Electronics,Kolkata,East,8,57953.7,463629.6,111792.29,UPI
ORD1874,2024-10-20,Aisha,Backpack,Accessories,Delhi,North,5,1790.61,8953.05,1157.37,Card
ORD1875,2024-01-21,Priya,Notebook,Stationery,Ahmedabad,West,6,124.54,747.24,152.72,UPI
ORD1876,2024-07-01,Rahul,Keyboard,Electronics,Bengaluru,South,7,1535.26,10746.82,1262.34,Cash
ORD1877,2024-05-22,Arjun,Laptop,Electronics,Mumbai,West,10,55290.77,552907.7,117668.81,UPI
ORD1878,2024-09-08,Kiran,Smartphone,Electronics,Ahmedabad,West,2,32855.04,65710.08,9662.8,UPI
ORD1879,2024-07-08,Divya,Pen Set,Stationery,Delhi,North,7,185.92,1301.44,293.01,Cash
ORD1880,2024-10-14,Rahul,Laptop,Electronics,Pune,West,6,53364.91,320189.46,78823.93,Card
ORD1881,2024-08-05,Nikhil,Backpack,Accessories,Ahmedabad,West,7,1909.33,13365.31,1725.03,Net Banking
ORD1882,2024-09-25,Kiran,Headphones,Electronics,Chennai,South,3,2353.89,7061.67,1134.7,UPI
ORD1883,2024-05-19,Divya,Notebook,Stationery,Kolkata,East,2,108.16,216.32,40.8,Card
ORD1884,2024-04-05,Sanjay,Printer,Electronics,Ahmedabad,West,10,12612.58,126125.8,13025.97,Net Banking
ORD1885,2024-10-26,Sneha,Keyboard,Electronics,Ahmedabad,West,1,1596.84,1596.84,209.73,Net Banking
ORD1886,2024-05-14,Sneha,Printer,Electronics,Ahmedabad,West,4,10864.42,43457.68,3494.69,Net Banking
ORD1887,2024-11-26,Arjun,Smartphone,Electronics,Pune,West,7,28076.23,196533.61,46019.3,UPI
ORD1888,2024-07-04,Rohit,Smartphone,Electronics,Pune,West,8,32966.0,263728.0,24089.76,Net Banking
ORD1889,2024-12-21,Sanjay,Notebook,Stationery,Kolkata,East,5,123.07,615.35,99.03,UPI
ORD1890,2024-06-12,Vikram,Mouse,Electronics,Bengaluru,South,5,746.06,3730.3,335.53,Card
ORD1891,2024-07-01,Ananya,Mouse,Electronics,Hyderabad,South,1,763.63,763.63,115.55,Cash
ORD1892,2024-02-18,Rohit,Keyboard,Electronics,Chennai,South,9,1408.14,12673.26,2366.92,Card
ORD1893,2024-06-03,Sneha,Printer,Electronics,Delhi,North,6,12784.37,76706.22,15068.51,Cash
ORD1894,2024-07-09,Pooja,Smartphone,Electronics,Delhi,North,3,27077.39,81232.17,13654.24,Net Banking
ORD1895,2024-04-23,Sanjay,Office Chair,Furniture,Delhi,North,3,7824.11,23472.33,2494.51,Card
ORD1896,2024-03-08,Neha,Printer,Electronics,Chennai,South,7,11905.18,83336.26,7749.28,UPI
ORD1897,2024-08-14,Neha,Desk,Furniture,Delhi,North,5,7267.47,36337.35,3765.73,Cash
ORD1898,2024-03-06,Sanjay,Headphones,Electronics,Pune,West,1,2622.23,2622.23,262.65,Card
ORD1899,2024-02-10,Divya,Backpack,Accessories,Mumbai,West,5,1665.12,8325.6,850.35,UPI
ORD1900,2024-02-25,Ananya,Smartphone,Electronics,Bengaluru,South,8,31544.0,252352.0,22012.13,UPI
ORD1901,2024-01-06,Pooja,Desk,Furniture,Chennai,South,5,6360.59,31802.95,4175.08,UPI
ORD1902,2024-06-28,Ananya,Smartphone,Electronics,Mumbai,West,10,32407.05,324070.5,36105.64,UPI
ORD1903,2024-09-13,Pooja,Headphones,Electronics,Pune,West,10,2423.92,24239.2,2600.74,Card
ORD1904,2024-09-27,Arjun,Printer,Electronics,Chennai,South,2,12767.01,25534.02,5355.8,Card
ORD1905,2024-04-19,Neha,Keyboard,Electronics,Hyderabad,South,9,1351.3,12161.7,2472.59,Net Banking
ORD1906,2024-06-30,Divya,Mouse,Electronics,Hyderabad,South,8,827.76,6622.08,650.59,Net Banking
ORD1907,2024-03-04,Vikram,Monitor,Electronics,Mumbai,West,7,13838.54,96869.78,23964.05,UPI
ORD1908,2024-10-12,Nikhil,Printer,Electronics,Hyderabad,South,8,12629.46,101035.68,20187.36,UPI
ORD1909,2024-11-03,Nikhil,Smartphone,Electronics,Delhi,North,8,27694.34,221554.72,28406.4,Cash
ORD1910,2024-08-07,Arjun,Pen Set,Stationery,Ahmedabad,West,4,202.16,808.64,104.64,UPI
ORD1911,2024-12-10,Rahul,Desk,Furniture,Delhi,North,3,6317.9,18953.7,3688.52,Net Banking
ORD1912,2024-10-29,Rahul,Desk,Furniture,Chennai,South,2,6500.71,13001.42,1925.59,Card
ORD1913,2024-07-25,Rahul,Smartphone,Electronics,Delhi,North,4,29031.79,116127.16,21035.66,Card
ORD1914,2024-10-30,Sneha,Office Chair,Furniture,Ahmedabad,West,5,8950.19,44750.95,9407.33,Net Banking
ORD1915,2024-09-18,Sneha,Mouse,Electronics,Ahmedabad,West,10,872.02,8720.2,2161.55,Card
ORD1916,2024-11-17,Priya,Desk,Furniture,Chennai,South,2,6650.97,13301.94,2188.66,UPI
ORD1917,2024-04-01,Divya,Smartphone,Electronics,Bengaluru,South,2,29988.81,59977.62,5070.95,Cash
ORD1918,2024-12-04,Pooja,Headphones,Electronics,Pune,West,10,2561.62,25616.2,5359.66,Net Banking
ORD1919,2024-05-13,Meera,Desk,Furniture,Mumbai,West,5,7226.93,36134.65,5902.33,Cash
ORD1920,2024-03-01,Divya,Printer,Electronics,Bengaluru,South,1,13177.71,13177.71,3025.88,Net Banking
ORD1921,2024-10-12,Aisha,Mouse,Electronics,Kolkata,East,8,793.54,6348.32,543.33,Cash
ORD1922,2024-07-18,Vikram,Backpack,Accessories,Hyderabad,South,8,1775.05,14200.4,1890.33,UPI
ORD1923,2024-08-31,Meera,Notebook,Stationery,Ahmedabad,West,9,124.45,1120.05,198.56,Card
ORD1924,2024-07-12,Rohit,Printer,Electronics,Bengaluru,South,7,11432.14,80024.98,14442.72,Cash
ORD1925,2024-07-06,Kiran,Keyboard,Electronics,Delhi,North,1,1358.44,1358.44,119.09,UPI
ORD1926,2024-07-01,Divya,Pen Set,Stationery,Delhi,North,7,183.89,1287.23,178.51,Cash
ORD1927,2024-02-13,Neha,Laptop,Electronics,Mumbai,West,4,52080.84,208323.36,27718.86,UPI
ORD1928,2024-01-20,Vikram,Keyboard,Electronics,Chennai,South,6,1400.93,8405.58,1441.82,Net Banking
ORD1929,2024-01-12,Kiran,Notebook,Stationery,Kolkata,East,5,108.49,542.45,86.71,Net Banking
ORD1930,2024-02-21,Nikhil,Notebook,Stationery,Kolkata,East,6,121.74,730.44,158.81,Card
ORD1931,2024-03-26,Rohit,Mouse,Electronics,Ahmedabad,West,9,849.83,7648.47,1479.64,Cash
ORD1932,2024-02-08,Sanjay,Mouse,Electronics,Kolkata,East,4,799.51,3198.04,716.51,Card
ORD1933,2024-04-25,Rohit,Keyboard,Electronics,Pune,West,1,1439.2,1439.2,255.46,UPI
ORD1934,2024-09-28,Vikram,Backpack,Accessories,Chennai,South,10,1741.26,17412.6,1592.14,Net Banking
ORD1935,2024-06-02,Divya,Monitor,Electronics,Delhi,North,2,15454.61,30909.22,4058.81,Cash
ORD1936,2024-12-09,Pooja,Monitor,Electronics,Kolkata,East,7,14253.79,99776.53,16723.82,Card
ORD1937,2024-08-27,Sneha,Laptop,Electronics,Hyderabad,South,10,54991.24,549912.4,105768.53,Net Banking
ORD1938,2024-05-03,Priya,Notebook,Stationery,Bengaluru,South,9,112.82,1015.38,161.06,Cash
ORD1939,2024-11-20,Arjun,Office Chair,Furniture,Kolkata,East,6,9112.32,54673.92,12842.54,Net Banking
ORD1940,2024-07-26,Arjun,Keyboard,Electronics,Pune,West,3,1426.93,4280.79,780.0,UPI
ORD1941,2024-08-25,Vikram,Headphones,Electronics,Mumbai,West,1,2372.79,2372.79,523.51,Net Banking
ORD1942,2024-05-12,Pooja,Office Chair,Furniture,Bengaluru,South,4,7920.91,31683.64,3269.54,Cash
ORD1943,2024-01-11,Ananya,Pen Set,Stationery,Hyderabad,South,1,218.55,218.55,35.53,UPI
ORD1944,2024-07-05,Aisha,Mouse,Electronics,Pune,West,2,864.09,1728.18,257.83,UPI
ORD1945,2024-03-02,Meera,Office Chair,Furniture,Hyderabad,South,4,7840.29,31361.16,6424.7,Cash
ORD1946,2024-06-09,Kiran,Desk,Furniture,Chennai,South,4,7139.75,28559.0,6038.58,Net Banking
ORD1947,2024-04-19,Sneha,Backpack,Accessories,Mumbai,West,7,1698.48,11889.36,1167.04,Net Banking
ORD1948,2024-12-24,Rahul,Office Chair,Furniture,Pune,West,10,7745.07,77450.7,13220.05,Cash
ORD1949,2024-03-15,Kiran,Printer,Electronics,Kolkata,East,8,12438.57,99508.56,24256.57,Net Banking
ORD1950,2024-11-06,Ananya,Backpack,Accessories,Delhi,North,5,1627.59,8137.95,1988.56,UPI
ORD1951,2024-12-24,Kiran,Backpack,Accessories,Mumbai,West,5,1818.98,9094.9,1205.76,UPI
ORD1952,2024-07-20,Neha,Printer,Electronics,Mumbai,West,8,11732.33,93858.64,22025.26,Cash
ORD1953,2024-03-23,Neha,Keyboard,Electronics,Chennai,South,4,1439.23,5756.92,1301.64,Net Banking
ORD1954,2024-02-11,Sanjay,Pen Set,Stationery,Delhi,North,7,211.57,1480.99,187.47,Net Banking
ORD1955,2024-02-21,Sanjay,Desk,Furniture,Kolkata,East,6,7304.34,43826.04,10038.33,Card
ORD1956,2024-10-07,Nikhil,Backpack,Accessories,Pune,West,9,1643.89,14795.01,2242.15,Cash
ORD1957,2024-08-15,Pooja,Desk,Furniture,Bengaluru,South,1,7197.92,7197.92,800.67,Card
ORD1958,2024-02-12,Rahul,Laptop,Electronics,Kolkata,East,4,56411.26,225645.04,30085.86,Card
ORD1959,2024-06-12,Vikram,Monitor,Electronics,Hyderabad,South,10,15557.26,155572.6,33409.09,Net Banking
ORD1960,2024-06-16,Pooja,Backpack,Accessories,Hyderabad,South,5,1682.45,8412.25,1521.05,Cash
ORD1961,2024-07-12,Sanjay,Monitor,Electronics,Chennai,South,7,14602.8,102219.6,15015.45,Card
ORD1962,2024-02-15,Vikram,Laptop,Electronics,Bengaluru,South,9,56618.17,509563.53,95047.18,Card
ORD1963,2024-05-13,Priya,Keyboard,Electronics,Hyderabad,South,1,1470.31,1470.31,224.83,UPI
ORD1964,2024-08-10,Pooja,Mouse,Electronics,Hyderabad,South,10,738.78,7387.8,1493.51,Net Banking
ORD1965,2024-05-16,Sneha,Pen Set,Stationery,Ahmedabad,West,2,188.98,377.96,43.29,Net Banking
ORD1966,2024-05-24,Nikhil,Office Chair,Furniture,Hyderabad,South,7,9105.77,63740.39,11601.65,Card
ORD1967,2024-05-14,Arjun,Office Chair,Furniture,Hyderabad,South,7,8997.19,62980.33,5346.49,Net Banking
ORD1968,2024-01-06,Vikram,Monitor,Electronics,Delhi,North,10,15552.8,155528.0,24555.99,Card
ORD1969,2024-11-01,Sneha,Mouse,Electronics,Kolkata,East,4,834.13,3336.52,668.76,UPI
ORD1970,2024-06-30,Rohit,Smartphone,Electronics,Bengaluru,South,1,28997.18,28997.18,3477.43,UPI
ORD1971,2024-07-21,Aisha,Laptop,Electronics,Pune,West,9,56316.24,506846.16,66612.89,Cash
ORD1972,2024-09-09,Neha,Headphones,Electronics,Bengaluru,South,10,2339.69,23396.9,2547.39,Cash
ORD1973,2024-03-13,Sneha,Desk,Furniture,Hyderabad,South,2,6744.24,13488.48,2295.36,UPI
ORD1974,2024-05-23,Nikhil,Mouse,Electronics,Bengaluru,South,3,799.87,2399.61,589.04,Cash
ORD1975,2024-05-15,Meera,Office Chair,Furniture,Pune,West,5,8691.98,43459.9,9103.37,Cash
ORD1976,2024-03-18,Meera,Office Chair,Furniture,Hyderabad,South,6,8902.68,53416.08,8734.42,Net Banking
ORD1977,2024-08-28,Sneha,Laptop,Electronics,Mumbai,West,3,50100.24,150300.72,16703.52,Card
ORD1978,2024-09-10,Ananya,Backpack,Accessories,Ahmedabad,West,7,1661.77,11632.39,2700.81,Net Banking
ORD1979,2024-03-16,Rahul,Mouse,Electronics,Ahmedabad,West,8,798.88,6391.04,1430.27,Cash
ORD1980,2024-09-17,Sanjay,Smartphone,Electronics,Mumbai,West,5,28083.93,140419.65,15251.0,Cash
ORD1981,2024-10-19,Priya,Notebook,Stationery,Mumbai,West,10,131.95,1319.5,106.49,Net Banking
ORD1982,2024-01-14,Sneha,Smartphone,Electronics,Mumbai,West,8,31061.45,248491.6,57364.91,UPI
ORD1983,2024-06-14,Priya,Office Chair,Furniture,Delhi,North,10,9229.55,92295.5,9047.9,UPI
ORD1984,2024-10-31,Aisha,Smartphone,Electronics,Ahmedabad,West,8,29724.33,237794.64,57637.68,UPI
ORD1985,2024-10-18,Priya,Mouse,Electronics,Bengaluru,South,10,872.14,8721.4,1179.44,Card
ORD1986,2024-10-07,Rohit,Laptop,Electronics,Pune,West,6,58279.62,349677.72,72189.57,Net Banking
ORD1987,2024-07-23,Rahul,Smartphone,Electronics,Kolkata,East,5,28068.06,140340.3,34251.23,UPI
ORD1988,2024-11-30,Priya,Monitor,Electronics,Hyderabad,South,7,15838.48,110869.36,14239.96,UPI
ORD1989,2024-12-16,Rohit,Keyboard,Electronics,Ahmedabad,West,7,1570.77,10995.39,2602.49,Card
ORD1990,2024-07-17,Vikram,Mouse,Electronics,Chennai,South,6,802.02,4812.12,785.51,Cash
ORD1991,2024-11-10,Priya,Notebook,Stationery,Kolkata,East,2,126.16,252.32,54.97,Net Banking
ORD1992,2024-08-25,Aisha,Pen Set,Stationery,Kolkata,East,2,181.62,363.24,50.16,Card
ORD1993,2024-02-12,Sneha,Pen Set,Stationery,Hyderabad,South,8,201.09,1608.72,305.7,Net Banking
ORD1994,2024-12-16,Neha,Office Chair,Furniture,Chennai,South,8,8160.67,65285.36,16145.83,Cash
ORD1995,2024-01-24,Meera,Monitor,Electronics,Kolkata,East,5,15205.61,76028.05,13203.72,UPI
ORD1996,2024-10-18,Sanjay,Printer,Electronics,Kolkata,East,7,11026.76,77187.32,14846.63,Cash
ORD1997,2024-02-28,Nikhil,Mouse,Electronics,Pune,West,10,733.08,7330.8,1213.87,Net Banking
ORD1998,2024-12-26,Sneha,Headphones,Electronics,Hyderabad,South,7,2272.63,15908.41,2398.4,Cash
ORD1999,2024-04-05,Arjun,Notebook,Stationery,Ahmedabad,West,8,122.97,983.76,123.03,Card
ORD2000,2024-07-21,Rahul,Smartphone,Electronics,Pune,West,2,29602.79,59205.58,4916.76,UPI
ORD2001,2024-11-04,Nikhil,Headphones,Electronics,Ahmedabad,West,8,2595.9,20767.2,4728.54,Net Banking
ORD2002,2024-03-10,Ananya,Keyboard,Electronics,Delhi,North,7,1591.39,11139.73,1057.14,Card
ORD2003,2024-11-28,Priya,Smartphone,Electronics,Bengaluru,South,4,32154.07,128616.28,14864.06,Card
ORD2004,2024-08-30,Divya,Office Chair,Furniture,Mumbai,West,2,8161.56,16323.12,2591.82,UPI
ORD2005,2024-09-05,Vikram,Smartphone,Electronics,Hyderabad,South,3,31432.69,94298.07,14681.76,UPI
ORD2006,2024-07-19,Ananya,Desk,Furniture,Mumbai,West,4,6712.76,26851.04,5934.26,Cash
ORD2007,2024-10-23,Rohit,Laptop,Electronics,Chennai,South,7,60274.36,421920.52,94621.91,Cash
ORD2008,2024-11-09,Neha,Laptop,Electronics,Ahmedabad,West,7,54847.11,383929.77,69290.37,Net Banking
ORD2009,2024-10-10,Rahul,Monitor,Electronics,Bengaluru,South,9,13557.06,122013.54,21717.02,Cash
ORD2010,2024-11-26,Kiran,Pen Set,Stationery,Kolkata,East,8,184.68,1477.44,274.59,Net Banking
ORD2011,2024-08-28,Kiran,Backpack,Accessories,Kolkata,East,1,1678.08,1678.08,341.41,Net Banking
ORD2012,2024-11-04,Sanjay,Monitor,Electronics,Mumbai,West,10,16227.21,162272.1,22337.73,Net Banking
ORD2013,2024-12-10,Aisha,Headphones,Electronics,Pune,West,7,2729.9,19109.3,4235.07,Cash
ORD2014,2024-02-14,Aisha,Desk,Furniture,Hyderabad,South,10,6590.09,65900.9,13010.06,Net Banking
ORD2015,2024-07-31,Vikram,Headphones,Electronics,Hyderabad,South,4,2328.16,9312.64,1524.21,Cash
ORD2016,2024-05-13,Kiran,Monitor,Electronics,Mumbai,West,9,13641.15,122770.35,10200.03,Card
ORD2017,2024-04-26,Rahul,Headphones,Electronics,Bengaluru,South,2,2418.87,4837.74,480.75,Card
ORD2018,2024-10-12,Sneha,Desk,Furniture,Pune,West,6,7398.84,44393.04,9357.77,Card
ORD2019,2024-08-22,Sanjay,Backpack,Accessories,Chennai,South,1,1953.59,1953.59,301.69,UPI
ORD2020,2024-11-18,Rahul,Smartphone,Electronics,Chennai,South,9,27251.82,245266.38,24016.46,Card
ORD2021,2024-09-12,Nikhil,Mouse,Electronics,Hyderabad,South,5,833.31,4166.55,873.03,UPI
ORD2022,2024-04-13,Vikram,Headphones,Electronics,Delhi,North,6,2659.58,15957.48,1610.22,Net Banking
ORD2023,2024-02-13,Sneha,Laptop,Electronics,Mumbai,West,8,53254.52,426036.16,70659.74,Cash
ORD2024,2024-09-28,Divya,Backpack,Accessories,Kolkata,East,6,1846.6,11079.6,1348.68,Card
ORD2025,2024-09-21,Pooja,Headphones,Electronics,Kolkata,East,7,2709.01,18963.07,4412.16,Cash
ORD2026,2024-09-21,Rahul,Laptop,Electronics,Ahmedabad,West,3,57971.67,173915.01,35130.2,UPI
ORD2027,2024-02-01,Divya,Mouse,Electronics,Delhi,North,7,877.11,6139.77,662.7,UPI
ORD2028,2024-12-31,Pooja,Pen Set,Stationery,Hyderabad,South,10,182.31,1823.1,341.6,Cash
ORD2029,2024-06-09,Neha,Office Chair,Furniture,Kolkata,East,9,9135.03,82215.27,16662.05,Cash
ORD2030,2024-07-25,Vikram,Laptop,Electronics,Pune,West,9,56214.41,505929.69,53105.67,Card
ORD2031,2024-07-26,Pooja,Printer,Electronics,Ahmedabad,West,6,12930.42,77582.52,16514.66,Card
ORD2032,2024-03-05,Meera,Keyboard,Electronics,Chennai,South,1,1511.23,1511.23,221.09,Cash
ORD2033,2024-11-21,Priya,Monitor,Electronics,Chennai,South,9,15155.36,136398.24,23000.44,UPI
ORD2034,2024-08-04,Meera,Laptop,Electronics,Pune,West,4,58654.52,234618.08,30892.2,UPI
ORD2035,2024-03-04,Ananya,Backpack,Accessories,Bengaluru,South,6,1713.51,10281.06,1709.48,UPI
ORD2036,2024-04-30,Pooja,Desk,Furniture,Pune,West,10,7331.6,73316.0,11513.18,Card
ORD2037,2024-10-20,Aisha,Mouse,Electronics,Pune,West,5,826.71,4133.55,903.44,Card
ORD2038,2024-09-21,Rohit,Backpack,Accessories,Kolkata,East,9,1885.5,16969.5,1661.12,Card
ORD2039,2024-07-29,Rahul,Mouse,Electronics,Ahmedabad,West,2,743.45,1486.9,226.56,UPI
ORD2040,2024-07-08,Aisha,Laptop,Electronics,Kolkata,East,3,54738.78,164216.34,25592.77,Net Banking
ORD2041,2024-08-13,Nikhil,Notebook,Stationery,Kolkata,East,5,122.02,610.1,114.82,Net Banking
ORD2042,2024-12-30,Vikram,Backpack,Accessories,Kolkata,East,3,1671.96,5015.88,509.67,Card
ORD2043,2024-03-21,Meera,Backpack,Accessories,Chennai,South,4,1783.96,7135.84,610.42,Cash
ORD2044,2024-01-21,Meera,Smartphone,Electronics,Kolkata,East,2,27725.2,55450.4,9825.81,Card
ORD2045,2024-09-05,Ananya,Smartphone,Electronics,Delhi,North,5,32946.12,164730.6,21671.0,Card
ORD2046,2024-05-25,Arjun,Headphones,Electronics,Kolkata,East,1,2718.41,2718.41,358.5,Card
ORD2047,2024-01-23,Divya,Backpack,Accessories,Ahmedabad,West,1,1664.04,1664.04,231.75,Net Banking
ORD2048,2024-07-12,Vikram,Notebook,Stationery,Pune,West,10,118.86,1188.6,163.35,Card
ORD2049,2024-06-15,Rahul,Headphones,Electronics,Ahmedabad,West,8,2583.61,20668.88,2176.99,Net Banking
ORD2050,2024-12-09,Neha,Office Chair,Furniture,Mumbai,West,7,8226.3,57584.1,5055.27,Net Banking
ORD2051,2024-10-19,Aisha,Backpack,Accessories,Pune,West,2,1931.74,3863.48,773.57,Cash
ORD2052,2024-10-04,Rohit,Printer,Electronics,Chennai,South,9,11004.36,99039.24,24004.99,UPI
ORD2053,2024-12-03,Neha,Notebook,Stationery,Mumbai,West,8,120.06,960.48,79.89,Card
ORD2054,2024-10-23,Vikram,Laptop,Electronics,Pune,West,4,52198.15,208792.6,41749.13,UPI
ORD2055,2024-01-12,Kiran,Printer,Electronics,Delhi,North,7,12213.34,85493.38,13982.48,Net Banking
ORD2056,2024-05-11,Rahul,Headphones,Electronics,Kolkata,East,1,2679.82,2679.82,358.98,UPI
ORD2057,2024-02-15,Priya,Smartphone,Electronics,Hyderabad,South,5,27864.21,139321.05,17198.39,Cash
ORD2058,2024-01-14,Nikhil,Office Chair,Furniture,Hyderabad,South,1,8694.61,8694.61,1176.38,UPI
ORD2059,2024-06-14,Sneha,Keyboard,Electronics,Kolkata,East,2,1446.01,2892.02,434.32,Net Banking
ORD2060,2024-05-01,Vikram,Smartphone,Electronics,Bengaluru,South,4,28437.74,113750.96,20644.75,Net Banking
ORD2061,2024-02-03,Vikram,Smartphone,Electronics,Pune,West,1,28910.02,28910.02,5031.23,UPI
ORD2062,2024-12-11,Rahul,Office Chair,Furniture,Mumbai,West,1,8107.57,8107.57,1976.55,Card
ORD2063,2024-11-21,Meera,Printer,Electronics,Hyderabad,South,5,12163.79,60818.95,9476.63,Card
ORD2064,2024-10-02,Divya,Headphones,Electronics,Delhi,North,9,2742.65,24683.85,5256.28,Net Banking
ORD2065,2024-11-30,Priya,Laptop,Electronics,Bengaluru,South,8,60072.26,480578.08,89158.81,UPI
ORD2066,2024-07-13,Kiran,Laptop,Electronics,Ahmedabad,West,5,56076.55,280382.75,62444.86,Card
ORD2067,2024-02-05,Sneha,Notebook,Stationery,Pune,West,1,111.87,111.87,19.11,UPI
ORD2068,2024-08-09,Arjun,Office Chair,Furniture,Chennai,South,3,8882.63,26647.89,6656.63,Cash
ORD2069,2024-05-19,Arjun,Pen Set,Stationery,Delhi,North,5,219.19,1095.95,219.54,Cash
ORD2070,2024-12-20,Priya,Mouse,Electronics,Mumbai,West,8,873.44,6987.52,949.17,UPI
ORD2071,2024-07-30,Meera,Notebook,Stationery,Ahmedabad,West,1,129.63,129.63,25.19,Net Banking
ORD2072,2024-12-09,Vikram,Office Chair,Furniture,Chennai,South,2,8565.7,17131.4,3969.98,UPI
ORD2073,2024-12-22,Ananya,Mouse,Electronics,Kolkata,East,10,777.27,7772.7,855.94,UPI
ORD2074,2024-01-11,Pooja,Desk,Furniture,Delhi,North,4,6922.41,27689.64,3257.92,Cash
ORD2075,2024-06-04,Pooja,Pen Set,Stationery,Delhi,North,4,183.6,734.4,135.34,Card
ORD2076,2024-12-26,Nikhil,Monitor,Electronics,Ahmedabad,West,6,13610.39,81662.34,13374.86,Card
ORD2077,2024-09-13,Vikram,Laptop,Electronics,Mumbai,West,7,50720.41,355042.87,45143.38,Card
ORD2078,2024-03-30,Rahul,Printer,Electronics,Mumbai,West,10,12413.22,124132.2,22654.79,Card
ORD2079,2024-04-26,Neha,Backpack,Accessories,Chennai,South,3,1713.46,5140.38,909.25,Cash
ORD2080,2024-08-20,Ananya,Monitor,Electronics,Bengaluru,South,9,15343.37,138090.33,27026.44,Net Banking
ORD2081,2024-05-20,Rahul,Pen Set,Stationery,Bengaluru,South,6,197.3,1183.8,294.97,Net Banking
ORD2082,2024-04-24,Ananya,Desk,Furniture,Delhi,North,9,7362.63,66263.67,15256.97,Cash
ORD2083,2024-02-11,Neha,Office Chair,Furniture,Ahmedabad,West,6,7658.77,45952.62,5196.48,UPI
ORD2084,2024-04-10,Priya,Backpack,Accessories,Mumbai,West,7,1964.8,13753.6,3244.33,Cash
ORD2085,2024-01-13,Rohit,Keyboard,Electronics,Chennai,South,2,1358.36,2716.72,416.83,Cash
ORD2086,2024-01-28,Sanjay,Keyboard,Electronics,Mumbai,West,2,1492.07,2984.14,725.14,Cash
ORD2087,2024-02-18,Aisha,Printer,Electronics,Mumbai,West,2,12661.8,25323.6,4693.13,Net Banking
ORD2088,2024-07-12,Kiran,Notebook,Stationery,Chennai,South,2,131.39,262.78,61.97,UPI
ORD2089,2024-08-09,Rahul,Headphones,Electronics,Bengaluru,South,8,2277.39,18219.12,3349.14,UPI
ORD2090,2024-07-24,Rahul,Pen Set,Stationery,Bengaluru,South,9,182.09,1638.81,367.89,Net Banking
ORD2091,2024-11-13,Rohit,Monitor,Electronics,Bengaluru,South,8,14651.76,117214.08,25221.89,UPI
ORD2092,2024-02-25,Rahul,Mouse,Electronics,Bengaluru,South,8,802.75,6422.0,1155.5,UPI
ORD2093,2024-10-20,Priya,Notebook,Stationery,Chennai,South,10,126.95,1269.5,143.34,Cash
ORD2094,2024-05-04,Priya,Mouse,Electronics,Kolkata,East,8,835.94,6687.52,1040.49,UPI
ORD2095,2024-11-29,Pooja,Laptop,Electronics,Hyderabad,South,5,55929.75,279648.75,46766.05,Cash
ORD2096,2024-05-29,Kiran,Keyboard,Electronics,Hyderabad,South,3,1490.86,4472.58,816.54,UPI
ORD2097,2024-10-13,Sanjay,Printer,Electronics,Hyderabad,South,1,11369.73,11369.73,2492.94,UPI
ORD2098,2024-04-13,Pooja,Office Chair,Furniture,Delhi,North,4,9310.07,37240.28,7034.48,UPI
ORD2099,2024-11-03,Nikhil,Mouse,Electronics,Mumbai,West,8,831.17,6649.36,1641.91,Cash
ORD2100,2024-02-23,Vikram,Notebook,Stationery,Delhi,North,10,115.19,1151.9,156.5,UPI
ORD2101,2024-08-26,Rohit,Desk,Furniture,Mumbai,West,1,7194.27,7194.27,1423.37,Card
ORD2102,2024-07-23,Priya,Monitor,Electronics,Ahmedabad,West,6,15921.81,95530.86,13747.37,UPI
ORD2103,2024-03-13,Sneha,Mouse,Electronics,Bengaluru,South,2,777.26,1554.52,270.95,Net Banking
ORD2104,2024-05-25,Priya,Monitor,Electronics,Delhi,North,1,16425.93,16425.93,1870.11,Card
ORD2105,2024-04-10,Ananya,Keyboard,Electronics,Hyderabad,South,6,1604.26,9625.56,1172.53,Card
ORD2106,2024-12-01,Pooja,Keyboard,Electronics,Chennai,South,1,1599.43,1599.43,165.27,UPI
ORD2107,2024-07-09,Aisha,Mouse,Electronics,Mumbai,West,5,792.99,3964.95,566.35,Card
ORD2108,2024-03-07,Pooja,Printer,Electronics,Kolkata,East,2,11084.38,22168.76,5100.21,Card
ORD2109,2024-11-21,Arjun,Monitor,Electronics,Kolkata,East,6,14453.85,86723.1,13270.53,UPI
ORD2110,2024-05-06,Ananya,Notebook,Stationery,Mumbai,West,9,115.06,1035.54,109.0,Cash
ORD2111,2024-12-05,Rohit,Headphones,Electronics,Ahmedabad,West,4,2613.65,10454.6,2230.94,UPI
ORD2112,2024-04-01,Kiran,Headphones,Electronics,Kolkata,East,9,2437.13,21934.17,3689.58,Cash
ORD2113,2024-11-22,Neha,Printer,Electronics,Ahmedabad,West,8,11937.02,95496.16,17074.88,UPI
ORD2114,2024-04-21,Sneha,Monitor,Electronics,Mumbai,West,4,14856.24,59424.96,7121.81,Net Banking
ORD2115,2024-02-13,Sneha,Office Chair,Furniture,Hyderabad,South,6,8082.7,48496.2,4578.48,Net Banking
ORD2116,2024-11-14,Kiran,Printer,Electronics,Delhi,North,4,12201.51,48806.04,7764.7,Net Banking
ORD2117,2024-06-11,Sneha,Desk,Furniture,Ahmedabad,West,7,6872.53,48107.71,10428.1,Net Banking
ORD2118,2024-07-02,Neha,Laptop,Electronics,Hyderabad,South,8,52071.69,416573.52,79028.3,UPI
ORD2119,2024-02-06,Kiran,Keyboard,Electronics,Chennai,South,5,1627.98,8139.9,787.37,UPI
ORD2120,2024-06-03,Nikhil,Printer,Electronics,Mumbai,West,6,11271.95,67631.7,9195.95,Cash
ORD2121,2024-06-02,Sneha,Monitor,Electronics,Hyderabad,South,9,16237.15,146134.35,11902.75,Cash
ORD2122,2024-11-30,Meera,Office Chair,Furniture,Kolkata,East,10,8938.27,89382.7,7331.3,Card
ORD2123,2024-04-29,Meera,Office Chair,Furniture,Mumbai,West,4,8879.67,35518.68,4108.76,Net Banking
ORD2124,2024-04-06,Divya,Backpack,Accessories,Ahmedabad,West,6,1905.09,11430.54,1522.81,Net Banking
ORD2125,2024-03-12,Rohit,Monitor,Electronics,Ahmedabad,West,8,16058.83,128470.64,10935.12,Card
ORD2126,2024-06-22,Arjun,Keyboard,Electronics,Bengaluru,South,8,1593.12,12744.96,2827.22,Net Banking
ORD2127,2024-10-17,Pooja,Office Chair,Furniture,Kolkata,East,9,8159.38,73434.42,13202.21,UPI
ORD2128,2024-11-07,Rohit,Headphones,Electronics,Hyderabad,South,6,2534.1,15204.6,3281.99,Net Banking
ORD2129,2024-08-31,Rahul,Office Chair,Furniture,Mumbai,West,7,7758.31,54308.17,7912.36,Cash
ORD2130,2024-10-10,Priya,Notebook,Stationery,Ahmedabad,West,5,110.24,551.2,53.87,UPI
ORD2131,2024-07-16,Sneha,Backpack,Accessories,Ahmedabad,West,1,1687.21,1687.21,154.91,Card
ORD2132,2024-09-22,Ananya,Monitor,Electronics,Pune,West,9,13709.94,123389.46,11076.31,Card
ORD2133,2024-10-01,Divya,Mouse,Electronics,Kolkata,East,7,745.13,5215.91,515.47,Net Banking
ORD2134,2024-03-07,Sanjay,Backpack,Accessories,Chennai,South,7,1963.83,13746.81,3122.85,Card
ORD2135,2024-06-07,Rohit,Keyboard,Electronics,Kolkata,East,8,1397.63,11181.04,1987.6,Card
ORD2136,2024-08-16,Rahul,Printer,Electronics,Ahmedabad,West,5,11284.09,56420.45,14019.61,Net Banking
ORD2137,2024-09-08,Vikram,Notebook,Stationery,Mumbai,West,9,115.89,1043.01,184.37,Net Banking
ORD2138,2024-08-21,Kiran,Notebook,Stationery,Bengaluru,South,2,114.91,229.82,52.81,Cash
ORD2139,2024-08-09,Vikram,Office Chair,Furniture,Hyderabad,South,7,8073.53,56514.71,13167.59,Net Banking
ORD2140,2024-01-23,Arjun,Pen Set,Stationery,Hyderabad,South,10,183.82,1838.2,365.38,Card
ORD2141,2024-04-21,Neha,Keyboard,Electronics,Pune,West,2,1559.41,3118.82,632.53,Net Banking
ORD2142,2024-06-15,Divya,Office Chair,Furniture,Chennai,South,6,7780.11,46680.66,4569.48,Net Banking
ORD2143,2024-02-07,Aisha,Headphones,Electronics,Pune,West,4,2503.03,10012.12,1587.61,Net Banking
ORD2144,2024-01-06,Sneha,Office Chair,Furniture,Delhi,North,7,9104.81,63733.67,9396.55,UPI
ORD2145,2024-08-24,Rahul,Backpack,Accessories,Hyderabad,South,6,1861.31,11167.86,1774.82,UPI
ORD2146,2024-03-23,Priya,Printer,Electronics,Mumbai,West,8,11136.61,89092.88,19553.44,UPI
ORD2147,2024-07-19,Priya,Notebook,Stationery,Chennai,South,3,115.06,345.18,58.99,UPI
ORD2148,2024-04-20,Nikhil,Pen Set,Stationery,Bengaluru,South,5,186.14,930.7,131.11,UPI
ORD2149,2024-09-24,Aisha,Pen Set,Stationery,Mumbai,West,8,207.87,1662.96,369.52,UPI
ORD2150,2024-07-12,Pooja,Office Chair,Furniture,Pune,West,8,7739.11,61912.88,5002.14,Card
ORD2151,2024-01-15,Ananya,Monitor,Electronics,Delhi,North,4,14099.96,56399.84,4665.76,Cash
ORD2152,2024-12-06,Priya,Monitor,Electronics,Chennai,South,4,16376.24,65504.96,6316.15,Card
ORD2153,2024-10-14,Aisha,Laptop,Electronics,Kolkata,East,9,50684.52,456160.68,61861.8,Card
ORD2154,2024-04-28,Arjun,Notebook,Stationery,Mumbai,West,9,117.48,1057.32,161.49,UPI
ORD2155,2024-01-07,Divya,Mouse,Electronics,Delhi,North,3,722.4,2167.2,414.32,Card
ORD2156,2024-11-15,Kiran,Desk,Furniture,Mumbai,West,2,7221.15,14442.3,1839.05,UPI
ORD2157,2024-02-22,Nikhil,Smartphone,Electronics,Mumbai,West,7,28809.21,201664.47,36664.16,Card
ORD2158,2024-07-17,Aisha,Keyboard,Electronics,Chennai,South,10,1447.31,14473.1,2710.07,Card
ORD2159,2024-02-04,Kiran,Mouse,Electronics,Hyderabad,South,6,876.48,5258.88,1016.45,UPI
ORD2160,2024-09-14,Rohit,Notebook,Stationery,Ahmedabad,West,7,120.26,841.82,173.51,UPI
ORD2161,2024-05-01,Nikhil,Monitor,Electronics,Bengaluru,South,10,15776.82,157768.2,15948.72,Net Banking
ORD2162,2024-04-13,Priya,Monitor,Electronics,Chennai,South,1,13912.67,13912.67,2292.58,Net Banking
ORD2163,2024-08-15,Nikhil,Monitor,Electronics,Bengaluru,South,4,16270.23,65080.92,11823.43,Cash
ORD2164,2024-09-23,Pooja,Headphones,Electronics,Pune,West,6,2571.8,15430.8,3229.42,Net Banking
ORD2165,2024-06-24,Arjun,Pen Set,Stationery,Pune,West,1,189.16,189.16,38.7,Card
ORD2166,2024-04-23,Rohit,Printer,Electronics,Bengaluru,South,4,12723.48,50893.92,10095.69,Net Banking
ORD2167,2024-09-08,Rahul,Printer,Electronics,Delhi,North,3,11861.67,35585.01,2883.36,Card
ORD2168,2024-10-08,Sanjay,Laptop,Electronics,Hyderabad,South,4,50881.17,203524.68,22291.02,Card
ORD2169,2024-04-11,Arjun,Monitor,Electronics,Chennai,South,7,15674.97,109724.79,14587.77,Net Banking
ORD2170,2024-11-21,Arjun,Headphones,Electronics,Mumbai,West,5,2392.68,11963.4,1868.76,Cash
ORD2171,2024-08-13,Divya,Desk,Furniture,Chennai,South,6,6857.54,41145.24,4465.09,Net Banking
ORD2172,2024-02-12,Pooja,Headphones,Electronics,Ahmedabad,West,1,2630.96,2630.96,401.64,Cash
ORD2173,2024-08-25,Sneha,Notebook,Stationery,Hyderabad,South,9,125.44,1128.96,139.7,Net Banking
ORD2174,2024-03-10,Nikhil,Keyboard,Electronics,Kolkata,East,9,1531.81,13786.29,1271.51,Net Banking
ORD2175,2024-07-10,Vikram,Monitor,Electronics,Hyderabad,South,4,13512.54,54050.16,12241.35,Net Banking
ORD2176,2024-10-28,Rahul,Office Chair,Furniture,Kolkata,East,6,8302.86,49817.16,6592.2,Net Banking
ORD2177,2024-08-11,Sneha,Laptop,Electronics,Chennai,South,7,59753.43,418274.01,45006.95,Cash
ORD2178,2024-08-05,Nikhil,Printer,Electronics,Ahmedabad,West,6,12471.49,74828.94,14266.44,Card
ORD2179,2024-12-27,Aisha,Monitor,Electronics,Ahmedabad,West,1,16264.41,16264.41,2300.45,UPI
ORD2180,2024-03-16,Sneha,Backpack,Accessories,Hyderabad,South,5,1837.96,9189.8,2210.38,Card
ORD2181,2024-12-30,Neha,Notebook,Stationery,Hyderabad,South,1,110.8,110.8,10.6,Net Banking
ORD2182,2024-03-25,Sanjay,Office Chair,Furniture,Chennai,South,9,9196.91,82772.19,18948.3,Net Banking
ORD2183,2024-07-14,Rohit,Keyboard,Electronics,Pune,West,9,1640.31,14762.79,2833.61,Cash
ORD2184,2024-06-25,Sanjay,Backpack,Accessories,Kolkata,East,2,1659.34,3318.68,588.55,Card
ORD2185,2024-03-27,Sanjay,Keyboard,Electronics,Mumbai,West,7,1559.7,10917.9,885.35,Net Banking
ORD2186,2024-08-01,Aisha,Laptop,Electronics,Chennai,South,2,58011.18,116022.36,17523.17,Cash
ORD2187,2024-03-09,Arjun,Backpack,Accessories,Kolkata,East,3,1683.5,5050.5,564.08,Net Banking
ORD2188,2024-04-12,Ananya,Headphones,Electronics,Chennai,South,8,2533.55,20268.4,2353.92,Card
ORD2189,2024-02-25,Sanjay,Monitor,Electronics,Pune,West,7,14822.19,103755.33,24403.79,Card
ORD2190,2024-06-24,Ananya,Smartphone,Electronics,Pune,West,2,29266.37,58532.74,7436.56,Card
ORD2191,2024-01-04,Aisha,Desk,Furniture,Ahmedabad,West,2,6313.31,12626.62,1581.28,UPI
ORD2192,2024-09-23,Pooja,Smartphone,Electronics,Mumbai,West,9,31750.72,285756.48,41109.84,Cash
ORD2193,2024-12-15,Neha,Desk,Furniture,Ahmedabad,West,6,7146.12,42876.72,5883.27,Cash
ORD2194,2024-01-30,Kiran,Mouse,Electronics,Mumbai,West,6,826.41,4958.46,715.67,Cash
ORD2195,2024-03-12,Ananya,Smartphone,Electronics,Bengaluru,South,8,32223.25,257786.0,38231.58,UPI
ORD2196,2024-12-03,Sanjay,Printer,Electronics,Pune,West,4,11684.23,46736.92,8651.93,Net Banking
ORD2197,2024-06-13,Ananya,Printer,Electronics,Kolkata,East,4,10807.51,43230.04,8147.67,Cash
ORD2198,2024-11-09,Pooja,Laptop,Electronics,Delhi,North,8,52069.15,416553.2,67636.22,UPI
ORD2199,2024-02-21,Nikhil,Mouse,Electronics,Kolkata,East,8,877.9,7023.2,1585.19,Net Banking
ORD2200,2024-09-15,Ananya,Keyboard,Electronics,Mumbai,West,3,1610.96,4832.88,1106.54,Card
ORD2201,2024-08-27,Priya,Desk,Furniture,Chennai,South,5,7465.3,37326.5,9308.18,Net Banking
ORD2202,2024-12-03,Nikhil,Smartphone,Electronics,Ahmedabad,West,9,28445.41,256008.69,29691.62,UPI
ORD2203,2024-07-15,Pooja,Smartphone,Electronics,Kolkata,East,1,27961.41,27961.41,6652.7,Cash
ORD2204,2024-12-06,Priya,Monitor,Electronics,Pune,West,8,16354.51,130836.08,25382.49,Net Banking
ORD2205,2024-11-03,Rahul,Smartphone,Electronics,Delhi,North,4,32590.68,130362.72,27412.33,Cash
ORD2206,2024-04-29,Arjun,Office Chair,Furniture,Kolkata,East,9,9292.62,83633.58,12903.29,Cash
ORD2207,2024-10-30,Neha,Smartphone,Electronics,Pune,West,2,27668.3,55336.6,7627.62,Card
ORD2208,2024-07-13,Rohit,Backpack,Accessories,Chennai,South,10,1752.39,17523.9,3944.04,UPI
ORD2209,2024-08-04,Kiran,Keyboard,Electronics,Bengaluru,South,10,1510.68,15106.8,3384.08,Cash
ORD2210,2024-02-24,Divya,Pen Set,Stationery,Hyderabad,South,9,206.55,1858.95,335.41,UPI
ORD2211,2024-04-22,Vikram,Printer,Electronics,Ahmedabad,West,6,11147.28,66883.68,16071.57,Net Banking
ORD2212,2024-12-25,Ananya,Headphones,Electronics,Pune,West,3,2623.53,7870.59,1765.78,Cash
ORD2213,2024-09-01,Aisha,Keyboard,Electronics,Chennai,South,5,1649.05,8245.25,1649.95,Card
ORD2214,2024-03-19,Sanjay,Desk,Furniture,Pune,West,7,6382.34,44676.38,9727.64,Card
ORD2215,2024-09-06,Nikhil,Backpack,Accessories,Mumbai,West,1,1952.34,1952.34,413.75,Net Banking
ORD2216,2024-12-13,Vikram,Keyboard,Electronics,Hyderabad,South,1,1514.38,1514.38,208.01,Cash
ORD2217,2024-12-22,Neha,Office Chair,Furniture,Kolkata,East,2,8547.34,17094.68,2190.12,Card
ORD2218,2024-10-24,Sanjay,Backpack,Accessories,Kolkata,East,2,1667.12,3334.24,693.14,UPI
ORD2219,2024-08-14,Nikhil,Backpack,Accessories,Pune,West,8,1855.67,14845.36,2644.21,Net Banking
ORD2220,2024-11-29,Ananya,Keyboard,Electronics,Hyderabad,South,4,1415.44,5661.76,1173.26,Cash
ORD2221,2024-12-13,Sanjay,Backpack,Accessories,Chennai,South,3,1755.56,5266.68,1301.18,Card
ORD2222,2024-01-27,Rahul,Laptop,Electronics,Chennai,South,6,60215.75,361294.5,39936.62,Cash
ORD2223,2024-01-18,Rahul,Notebook,Stationery,Kolkata,East,3,123.05,369.15,54.88,Card
ORD2224,2024-11-30,Nikhil,Office Chair,Furniture,Ahmedabad,West,5,8819.57,44097.85,10683.78,Net Banking
ORD2225,2024-05-20,Aisha,Backpack,Accessories,Chennai,South,8,1931.36,15450.88,2944.21,Net Banking
ORD2226,2024-11-24,Aisha,Mouse,Electronics,Bengaluru,South,2,738.66,1477.32,148.84,Card
ORD2227,2024-10-30,Priya,Laptop,Electronics,Ahmedabad,West,5,57130.98,285654.9,27444.02,Net Banking
ORD2228,2024-02-02,Nikhil,Desk,Furniture,Kolkata,East,5,7099.99,35499.95,3440.12,Card
ORD2229,2024-09-28,Vikram,Office Chair,Furniture,Bengaluru,South,7,8595.3,60167.1,10300.06,UPI
ORD2230,2024-04-02,Sanjay,Printer,Electronics,Chennai,South,4,13117.63,52470.52,12204.24,Card
ORD2231,2024-04-15,Aisha,Laptop,Electronics,Ahmedabad,West,6,50853.5,305121.0,31091.44,Card
ORD2232,2024-06-01,Kiran,Smartphone,Electronics,Pune,West,1,27507.66,27507.66,2783.83,Card
ORD2233,2024-09-22,Neha,Office Chair,Furniture,Bengaluru,South,4,8161.02,32644.08,7862.54,Cash
ORD2234,2024-09-24,Neha,Pen Set,Stationery,Ahmedabad,West,3,203.08,609.24,120.73,Cash
ORD2235,2024-01-19,Arjun,Notebook,Stationery,Mumbai,West,2,123.9,247.8,21.71,Card
ORD2236,2024-07-02,Sneha,Keyboard,Electronics,Mumbai,West,3,1530.64,4591.92,536.0,Card
ORD2237,2024-11-28,Neha,Backpack,Accessories,Kolkata,East,2,1817.95,3635.9,452.0,Card
ORD2238,2024-12-21,Priya,Office Chair,Furniture,Ahmedabad,West,2,9256.06,18512.12,3610.04,Card
ORD2239,2024-11-27,Sanjay,Smartphone,Electronics,Pune,West,4,31286.67,125146.68,22003.18,Card
ORD2240,2024-01-14,Rohit,Office Chair,Furniture,Hyderabad,South,6,9337.16,56022.96,8611.66,Card
ORD2241,2024-07-27,Rahul,Smartphone,Electronics,Pune,West,2,30188.82,60377.64,11850.71,Cash
ORD2242,2024-03-15,Sanjay,Pen Set,Stationery,Chennai,South,6,216.37,1298.22,275.58,Card
ORD2243,2024-07-12,Rahul,Keyboard,Electronics,Bengaluru,South,2,1463.15,2926.3,716.04,UPI
ORD2244,2024-09-27,Kiran,Headphones,Electronics,Pune,West,10,2660.67,26606.7,4343.15,Cash
ORD2245,2024-06-11,Pooja,Printer,Electronics,Pune,West,10,11037.76,110377.6,9730.2,Net Banking
ORD2246,2024-07-25,Vikram,Headphones,Electronics,Delhi,North,9,2525.84,22732.56,5227.21,Card
ORD2247,2024-03-14,Divya,Keyboard,Electronics,Bengaluru,South,9,1563.97,14075.73,2699.52,Cash
ORD2248,2024-08-22,Priya,Laptop,Electronics,Delhi,North,4,56960.37,227841.48,34427.18,Net Banking
ORD2249,2024-09-23,Nikhil,Mouse,Electronics,Ahmedabad,West,9,765.89,6893.01,1667.73,Card
ORD2250,2024-02-16,Aisha,Keyboard,Electronics,Chennai,South,5,1471.95,7359.75,980.06,UPI
ORD2251,2024-05-26,Meera,Smartphone,Electronics,Mumbai,West,2,27990.68,55981.36,5024.88,Net Banking
ORD2252,2024-09-11,Meera,Laptop,Electronics,Kolkata,East,9,59756.86,537811.74,55498.31,UPI
ORD2253,2024-01-04,Nikhil,Office Chair,Furniture,Bengaluru,South,10,7973.31,79733.1,17647.93,Net Banking
ORD2254,2024-09-27,Aisha,Backpack,Accessories,Delhi,North,4,1977.92,7911.68,1522.2,UPI
ORD2255,2024-09-25,Neha,Notebook,Stationery,Ahmedabad,West,3,124.19,372.57,85.66,Card
ORD2256,2024-01-27,Divya,Headphones,Electronics,Chennai,South,6,2669.7,16018.2,2680.27,Net Banking
ORD2257,2024-12-13,Arjun,Office Chair,Furniture,Hyderabad,South,6,9298.54,55791.24,7668.67,UPI
ORD2258,2024-11-19,Rohit,Keyboard,Electronics,Pune,West,8,1438.06,11504.48,1337.06,Net Banking
ORD2259,2024-08-25,Neha,Monitor,Electronics,Pune,West,9,15977.18,143794.62,12369.64,Net Banking
ORD2260,2024-06-30,Rahul,Laptop,Electronics,Delhi,North,1,56270.83,56270.83,7644.61,UPI
ORD2261,2024-09-08,Arjun,Mouse,Electronics,Hyderabad,South,7,776.73,5437.11,528.64,UPI
ORD2262,2024-03-20,Pooja,Printer,Electronics,Hyderabad,South,7,11097.22,77680.54,12651.06,Cash
ORD2263,2024-04-03,Meera,Monitor,Electronics,Ahmedabad,West,7,14622.93,102360.51,14531.53,Cash
ORD2264,2024-08-10,Ananya,Smartphone,Electronics,Ahmedabad,West,8,27971.01,223768.08,31357.83,Cash
ORD2265,2024-07-21,Divya,Backpack,Accessories,Mumbai,West,2,1688.24,3376.48,293.23,Cash
ORD2266,2024-05-16,Rahul,Laptop,Electronics,Hyderabad,South,4,59932.13,239728.52,58289.7,Net Banking
ORD2267,2024-07-23,Meera,Desk,Furniture,Ahmedabad,West,3,6754.84,20264.52,4254.47,Net Banking
ORD2268,2024-06-25,Meera,Headphones,Electronics,Chennai,South,2,2646.36,5292.72,536.9,UPI
ORD2269,2024-11-01,Nikhil,Pen Set,Stationery,Mumbai,West,1,207.13,207.13,28.62,UPI
ORD2270,2024-08-07,Arjun,Office Chair,Furniture,Ahmedabad,West,5,8129.78,40648.9,3822.81,Card
ORD2271,2024-05-14,Nikhil,Backpack,Accessories,Hyderabad,South,4,1721.21,6884.84,685.41,Card
ORD2272,2024-02-22,Nikhil,Pen Set,Stationery,Kolkata,East,4,198.96,795.84,169.56,Card
ORD2273,2024-05-20,Arjun,Monitor,Electronics,Hyderabad,South,4,13861.38,55445.52,8218.03,Card
ORD2274,2024-07-13,Divya,Office Chair,Furniture,Bengaluru,South,10,7989.39,79893.9,18131.08,Cash
ORD2275,2024-09-18,Divya,Backpack,Accessories,Mumbai,West,4,1741.02,6964.08,1124.44,UPI
ORD2276,2024-12-30,Divya,Keyboard,Electronics,Chennai,South,5,1459.07,7295.35,1753.14,Card
ORD2277,2024-06-13,Arjun,Mouse,Electronics,Bengaluru,South,3,726.54,2179.62,193.69,Cash
ORD2278,2024-09-08,Kiran,Desk,Furniture,Pune,West,10,6441.07,64410.7,7176.82,Cash
ORD2279,2024-03-07,Kiran,Keyboard,Electronics,Chennai,South,2,1550.68,3101.36,608.19,Cash
ORD2280,2024-11-28,Sneha,Backpack,Accessories,Delhi,North,10,1810.39,18103.9,2591.95,Card
ORD2281,2024-11-04,Rahul,Notebook,Stationery,Kolkata,East,2,129.29,258.58,26.42,UPI
ORD2282,2024-02-08,Meera,Notebook,Stationery,Mumbai,West,4,124.91,499.64,118.58,Cash
ORD2283,2024-03-06,Arjun,Keyboard,Electronics,Ahmedabad,West,4,1510.07,6040.28,641.02,Net Banking
ORD2284,2024-08-17,Aisha,Printer,Electronics,Pune,West,9,13140.3,118262.7,27452.94,UPI
ORD2285,2024-09-14,Pooja,Office Chair,Furniture,Chennai,South,8,8362.31,66898.48,15943.68,UPI
ORD2286,2024-02-01,Pooja,Headphones,Electronics,Pune,West,3,2394.83,7184.49,1742.14,Card
ORD2287,2024-02-08,Priya,Backpack,Accessories,Kolkata,East,8,1866.49,14931.92,3403.63,Net Banking
ORD2288,2024-05-19,Arjun,Printer,Electronics,Kolkata,East,9,12670.49,114034.41,16893.55,Card
ORD2289,2024-09-19,Vikram,Laptop,Electronics,Hyderabad,South,10,51895.88,518958.8,102983.58,Cash
ORD2290,2024-03-28,Arjun,Keyboard,Electronics,Mumbai,West,5,1562.48,7812.4,1358.31,UPI
ORD2291,2024-05-22,Neha,Printer,Electronics,Mumbai,West,5,10893.82,54469.1,5729.26,Card
ORD2292,2024-02-29,Ananya,Keyboard,Electronics,Bengaluru,South,4,1646.86,6587.44,762.14,Cash
ORD2293,2024-10-08,Sneha,Pen Set,Stationery,Delhi,North,6,183.33,1099.98,219.92,Card
ORD2294,2024-01-06,Sanjay,Office Chair,Furniture,Pune,West,6,9324.94,55949.64,10429.71,Cash
ORD2295,2024-12-02,Sanjay,Monitor,Electronics,Pune,West,3,14267.96,42803.88,3538.11,UPI
ORD2296,2024-10-09,Arjun,Backpack,Accessories,Kolkata,East,5,1933.21,9666.05,1815.59,Net Banking
ORD2297,2024-07-21,Priya,Monitor,Electronics,Delhi,North,5,14111.76,70558.8,13199.16,Net Banking
ORD2298,2024-09-10,Priya,Monitor,Electronics,Kolkata,East,6,13945.0,83670.0,13506.95,Net Banking
ORD2299,2024-04-02,Aisha,Headphones,Electronics,Hyderabad,South,4,2534.83,10139.32,2437.19,Cash
ORD2300,2024-12-17,Rohit,Laptop,Electronics,Pune,West,3,59237.78,177713.34,38914.75,Card
ORD2301,2024-11-26,Divya,Smartphone,Electronics,Hyderabad,South,2,29558.37,59116.74,9302.26,UPI
ORD2302,2024-01-11,Rahul,Backpack,Accessories,Hyderabad,South,1,1837.19,1837.19,264.99,UPI
ORD2303,2024-03-14,Aisha,Pen Set,Stationery,Bengaluru,South,3,189.93,569.79,53.68,UPI
ORD2304,2024-12-28,Rahul,Laptop,Electronics,Chennai,South,9,57597.45,518377.05,71290.47,Card
ORD2305,2024-06-06,Kiran,Headphones,Electronics,Ahmedabad,West,10,2696.2,26962.0,5894.68,Net Banking
ORD2306,2024-10-05,Rahul,Headphones,Electronics,Mumbai,West,1,2521.76,2521.76,316.4,UPI
ORD2307,2024-07-31,Priya,Laptop,Electronics,Chennai,South,9,52764.12,474877.08,79286.53,UPI
ORD2308,2024-12-01,Sneha,Monitor,Electronics,Bengaluru,South,4,14781.41,59125.64,6211.39,Card
ORD2309,2024-04-24,Rahul,Pen Set,Stationery,Kolkata,East,2,199.67,399.34,99.21,Cash
ORD2310,2024-02-13,Neha,Mouse,Electronics,Chennai,South,10,773.4,7734.0,1092.69,UPI
ORD2311,2024-04-02,Aisha,Notebook,Stationery,Hyderabad,South,3,118.29,354.87,48.59,Net Banking
ORD2312,2024-02-23,Sneha,Headphones,Electronics,Pune,West,10,2658.78,26587.8,3701.7,Net Banking
ORD2313,2024-02-09,Pooja,Pen Set,Stationery,Delhi,North,5,212.43,1062.15,213.41,UPI
ORD2314,2024-09-01,Sanjay,Headphones,Electronics,Hyderabad,South,6,2323.89,13943.34,2174.3,UPI
ORD2315,2024-03-06,Priya,Smartphone,Electronics,Kolkata,East,5,27868.01,139340.05,18799.63,Net Banking
ORD2316,2024-07-30,Rohit,Mouse,Electronics,Delhi,North,8,787.81,6302.48,1247.14,Cash
ORD2317,2024-09-30,Vikram,Headphones,Electronics,Mumbai,West,7,2459.33,17215.31,2832.05,Card
ORD2318,2024-12-21,Pooja,Office Chair,Furniture,Chennai,South,10,8865.37,88653.7,15033.97,Card
ORD2319,2024-01-09,Kiran,Backpack,Accessories,Chennai,South,4,1750.22,7000.88,802.0,Net Banking
ORD2320,2024-03-12,Sneha,Headphones,Electronics,Chennai,South,1,2705.68,2705.68,382.44,Net Banking
ORD2321,2024-03-11,Rahul,Headphones,Electronics,Kolkata,East,4,2355.37,9421.48,1113.43,Card
ORD2322,2024-12-05,Rohit,Office Chair,Furniture,Bengaluru,South,7,8281.86,57973.02,11550.45,UPI
ORD2323,2024-05-05,Rahul,Desk,Furniture,Hyderabad,South,1,6505.64,6505.64,676.7,UPI
ORD2324,2024-03-12,Nikhil,Notebook,Stationery,Kolkata,East,3,126.37,379.11,60.6,Cash
ORD2325,2024-01-07,Sneha,Desk,Furniture,Kolkata,East,6,6921.56,41529.36,7874.96,UPI
ORD2326,2024-03-23,Ananya,Headphones,Electronics,Bengaluru,South,1,2552.09,2552.09,279.48,Net Banking
ORD2327,2024-10-19,Meera,Office Chair,Furniture,Ahmedabad,West,9,8859.39,79734.51,9876.65,Cash
ORD2328,2024-02-17,Meera,Backpack,Accessories,Mumbai,West,7,1955.32,13687.24,1727.48,Net Banking
ORD2329,2024-04-04,Sanjay,Headphones,Electronics,Mumbai,West,7,2559.52,17916.64,2100.08,UPI
ORD2330,2024-07-13,Priya,Backpack,Accessories,Ahmedabad,West,8,1732.75,13862.0,2621.6,UPI
ORD2331,2024-07-04,Rohit,Mouse,Electronics,Kolkata,East,4,763.19,3052.76,298.4,Cash
ORD2332,2024-04-18,Rohit,Laptop,Electronics,Mumbai,West,5,51290.36,256451.8,25157.66,UPI
ORD2333,2024-05-03,Sneha,Keyboard,Electronics,Mumbai,West,9,1410.52,12694.68,3020.88,UPI
ORD2334,2024-01-25,Kiran,Notebook,Stationery,Bengaluru,South,10,131.68,1316.8,213.65,UPI
ORD2335,2024-09-13,Arjun,Keyboard,Electronics,Bengaluru,South,6,1575.5,9453.0,2296.94,Cash
ORD2336,2024-07-27,Neha,Office Chair,Furniture,Delhi,North,3,8844.52,26533.56,2561.94,UPI
ORD2337,2024-10-27,Sanjay,Printer,Electronics,Hyderabad,South,1,12209.22,12209.22,1769.84,UPI
ORD2338,2024-11-16,Rahul,Keyboard,Electronics,Hyderabad,South,3,1554.71,4664.13,435.57,Card
ORD2339,2024-11-07,Aisha,Monitor,Electronics,Hyderabad,South,3,16480.25,49440.75,8171.34,Cash
ORD2340,2024-08-08,Ananya,Desk,Furniture,Hyderabad,South,6,6707.18,40243.08,7484.81,Net Banking
ORD2341,2024-10-17,Aisha,Monitor,Electronics,Mumbai,West,10,15320.63,153206.3,37208.09,Net Banking
ORD2342,2024-02-14,Vikram,Smartphone,Electronics,Bengaluru,South,3,31597.9,94793.7,12571.75,UPI
ORD2343,2024-05-23,Rohit,Desk,Furniture,Delhi,North,3,7607.68,22823.04,2452.34,Cash
ORD2344,2024-05-12,Vikram,Mouse,Electronics,Chennai,South,2,748.67,1497.34,316.28,Cash
ORD2345,2024-07-05,Sanjay,Desk,Furniture,Hyderabad,South,2,7660.35,15320.7,2497.34,Cash
ORD2346,2024-07-06,Meera,Office Chair,Furniture,Kolkata,East,10,9209.14,92091.4,9386.63,Cash
ORD2347,2024-12-15,Ananya,Mouse,Electronics,Chennai,South,7,800.95,5606.65,699.04,UPI
ORD2348,2024-05-28,Divya,Backpack,Accessories,Mumbai,West,9,1622.86,14605.74,3286.59,Card
ORD2349,2024-12-08,Rahul,Notebook,Stationery,Kolkata,East,2,113.35,226.7,51.83,Cash
ORD2350,2024-02-13,Priya,Desk,Furniture,Ahmedabad,West,9,7560.18,68041.62,10820.32,UPI
ORD2351,2024-06-24,Rohit,Office Chair,Furniture,Kolkata,East,4,8332.58,33330.32,3031.73,Net Banking
ORD2352,2024-03-20,Vikram,Monitor,Electronics,Ahmedabad,West,2,14335.13,28670.26,2480.21,Card
ORD2353,2024-07-13,Ananya,Pen Set,Stationery,Mumbai,West,6,202.73,1216.38,301.57,Cash
ORD2354,2024-12-16,Divya,Office Chair,Furniture,Ahmedabad,West,4,7741.93,30967.72,7047.12,Cash
ORD2355,2024-02-11,Sneha,Keyboard,Electronics,Hyderabad,South,2,1392.52,2785.04,352.49,Net Banking
ORD2356,2024-08-07,Kiran,Office Chair,Furniture,Mumbai,West,5,7962.93,39814.65,3548.93,Cash
ORD2357,2024-10-01,Nikhil,Headphones,Electronics,Mumbai,West,6,2720.97,16325.82,2642.76,Card
ORD2358,2024-01-06,Meera,Backpack,Accessories,Kolkata,East,6,1948.54,11691.24,2068.81,Card
ORD2359,2024-06-11,Ananya,Smartphone,Electronics,Hyderabad,South,6,30984.38,185906.28,40898.57,Card
ORD2360,2024-12-11,Divya,Desk,Furniture,Hyderabad,South,8,7510.02,60080.16,5966.75,Cash
ORD2361,2024-11-20,Vikram,Printer,Electronics,Bengaluru,South,8,13063.98,104511.84,23592.02,UPI
ORD2362,2024-03-26,Rohit,Laptop,Electronics,Mumbai,West,4,54121.94,216487.76,37416.59,Net Banking
ORD2363,2024-10-22,Ananya,Monitor,Electronics,Delhi,North,4,16357.13,65428.52,16042.85,Cash
ORD2364,2024-03-04,Nikhil,Mouse,Electronics,Bengaluru,South,5,863.46,4317.3,713.88,Net Banking
ORD2365,2024-10-04,Divya,Pen Set,Stationery,Ahmedabad,West,7,196.42,1374.94,192.32,Cash
ORD2366,2024-10-31,Priya,Smartphone,Electronics,Hyderabad,South,8,29570.3,236562.4,26038.94,Net Banking
ORD2367,2024-02-20,Rahul,Office Chair,Furniture,Pune,West,7,8727.98,61095.86,12179.81,UPI
ORD2368,2024-11-15,Neha,Smartphone,Electronics,Bengaluru,South,10,32594.98,325949.8,31820.78,UPI
ORD2369,2024-05-28,Sanjay,Pen Set,Stationery,Ahmedabad,West,9,203.25,1829.25,156.49,Net Banking
ORD2370,2024-08-28,Rahul,Monitor,Electronics,Mumbai,West,8,15154.76,121238.08,12058.97,Cash
ORD2371,2024-04-24,Meera,Desk,Furniture,Kolkata,East,7,6310.65,44174.55,6347.42,Cash
ORD2372,2024-07-31,Aisha,Keyboard,Electronics,Pune,West,5,1601.55,8007.75,1723.06,Card
ORD2373,2024-07-10,Sanjay,Laptop,Electronics,Kolkata,East,1,49670.83,49670.83,5268.77,Cash
ORD2374,2024-07-19,Arjun,Mouse,Electronics,Hyderabad,South,10,878.85,8788.5,1064.39,Net Banking
ORD2375,2024-03-29,Divya,Laptop,Electronics,Kolkata,East,3,59833.31,179499.93,26273.4,Cash
ORD2376,2024-03-05,Meera,Printer,Electronics,Hyderabad,South,7,11354.33,79480.31,15952.03,UPI
ORD2377,2024-06-14,Arjun,Pen Set,Stationery,Kolkata,East,5,213.49,1067.45,114.26,UPI
ORD2378,2024-03-19,Ananya,Smartphone,Electronics,Bengaluru,South,7,27069.23,189484.61,39963.34,UPI
ORD2379,2024-08-20,Aisha,Notebook,Stationery,Kolkata,East,1,125.82,125.82,12.86,Cash
ORD2380,2024-05-05,Nikhil,Headphones,Electronics,Mumbai,West,4,2398.46,9593.84,1640.75,Net Banking
ORD2381,2024-01-12,Aisha,Keyboard,Electronics,Bengaluru,South,5,1374.89,6874.45,717.97,UPI
ORD2382,2024-05-14,Neha,Smartphone,Electronics,Ahmedabad,West,10,27736.11,277361.1,28876.62,Card
ORD2383,2024-04-16,Divya,Smartphone,Electronics,Chennai,South,8,32067.74,256541.92,60328.98,UPI
ORD2384,2024-02-09,Arjun,Desk,Furniture,Bengaluru,South,7,6403.01,44821.07,10894.52,Net Banking
ORD2385,2024-01-06,Neha,Office Chair,Furniture,Delhi,North,8,9024.53,72196.24,7982.53,Card
ORD2386,2024-09-04,Rohit,Pen Set,Stationery,Bengaluru,South,2,219.04,438.08,109.05,UPI
ORD2387,2024-01-12,Meera,Headphones,Electronics,Pune,West,2,2346.42,4692.84,399.01,Card
ORD2388,2024-03-11,Arjun,Monitor,Electronics,Delhi,North,2,16195.72,32391.44,2753.75,UPI
ORD2389,2024-02-17,Kiran,Backpack,Accessories,Hyderabad,South,5,1718.52,8592.6,978.44,Cash
ORD2390,2024-04-08,Sneha,Desk,Furniture,Ahmedabad,West,7,7017.72,49124.04,7269.87,Card
ORD2391,2024-10-27,Sneha,Monitor,Electronics,Pune,West,7,13808.68,96660.76,20766.22,Card
ORD2392,2024-05-19,Sanjay,Monitor,Electronics,Ahmedabad,West,7,16148.57,113039.99,17186.07,Cash
ORD2393,2024-06-29,Kiran,Notebook,Stationery,Chennai,South,10,117.19,1171.9,133.54,UPI
ORD2394,2024-07-28,Sneha,Desk,Furniture,Hyderabad,South,1,7641.34,7641.34,940.04,Cash
ORD2395,2024-04-05,Kiran,Office Chair,Furniture,Bengaluru,South,2,7955.84,15911.68,2145.78,Card
ORD2396,2024-03-03,Ananya,Smartphone,Electronics,Mumbai,West,6,29231.79,175390.74,37273.6,Cash
ORD2397,2024-06-13,Neha,Backpack,Accessories,Bengaluru,South,6,1696.96,10181.76,1796.77,Card
ORD2398,2024-04-21,Rahul,Printer,Electronics,Chennai,South,7,11480.67,80364.69,9327.91,Cash
ORD2399,2024-08-10,Kiran,Backpack,Accessories,Chennai,South,10,1941.36,19413.6,2945.0,Cash
ORD2400,2024-05-20,Divya,Monitor,Electronics,Mumbai,West,1,15908.18,15908.18,2621.2,UPI
ORD2401,2024-05-01,Rohit,Smartphone,Electronics,Ahmedabad,West,3,30608.58,91825.74,16574.46,UPI
ORD2402,2024-05-25,Priya,Keyboard,Electronics,Bengaluru,South,10,1646.39,16463.9,3868.68,Net Banking
ORD2403,2024-02-18,Sanjay,Laptop,Electronics,Bengaluru,South,6,56592.53,339555.18,31173.61,Net Banking
ORD2404,2024-02-10,Meera,Backpack,Accessories,Pune,West,5,1734.19,8670.95,1203.44,Cash
ORD2405,2024-09-09,Sanjay,Desk,Furniture,Bengaluru,South,7,6717.82,47024.74,11628.01,UPI
ORD2406,2024-03-12,Rahul,Mouse,Electronics,Chennai,South,1,755.84,755.84,166.53,Cash
ORD2407,2024-07-07,Sanjay,Backpack,Accessories,Kolkata,East,4,1681.27,6725.08,756.55,UPI
ORD2408,2024-01-25,Sneha,Backpack,Accessories,Bengaluru,South,5,1937.99,9689.95,846.16,UPI
ORD2409,2024-12-23,Priya,Keyboard,Electronics,Delhi,North,10,1587.49,15874.9,2294.31,Card
ORD2410,2024-10-26,Neha,Notebook,Stationery,Ahmedabad,West,2,111.03,222.06,50.3,Net Banking
ORD2411,2024-09-01,Aisha,Pen Set,Stationery,Ahmedabad,West,2,200.87,401.74,48.57,Net Banking
ORD2412,2024-05-31,Nikhil,Keyboard,Electronics,Delhi,North,8,1417.75,11342.0,1416.03,UPI
ORD2413,2024-09-10,Ananya,Mouse,Electronics,Mumbai,West,4,831.19,3324.76,308.45,Card
ORD2414,2024-02-23,Kiran,Laptop,Electronics,Mumbai,West,8,58503.63,468029.04,52393.96,Card
ORD2415,2024-09-15,Rahul,Notebook,Stationery,Delhi,North,5,125.0,625.0,119.62,Card
ORD2416,2024-09-19,Arjun,Monitor,Electronics,Delhi,North,7,16425.19,114976.33,26161.25,Net Banking
ORD2417,2024-10-22,Aisha,Monitor,Electronics,Chennai,South,5,14769.28,73846.4,14523.02,UPI
ORD2418,2024-08-23,Priya,Headphones,Electronics,Ahmedabad,West,2,2622.51,5245.02,634.1,Cash
ORD2419,2024-10-08,Rahul,Laptop,Electronics,Ahmedabad,West,9,54479.05,490311.45,61361.69,Cash
ORD2420,2024-06-19,Ananya,Office Chair,Furniture,Mumbai,West,3,8324.78,24974.34,3827.17,Net Banking
ORD2421,2024-08-04,Arjun,Keyboard,Electronics,Delhi,North,2,1364.74,2729.48,395.85,Cash
ORD2422,2024-09-09,Meera,Monitor,Electronics,Kolkata,East,3,15282.15,45846.45,7795.07,Net Banking
ORD2423,2024-01-28,Neha,Smartphone,Electronics,Bengaluru,South,4,32753.83,131015.32,15371.84,UPI
ORD2424,2024-04-25,Neha,Notebook,Stationery,Pune,West,4,109.58,438.32,42.59,Net Banking
ORD2425,2024-12-20,Sneha,Office Chair,Furniture,Kolkata,East,2,8023.81,16047.62,3531.95,Net Banking
ORD2426,2024-11-01,Sneha,Monitor,Electronics,Hyderabad,South,4,14542.9,58171.6,7501.74,UPI
ORD2427,2024-06-05,Sanjay,Smartphone,Electronics,Hyderabad,South,9,32446.69,292020.21,54245.71,Card
ORD2428,2024-08-21,Priya,Headphones,Electronics,Delhi,North,2,2333.32,4666.64,636.84,UPI
ORD2429,2024-05-15,Neha,Pen Set,Stationery,Ahmedabad,West,7,193.36,1353.52,149.13,UPI
ORD2430,2024-01-01,Vikram,Headphones,Electronics,Bengaluru,South,10,2426.07,24260.7,3895.08,Card
ORD2431,2024-05-28,Sanjay,Desk,Furniture,Chennai,South,1,7446.5,7446.5,1313.83,Card
ORD2432,2024-06-20,Vikram,Printer,Electronics,Hyderabad,South,3,12660.62,37981.86,3684.19,Net Banking
ORD2433,2024-07-05,Vikram,Backpack,Accessories,Delhi,North,9,1712.64,15413.76,2507.88,UPI
ORD2434,2024-11-01,Vikram,Mouse,Electronics,Pune,West,6,862.62,5175.72,1095.54,UPI
ORD2435,2024-12-03,Priya,Keyboard,Electronics,Bengaluru,South,3,1643.59,4930.77,1112.21,Cash
ORD2436,2024-08-08,Kiran,Desk,Furniture,Bengaluru,South,4,7108.62,28434.48,5638.19,Card
ORD2437,2024-02-25,Sneha,Backpack,Accessories,Chennai,South,4,1951.43,7805.72,1125.76,Net Banking
ORD2438,2024-06-18,Divya,Printer,Electronics,Hyderabad,South,5,12984.79,64923.95,9044.14,Net Banking
ORD2439,2024-06-24,Sanjay,Keyboard,Electronics,Pune,West,4,1362.33,5449.32,917.74,UPI
ORD2440,2024-05-27,Rahul,Office Chair,Furniture,Ahmedabad,West,10,9295.86,92958.6,19958.02,UPI
ORD2441,2024-05-28,Rohit,Desk,Furniture,Hyderabad,South,8,7253.29,58026.32,9803.06,Card
ORD2442,2024-08-20,Ananya,Keyboard,Electronics,Ahmedabad,West,5,1369.38,6846.9,890.81,Card
ORD2443,2024-06-29,Aisha,Keyboard,Electronics,Chennai,South,1,1496.51,1496.51,121.02,UPI
ORD2444,2024-09-14,Aisha,Laptop,Electronics,Pune,West,3,53352.4,160057.2,20512.15,Card
ORD2445,2024-10-26,Neha,Smartphone,Electronics,Pune,West,3,32975.49,98926.47,11222.58,UPI
ORD2446,2024-12-13,Aisha,Keyboard,Electronics,Mumbai,West,1,1491.95,1491.95,209.3,Net Banking
ORD2447,2024-11-01,Sneha,Office Chair,Furniture,Kolkata,East,2,9168.16,18336.32,4335.31,Card
ORD2448,2024-04-12,Sneha,Notebook,Stationery,Kolkata,East,6,127.31,763.86,79.18,Card
ORD2449,2024-11-17,Vikram,Office Chair,Furniture,Mumbai,West,5,8168.49,40842.45,5331.85,Card
ORD2450,2024-06-09,Meera,Office Chair,Furniture,Kolkata,East,2,7885.64,15771.28,2446.49,Cash
ORD2451,2024-08-24,Ananya,Desk,Furniture,Delhi,North,7,6953.17,48672.19,11849.05,UPI
ORD2452,2024-05-04,Rohit,Office Chair,Furniture,Chennai,South,3,8695.85,26087.55,3428.07,Cash
ORD2453,2024-07-25,Aisha,Headphones,Electronics,Pune,West,1,2627.67,2627.67,385.62,UPI
ORD2454,2024-11-28,Rahul,Desk,Furniture,Ahmedabad,West,1,6418.52,6418.52,808.28,Cash
ORD2455,2024-02-01,Rahul,Notebook,Stationery,Chennai,South,5,121.57,607.85,119.99,UPI
ORD2456,2024-09-10,Priya,Backpack,Accessories,Mumbai,West,9,1671.89,15047.01,3097.76,Card
ORD2457,2024-01-04,Pooja,Pen Set,Stationery,Hyderabad,South,5,205.13,1025.65,207.44,Net Banking
ORD2458,2024-03-02,Meera,Notebook,Stationery,Mumbai,West,2,109.61,219.22,23.24,UPI
ORD2459,2024-08-15,Divya,Monitor,Electronics,Mumbai,West,2,14921.23,29842.46,6612.0,UPI
ORD2460,2024-04-30,Sanjay,Smartphone,Electronics,Pune,West,7,29902.32,209316.24,23294.27,Cash
ORD2461,2024-01-12,Priya,Notebook,Stationery,Ahmedabad,West,10,110.96,1109.6,116.35,Card
ORD2462,2024-04-12,Vikram,Backpack,Accessories,Mumbai,West,3,1804.15,5412.45,1076.74,Net Banking
ORD2463,2024-12-07,Sneha,Keyboard,Electronics,Pune,West,2,1637.73,3275.46,536.53,Net Banking
ORD2464,2024-01-15,Sneha,Office Chair,Furniture,Chennai,South,8,8358.72,66869.76,10179.02,Net Banking
ORD2465,2024-11-29,Neha,Smartphone,Electronics,Kolkata,East,1,30483.23,30483.23,2615.28,Net Banking
ORD2466,2024-05-21,Ananya,Laptop,Electronics,Delhi,North,3,54646.98,163940.94,33267.08,Card
ORD2467,2024-09-19,Rahul,Mouse,Electronics,Mumbai,West,6,864.41,5186.46,877.86,Card
ORD2468,2024-08-23,Nikhil,Pen Set,Stationery,Hyderabad,South,6,206.24,1237.44,217.46,Card
ORD2469,2024-09-04,Divya,Keyboard,Electronics,Pune,West,7,1370.46,9593.22,2136.27,Net Banking
ORD2470,2024-12-03,Meera,Notebook,Stationery,Hyderabad,South,10,125.0,1250.0,207.73,Cash
ORD2471,2024-11-12,Sanjay,Headphones,Electronics,Delhi,North,10,2727.6,27276.0,3796.17,Net Banking
ORD2472,2024-02-19,Aisha,Smartphone,Electronics,Bengaluru,South,1,32112.19,32112.19,3437.95,UPI
ORD2473,2024-05-01,Rahul,Desk,Furniture,Ahmedabad,West,6,7363.87,44183.22,10905.56,Card
ORD2474,2024-05-08,Rahul,Backpack,Accessories,Kolkata,East,7,1952.06,13664.42,1237.01,UPI
ORD2475,2024-01-16,Neha,Backpack,Accessories,Chennai,South,8,1894.81,15158.48,2775.68,Card
ORD2476,2024-10-20,Meera,Mouse,Electronics,Chennai,South,8,780.42,6243.36,1549.03,Card
ORD2477,2024-04-13,Nikhil,Monitor,Electronics,Pune,West,8,14812.54,118500.32,15243.31,Card
ORD2478,2024-12-08,Rahul,Office Chair,Furniture,Mumbai,West,2,8639.58,17279.16,3230.33,Card
ORD2479,2024-10-06,Sanjay,Laptop,Electronics,Hyderabad,South,1,53455.17,53455.17,7984.31,UPI
ORD2480,2024-10-19,Sanjay,Mouse,Electronics,Hyderabad,South,9,799.39,7194.51,1593.65,Net Banking
ORD2481,2024-03-11,Pooja,Printer,Electronics,Delhi,North,6,12284.35,73706.1,12896.99,UPI
ORD2482,2024-03-06,Pooja,Desk,Furniture,Kolkata,East,7,7523.57,52664.99,9308.85,Cash
ORD2483,2024-06-18,Ananya,Smartphone,Electronics,Chennai,South,8,28383.44,227067.52,41383.79,Card
ORD2484,2024-03-21,Sneha,Keyboard,Electronics,Pune,West,7,1560.98,10926.86,1000.38,UPI
ORD2485,2024-07-23,Rohit,Printer,Electronics,Mumbai,West,9,13036.34,117327.06,19359.9,UPI
ORD2486,2024-05-14,Aisha,Printer,Electronics,Chennai,South,10,11930.35,119303.5,28150.44,UPI
ORD2487,2024-01-31,Priya,Laptop,Electronics,Delhi,North,7,52369.69,366587.83,50175.61,Card
ORD2488,2024-10-15,Neha,Printer,Electronics,Delhi,North,1,11365.48,11365.48,1050.11,UPI
ORD2489,2024-02-11,Neha,Mouse,Electronics,Chennai,South,7,815.7,5709.9,1051.27,Net Banking
ORD2490,2024-04-25,Aisha,Headphones,Electronics,Pune,West,1,2302.03,2302.03,378.5,Cash
ORD2491,2024-04-26,Ananya,Office Chair,Furniture,Ahmedabad,West,5,8978.62,44893.1,10280.36,UPI
ORD2492,2024-12-16,Nikhil,Laptop,Electronics,Mumbai,West,9,56189.53,505705.77,73072.47,UPI
ORD2493,2024-03-05,Divya,Printer,Electronics,Ahmedabad,West,1,11729.1,11729.1,1690.5,Net Banking
ORD2494,2024-07-07,Kiran,Printer,Electronics,Hyderabad,South,2,11851.09,23702.18,5511.11,Card
ORD2495,2024-01-06,Arjun,Mouse,Electronics,Kolkata,East,1,758.11,758.11,72.5,Net Banking
ORD2496,2024-01-30,Rahul,Backpack,Accessories,Bengaluru,South,1,1934.37,1934.37,236.93,UPI
ORD2497,2024-11-04,Aisha,Headphones,Electronics,Ahmedabad,West,3,2391.3,7173.9,957.01,Card
ORD2498,2024-12-02,Rahul,Keyboard,Electronics,Hyderabad,South,10,1469.35,14693.5,2818.05,UPI
ORD2499,2024-04-22,Vikram,Keyboard,Electronics,Mumbai,West,8,1561.58,12492.64,2726.92,Cash
ORD2500,2024-12-23,Meera,Mouse,Electronics,Pune,West,4,804.3,3217.2,403.7,UPI
ORD2501,2024-05-23,Rahul,Laptop,Electronics,Delhi,North,7,57260.52,400823.64,74440.25,Card
ORD2502,2024-07-09,Nikhil,Headphones,Electronics,Mumbai,West,5,2620.95,13104.75,1517.93,Card
ORD2503,2024-02-28,Ananya,Laptop,Electronics,Mumbai,West,8,56648.99,453191.92,71214.45,Net Banking
ORD2504,2024-02-13,Ananya,Laptop,Electronics,Pune,West,5,55970.64,279853.2,36680.41,Cash
ORD2505,2024-08-15,Ananya,Notebook,Stationery,Kolkata,East,8,108.45,867.6,125.84,Card
ORD2506,2024-12-04,Sneha,Monitor,Electronics,Kolkata,East,3,15479.78,46439.34,7919.0,UPI
ORD2507,2024-06-21,Neha,Printer,Electronics,Delhi,North,1,12984.13,12984.13,2704.09,Cash
ORD2508,2024-08-10,Sanjay,Notebook,Stationery,Mumbai,West,1,116.18,116.18,25.67,Net Banking
ORD2509,2024-12-13,Sneha,Backpack,Accessories,Bengaluru,South,2,1819.19,3638.38,880.2,Net Banking
ORD2510,2024-05-01,Priya,Office Chair,Furniture,Pune,West,3,9282.52,27847.56,4440.2,UPI
ORD2511,2024-05-31,Kiran,Keyboard,Electronics,Pune,West,2,1649.64,3299.28,696.57,Net Banking
ORD2512,2024-11-30,Pooja,Laptop,Electronics,Pune,West,6,52456.22,314737.32,38582.78,UPI
ORD2513,2024-04-01,Vikram,Smartphone,Electronics,Pune,West,10,30964.66,309646.6,68778.69,Net Banking
ORD2514,2024-09-02,Aisha,Laptop,Electronics,Ahmedabad,West,1,54630.83,54630.83,13340.88,Card
ORD2515,2024-11-08,Meera,Office Chair,Furniture,Bengaluru,South,10,9246.02,92460.2,11742.05,Cash
ORD2516,2024-05-12,Sanjay,Smartphone,Electronics,Ahmedabad,West,3,28548.04,85644.12,18306.01,Net Banking
ORD2517,2024-01-26,Arjun,Headphones,Electronics,Mumbai,West,3,2323.45,6970.35,1289.87,UPI
ORD2518,2024-10-23,Kiran,Pen Set,Stationery,Bengaluru,South,3,207.38,622.14,140.79,UPI
ORD2519,2024-05-11,Ananya,Printer,Electronics,Mumbai,West,1,13084.09,13084.09,3253.16,Cash
ORD2520,2024-09-16,Vikram,Printer,Electronics,Bengaluru,South,10,11363.27,113632.7,11199.39,UPI
ORD2521,2024-12-14,Divya,Printer,Electronics,Chennai,South,4,11289.7,45158.8,7991.4,UPI
ORD2522,2024-07-03,Kiran,Pen Set,Stationery,Kolkata,East,5,185.72,928.6,125.84,Net Banking
ORD2523,2024-01-16,Priya,Pen Set,Stationery,Delhi,North,8,217.7,1741.6,226.39,Cash
ORD2524,2024-11-07,Arjun,Laptop,Electronics,Pune,West,3,59530.6,178591.8,15062.61,Cash
ORD2525,2024-12-02,Nikhil,Printer,Electronics,Delhi,North,4,11709.22,46836.88,8386.46,Card
ORD2526,2024-10-16,Meera,Office Chair,Furniture,Chennai,South,2,9279.66,18559.32,4615.6,Net Banking
ORD2527,2024-12-03,Meera,Printer,Electronics,Chennai,South,9,12715.69,114441.21,20966.47,Net Banking
ORD2528,2024-05-04,Kiran,Mouse,Electronics,Pune,West,4,853.76,3415.04,443.34,Card
ORD2529,2024-12-20,Arjun,Mouse,Electronics,Mumbai,West,8,770.37,6162.96,1511.82,Net Banking
ORD2530,2024-02-09,Neha,Backpack,Accessories,Kolkata,East,6,1648.69,9892.14,1733.87,Cash
ORD2531,2024-04-27,Rohit,Pen Set,Stationery,Ahmedabad,West,10,189.21,1892.1,404.29,Card
ORD2532,2024-11-06,Sneha,Printer,Electronics,Mumbai,West,7,12417.85,86924.95,16794.2,Cash
ORD2533,2024-03-16,Rohit,Mouse,Electronics,Delhi,North,2,733.04,1466.08,222.22,Net Banking
ORD2534,2024-03-02,Divya,Pen Set,Stationery,Mumbai,West,3,215.06,645.18,53.32,Cash
ORD2535,2024-08-08,Ananya,Printer,Electronics,Ahmedabad,West,2,11103.36,22206.72,1905.18,Card
ORD2536,2024-08-04,Kiran,Smartphone,Electronics,Hyderabad,South,9,32201.28,289811.52,68443.6,Card
ORD2537,2024-06-21,Rohit,Office Chair,Furniture,Mumbai,West,5,7852.35,39261.75,9130.81,UPI
ORD2538,2024-08-17,Neha,Backpack,Accessories,Bengaluru,South,2,1885.95,3771.9,529.36,Net Banking
ORD2539,2024-03-09,Nikhil,Pen Set,Stationery,Ahmedabad,West,7,191.57,1340.99,216.04,Card
ORD2540,2024-07-08,Aisha,Backpack,Accessories,Chennai,South,3,1942.42,5827.26,1054.17,Net Banking
ORD2541,2024-05-23,Pooja,Office Chair,Furniture,Delhi,North,8,7950.43,63603.44,12900.73,UPI
ORD2542,2024-09-25,Rohit,Monitor,Electronics,Pune,West,8,14523.35,116186.8,20437.53,Net Banking
ORD2543,2024-03-14,Ananya,Keyboard,Electronics,Delhi,North,7,1445.57,10118.99,1116.44,Card
ORD2544,2024-06-26,Sneha,Office Chair,Furniture,Pune,West,10,9145.29,91452.9,12203.7,Card
ORD2545,2024-03-27,Sneha,Smartphone,Electronics,Pune,West,5,29919.81,149599.05,17655.33,Cash
ORD2546,2024-04-15,Meera,Notebook,Stationery,Chennai,South,4,123.99,495.96,51.57,Card
ORD2547,2024-09-07,Sanjay,Laptop,Electronics,Bengaluru,South,9,55417.08,498753.72,56445.23,UPI
ORD2548,2024-08-15,Meera,Mouse,Electronics,Mumbai,West,5,870.69,4353.45,770.99,Card
ORD2549,2024-03-02,Vikram,Desk,Furniture,Pune,West,2,7302.75,14605.5,3450.71,Net Banking
ORD2550,2024-12-08,Rahul,Desk,Furniture,Pune,West,2,7510.3,15020.6,3737.47,Cash
ORD2551,2024-05-21,Vikram,Smartphone,Electronics,Mumbai,West,2,28962.69,57925.38,9627.21,UPI
ORD2552,2024-09-23,Kiran,Backpack,Accessories,Delhi,North,1,1776.02,1776.02,423.59,Card
ORD2553,2024-04-22,Aisha,Printer,Electronics,Bengaluru,South,1,11390.19,11390.19,2046.57,Card
ORD2554,2024-09-11,Sneha,Keyboard,Electronics,Ahmedabad,West,3,1495.35,4486.05,501.58,Card
ORD2555,2024-01-02,Divya,Monitor,Electronics,Chennai,South,9,16071.47,144643.23,29999.85,UPI
ORD2556,2024-11-10,Divya,Desk,Furniture,Mumbai,West,3,6354.34,19063.02,3754.59,Card
ORD2557,2024-06-02,Sanjay,Pen Set,Stationery,Delhi,North,8,201.22,1609.76,389.94,Card
ORD2558,2024-07-01,Meera,Keyboard,Electronics,Ahmedabad,West,8,1589.02,12712.16,1864.57,Net Banking
ORD2559,2024-05-27,Divya,Keyboard,Electronics,Chennai,South,4,1383.71,5534.84,1271.64,Net Banking
ORD2560,2024-06-12,Aisha,Mouse,Electronics,Mumbai,West,7,738.53,5169.71,822.01,UPI
ORD2561,2024-09-07,Rohit,Mouse,Electronics,Kolkata,East,3,843.79,2531.37,410.68,Net Banking
ORD2562,2024-07-28,Ananya,Pen Set,Stationery,Mumbai,West,1,191.64,191.64,31.86,Cash
ORD2563,2024-07-23,Sneha,Keyboard,Electronics,Delhi,North,7,1467.41,10271.87,1593.49,UPI
ORD2564,2024-06-06,Vikram,Keyboard,Electronics,Ahmedabad,West,4,1451.95,5807.8,1272.77,Net Banking
ORD2565,2024-11-10,Rohit,Monitor,Electronics,Hyderabad,South,9,14118.6,127067.4,23672.49,Cash
ORD2566,2024-12-26,Kiran,Headphones,Electronics,Bengaluru,South,1,2651.21,2651.21,252.77,Cash
ORD2567,2024-04-11,Priya,Printer,Electronics,Chennai,South,1,12044.76,12044.76,1705.02,Net Banking
ORD2568,2024-06-18,Divya,Backpack,Accessories,Mumbai,West,5,1908.46,9542.3,2240.64,Card
ORD2569,2024-09-26,Rahul,Printer,Electronics,Mumbai,West,1,10886.58,10886.58,907.99,Net Banking
ORD2570,2024-11-19,Pooja,Desk,Furniture,Bengaluru,South,3,6696.33,20088.99,1689.92,Card
ORD2571,2024-07-24,Priya,Laptop,Electronics,Pune,West,2,58442.95,116885.9,16859.11,Cash
ORD2572,2024-07-31,Ananya,Smartphone,Electronics,Chennai,South,2,30027.06,60054.12,11986.39,UPI
ORD2573,2024-04-09,Sanjay,Backpack,Accessories,Hyderabad,South,2,1884.91,3769.82,809.55,Cash
ORD2574,2024-08-22,Arjun,Mouse,Electronics,Kolkata,East,9,838.96,7550.64,991.9,UPI
ORD2575,2024-07-27,Meera,Keyboard,Electronics,Ahmedabad,West,7,1437.37,10061.59,964.11,Cash
ORD2576,2024-09-11,Nikhil,Desk,Furniture,Pune,West,9,7009.23,63083.07,9147.64,Net Banking
ORD2577,2024-07-22,Pooja,Mouse,Electronics,Chennai,South,8,755.85,6046.8,1486.2,Card
ORD2578,2024-06-19,Priya,Desk,Furniture,Delhi,North,8,7088.41,56707.28,10733.51,UPI
ORD2579,2024-05-07,Rahul,Smartphone,Electronics,Hyderabad,South,4,32188.97,128755.88,21021.71,Card
ORD2580,2024-04-29,Ananya,Office Chair,Furniture,Ahmedabad,West,9,8879.16,79912.44,14090.85,Net Banking
ORD2581,2024-01-19,Kiran,Keyboard,Electronics,Kolkata,East,5,1572.15,7860.75,1743.79,Net Banking
ORD2582,2024-10-06,Vikram,Laptop,Electronics,Pune,West,4,57805.42,231221.68,49735.39,Cash
ORD2583,2024-10-11,Sanjay,Pen Set,Stationery,Mumbai,West,6,198.45,1190.7,193.02,UPI
ORD2584,2024-03-23,Meera,Smartphone,Electronics,Kolkata,East,2,29254.12,58508.24,12208.96,UPI
ORD2585,2024-08-05,Vikram,Headphones,Electronics,Mumbai,West,8,2684.87,21478.96,2133.35,Card
ORD2586,2024-07-23,Ananya,Pen Set,Stationery,Ahmedabad,West,3,209.96,629.88,108.97,Cash
ORD2587,2024-05-18,Meera,Smartphone,Electronics,Kolkata,East,5,31319.66,156598.3,35960.99,Cash
ORD2588,2024-09-24,Aisha,Notebook,Stationery,Delhi,North,10,123.61,1236.1,128.63,Card
ORD2589,2024-04-17,Neha,Notebook,Stationery,Delhi,North,9,122.51,1102.59,176.7,Cash
ORD2590,2024-01-06,Kiran,Backpack,Accessories,Hyderabad,South,3,1808.78,5426.34,1199.22,Net Banking
ORD2591,2024-06-08,Nikhil,Headphones,Electronics,Hyderabad,South,8,2283.52,18268.16,4495.54,Card
ORD2592,2024-11-15,Vikram,Monitor,Electronics,Chennai,South,9,14875.78,133882.02,12866.26,Card
ORD2593,2024-01-08,Neha,Smartphone,Electronics,Delhi,North,9,32300.06,290700.54,40303.53,Card
ORD2594,2024-11-15,Pooja,Keyboard,Electronics,Pune,West,7,1525.34,10677.38,1409.17,Net Banking
ORD2595,2024-04-20,Sneha,Keyboard,Electronics,Mumbai,West,2,1527.79,3055.58,297.94,Card
ORD2596,2024-07-15,Kiran,Keyboard,Electronics,Chennai,South,3,1589.07,4767.21,857.35,Cash
ORD2597,2024-04-20,Rahul,Backpack,Accessories,Ahmedabad,West,4,1680.52,6722.08,1432.96,Card
ORD2598,2024-01-27,Priya,Headphones,Electronics,Hyderabad,South,8,2687.31,21498.48,2901.59,Net Banking
ORD2599,2024-05-03,Meera,Office Chair,Furniture,Ahmedabad,West,6,8164.35,48986.1,10247.95,Net Banking
ORD2600,2024-06-11,Meera,Office Chair,Furniture,Kolkata,East,8,8253.49,66027.92,14695.86,UPI
ORD2601,2024-12-30,Priya,Notebook,Stationery,Mumbai,West,3,130.69,392.07,86.93,Net Banking
ORD2602,2024-03-02,Meera,Printer,Electronics,Ahmedabad,West,8,12468.24,99745.92,12228.02,Net Banking
ORD2603,2024-08-26,Pooja,Pen Set,Stationery,Delhi,North,3,181.01,543.03,77.2,Cash
ORD2604,2024-04-07,Divya,Backpack,Accessories,Kolkata,East,4,1842.11,7368.44,1687.15,Cash
ORD2605,2024-01-03,Rohit,Headphones,Electronics,Bengaluru,South,4,2471.04,9884.16,1674.58,Cash
ORD2606,2024-01-07,Rohit,Mouse,Electronics,Chennai,South,6,866.53,5199.18,860.33,Cash
ORD2607,2024-12-26,Sneha,Laptop,Electronics,Pune,West,8,53881.23,431049.84,107450.14,Cash
ORD2608,2024-08-29,Rohit,Pen Set,Stationery,Bengaluru,South,10,212.93,2129.3,482.8,Net Banking
ORD2609,2024-10-06,Pooja,Desk,Furniture,Hyderabad,South,8,7349.91,58799.28,11176.76,UPI
ORD2610,2024-12-27,Nikhil,Laptop,Electronics,Delhi,North,1,56242.13,56242.13,11319.45,Card
ORD2611,2024-08-15,Aisha,Headphones,Electronics,Chennai,South,7,2667.03,18669.21,1872.57,UPI
ORD2612,2024-12-01,Rohit,Mouse,Electronics,Chennai,South,9,764.4,6879.6,1547.48,UPI
ORD2613,2024-07-06,Meera,Mouse,Electronics,Delhi,North,3,864.92,2594.76,466.44,UPI
ORD2614,2024-02-03,Arjun,Pen Set,Stationery,Kolkata,East,7,213.51,1494.57,289.71,Card
ORD2615,2024-11-07,Arjun,Backpack,Accessories,Pune,West,2,1682.13,3364.26,294.6,Net Banking
ORD2616,2024-06-23,Vikram,Headphones,Electronics,Bengaluru,South,5,2386.88,11934.4,1666.24,UPI
ORD2617,2024-02-14,Priya,Notebook,Stationery,Ahmedabad,West,2,110.79,221.58,21.14,Cash
ORD2618,2024-07-10,Vikram,Notebook,Stationery,Bengaluru,South,3,126.93,380.79,44.54,UPI
ORD2619,2024-04-07,Nikhil,Backpack,Accessories,Mumbai,West,5,1921.43,9607.15,1817.61,Card
ORD2620,2024-03-12,Rohit,Keyboard,Electronics,Bengaluru,South,7,1561.77,10932.39,1205.41,Cash
ORD2621,2024-05-31,Sneha,Office Chair,Furniture,Mumbai,West,4,8113.76,32455.04,3695.6,Net Banking
ORD2622,2024-11-24,Meera,Keyboard,Electronics,Chennai,South,8,1456.55,11652.4,1652.48,Net Banking
ORD2623,2024-03-20,Meera,Pen Set,Stationery,Hyderabad,South,1,217.99,217.99,39.13,Card
ORD2624,2024-05-27,Arjun,Backpack,Accessories,Kolkata,East,6,1852.56,11115.36,2177.98,Cash
ORD2625,2024-04-21,Vikram,Backpack,Accessories,Pune,West,2,1804.78,3609.56,418.07,Cash
ORD2626,2024-03-12,Vikram,Laptop,Electronics,Chennai,South,9,56741.65,510674.85,57038.47,Cash
ORD2627,2024-02-23,Aisha,Mouse,Electronics,Kolkata,East,10,864.2,8642.0,1164.97,Cash
ORD2628,2024-02-21,Priya,Laptop,Electronics,Hyderabad,South,7,54730.46,383113.22,52576.24,Cash
ORD2629,2024-08-12,Pooja,Keyboard,Electronics,Hyderabad,South,8,1514.03,12112.24,2517.5,Net Banking
ORD2630,2024-07-10,Rohit,Notebook,Stationery,Kolkata,East,7,119.37,835.59,101.45,Cash
ORD2631,2024-04-29,Pooja,Desk,Furniture,Kolkata,East,5,6356.18,31780.9,7561.57,UPI
ORD2632,2024-01-15,Priya,Office Chair,Furniture,Kolkata,East,5,9271.77,46358.85,6867.02,Card
ORD2633,2024-06-19,Pooja,Keyboard,Electronics,Mumbai,West,10,1575.56,15755.6,1608.35,UPI
ORD2634,2024-03-25,Vikram,Smartphone,Electronics,Pune,West,3,31808.94,95426.82,15075.65,UPI
ORD2635,2024-02-11,Priya,Pen Set,Stationery,Hyderabad,South,4,215.32,861.28,113.02,Card
ORD2636,2024-10-11,Sanjay,Monitor,Electronics,Kolkata,East,2,15672.4,31344.8,3328.93,Cash
ORD2637,2024-12-17,Divya,Laptop,Electronics,Ahmedabad,West,3,53291.83,159875.49,25585.85,Card
ORD2638,2024-02-19,Divya,Desk,Furniture,Kolkata,East,8,7288.71,58309.68,12228.68,Card
ORD2639,2024-12-11,Nikhil,Mouse,Electronics,Hyderabad,South,7,843.72,5906.04,1374.12,Net Banking
ORD2640,2024-10-27,Ananya,Notebook,Stationery,Kolkata,East,9,109.72,987.48,160.97,Card
ORD2641,2024-01-01,Rohit,Notebook,Stationery,Hyderabad,South,4,116.86,467.44,64.4,Net Banking
ORD2642,2024-06-03,Divya,Smartphone,Electronics,Mumbai,West,3,29999.7,89999.1,7876.91,UPI
ORD2643,2024-07-17,Aisha,Mouse,Electronics,Kolkata,East,3,788.11,2364.33,303.68,Net Banking
ORD2644,2024-09-21,Sanjay,Laptop,Electronics,Pune,West,7,51474.7,360322.9,53218.52,UPI
ORD2645,2024-07-26,Pooja,Desk,Furniture,Chennai,South,6,7260.49,43562.94,4236.01,UPI
ORD2646,2024-08-20,Ananya,Headphones,Electronics,Delhi,North,3,2537.34,7612.02,1105.86,Net Banking
ORD2647,2024-05-12,Nikhil,Pen Set,Stationery,Kolkata,East,7,210.85,1475.95,194.09,UPI
ORD2648,2024-06-20,Sanjay,Notebook,Stationery,Ahmedabad,West,9,116.95,1052.55,168.94,Cash
ORD2649,2024-12-11,Rahul,Smartphone,Electronics,Hyderabad,South,7,30190.27,211331.89,30683.32,Card
ORD2650,2024-11-10,Nikhil,Laptop,Electronics,Delhi,North,10,52336.2,523362.0,87680.08,Net Banking
ORD2651,2024-09-07,Vikram,Office Chair,Furniture,Bengaluru,South,8,8128.91,65031.28,6546.29,Cash
ORD2652,2024-01-13,Meera,Laptop,Electronics,Delhi,North,5,54182.73,270913.65,52760.26,Cash
ORD2653,2024-06-01,Aisha,Headphones,Electronics,Pune,West,6,2458.53,14751.18,2300.46,UPI
ORD2654,2024-07-21,Arjun,Notebook,Stationery,Chennai,South,6,125.57,753.42,128.32,Card
ORD2655,2024-08-08,Neha,Smartphone,Electronics,Chennai,South,3,31360.72,94082.16,17649.47,Cash
ORD2656,2024-09-25,Rohit,Mouse,Electronics,Ahmedabad,West,10,759.06,7590.6,1672.57,Net Banking
ORD2657,2024-11-22,Pooja,Laptop,Electronics,Chennai,South,6,53600.75,321604.5,33751.61,UPI
ORD2658,2024-08-04,Divya,Office Chair,Furniture,Chennai,South,6,9226.65,55359.9,11480.28,UPI
ORD2659,2024-02-29,Pooja,Headphones,Electronics,Pune,West,2,2668.43,5336.86,820.19,Card
ORD2660,2024-05-04,Nikhil,Notebook,Stationery,Pune,West,5,122.77,613.85,105.37,UPI
ORD2661,2024-12-18,Pooja,Mouse,Electronics,Ahmedabad,West,4,841.72,3366.88,519.44,Card
ORD2662,2024-05-25,Sneha,Keyboard,Electronics,Bengaluru,South,10,1469.6,14696.0,1628.53,UPI
ORD2663,2024-05-20,Sneha,Office Chair,Furniture,Mumbai,West,1,8979.49,8979.49,1721.6,Net Banking
ORD2664,2024-06-15,Arjun,Notebook,Stationery,Delhi,North,2,113.31,226.62,18.83,UPI
ORD2665,2024-11-21,Rohit,Notebook,Stationery,Pune,West,10,127.85,1278.5,230.06,Cash
ORD2666,2024-06-23,Kiran,Printer,Electronics,Kolkata,East,8,13031.69,104253.52,8563.01,Cash
ORD2667,2024-09-29,Nikhil,Desk,Furniture,Hyderabad,South,8,7496.1,59968.8,9884.4,Card
ORD2668,2024-10-19,Rahul,Pen Set,Stationery,Kolkata,East,5,196.12,980.6,188.59,Net Banking
ORD2669,2024-07-08,Sneha,Printer,Electronics,Delhi,North,2,11298.12,22596.24,5590.93,Cash
ORD2670,2024-03-26,Rohit,Mouse,Electronics,Ahmedabad,West,8,724.73,5797.84,1079.71,Cash
ORD2671,2024-05-25,Meera,Notebook,Stationery,Kolkata,East,7,131.9,923.3,77.54,Net Banking
ORD2672,2024-03-04,Rahul,Monitor,Electronics,Kolkata,East,9,13895.09,125055.81,22911.56,Net Banking
ORD2673,2024-03-22,Pooja,Monitor,Electronics,Mumbai,West,2,15212.24,30424.48,3357.82,Net Banking
ORD2674,2024-11-02,Sneha,Printer,Electronics,Kolkata,East,6,12603.07,75618.42,11425.23,Cash
ORD2675,2024-04-25,Sanjay,Mouse,Electronics,Chennai,South,6,800.37,4802.22,818.91,Net Banking
ORD2676,2024-03-31,Divya,Desk,Furniture,Ahmedabad,West,5,7456.59,37282.95,5831.33,Cash
ORD2677,2024-02-20,Divya,Laptop,Electronics,Delhi,North,8,56718.1,453744.8,89011.03,Net Banking
ORD2678,2024-03-11,Rohit,Office Chair,Furniture,Kolkata,East,4,8731.91,34927.64,6468.91,UPI
ORD2679,2024-10-18,Aisha,Notebook,Stationery,Kolkata,East,1,115.8,115.8,14.18,Net Banking
ORD2680,2024-11-30,Divya,Pen Set,Stationery,Chennai,South,6,180.91,1085.46,197.8,Card
ORD2681,2024-08-29,Neha,Headphones,Electronics,Ahmedabad,West,6,2611.53,15669.18,1891.01,Card
ORD2682,2024-10-22,Vikram,Mouse,Electronics,Hyderabad,South,5,730.37,3651.85,311.32,Net Banking
ORD2683,2024-09-13,Aisha,Monitor,Electronics,Ahmedabad,West,4,15890.26,63561.04,15596.41,UPI
ORD2684,2024-02-05,Ananya,Notebook,Stationery,Delhi,North,3,113.88,341.64,69.27,UPI
ORD2685,2024-02-06,Pooja,Pen Set,Stationery,Kolkata,East,9,219.82,1978.38,448.24,Net Banking
ORD2686,2024-01-13,Vikram,Keyboard,Electronics,Chennai,South,10,1544.13,15441.3,2637.51,Net Banking
ORD2687,2024-01-21,Kiran,Backpack,Accessories,Bengaluru,South,5,1912.2,9561.0,2111.19,Net Banking
ORD2688,2024-05-14,Pooja,Backpack,Accessories,Ahmedabad,West,7,1903.47,13324.29,1300.66,UPI
ORD2689,2024-05-04,Pooja,Backpack,Accessories,Hyderabad,South,6,1768.64,10611.84,1462.01,Net Banking
ORD2690,2024-08-22,Neha,Monitor,Electronics,Pune,West,2,14490.08,28980.16,5736.09,Net Banking
ORD2691,2024-08-18,Nikhil,Monitor,Electronics,Pune,West,6,14385.88,86315.28,13430.16,Cash
ORD2692,2024-09-24,Sneha,Notebook,Stationery,Pune,West,10,108.86,1088.6,113.0,UPI
ORD2693,2024-03-22,Rohit,Monitor,Electronics,Delhi,North,10,14588.17,145881.7,18892.72,Cash
ORD2694,2024-03-06,Priya,Desk,Furniture,Ahmedabad,West,5,6516.22,32581.1,7066.31,Cash
ORD2695,2024-06-04,Priya,Office Chair,Furniture,Pune,West,4,7697.61,30790.44,3571.15,UPI
ORD2696,2024-07-26,Vikram,Keyboard,Electronics,Delhi,North,9,1573.64,14162.76,3531.34,Card
ORD2697,2024-07-10,Divya,Mouse,Electronics,Hyderabad,South,10,856.42,8564.2,1142.72,Net Banking
ORD2698,2024-07-13,Ananya,Pen Set,Stationery,Hyderabad,South,9,199.28,1793.52,291.05,UPI
ORD2699,2024-11-07,Pooja,Mouse,Electronics,Mumbai,West,5,753.03,3765.15,397.28,UPI
ORD2700,2024-11-22,Neha,Pen Set,Stationery,Mumbai,West,6,199.95,1199.7,212.11,UPI
ORD2701,2024-11-16,Rahul,Backpack,Accessories,Mumbai,West,4,1750.88,7003.52,599.38,Cash
ORD2702,2024-10-02,Sanjay,Printer,Electronics,Chennai,South,5,12127.88,60639.4,10363.77,UPI
ORD2703,2024-04-03,Nikhil,Laptop,Electronics,Ahmedabad,West,10,55252.44,552524.4,67185.69,Card
ORD2704,2024-10-09,Sneha,Monitor,Electronics,Ahmedabad,West,3,13620.7,40862.1,7500.38,UPI
ORD2705,2024-06-04,Ananya,Backpack,Accessories,Mumbai,West,2,1946.21,3892.42,399.1,Card
ORD2706,2024-02-20,Meera,Monitor,Electronics,Mumbai,West,10,15785.04,157850.4,25435.7,UPI
ORD2707,2024-08-31,Arjun,Mouse,Electronics,Chennai,South,4,796.53,3186.12,494.24,UPI
ORD2708,2024-10-24,Divya,Printer,Electronics,Mumbai,West,10,11969.35,119693.5,21160.13,UPI
ORD2709,2024-08-21,Ananya,Backpack,Accessories,Ahmedabad,West,4,1832.02,7328.08,1377.23,Cash
ORD2710,2024-09-04,Meera,Office Chair,Furniture,Pune,West,8,8722.92,69783.36,9481.37,Cash
ORD2711,2024-05-20,Aisha,Pen Set,Stationery,Pune,West,5,214.69,1073.45,131.32,Cash
ORD2712,2024-09-06,Ananya,Pen Set,Stationery,Ahmedabad,West,2,219.09,438.18,105.5,Cash
ORD2713,2024-08-09,Aisha,Printer,Electronics,Ahmedabad,West,8,11191.51,89532.08,8160.41,Cash
ORD2714,2024-04-03,Arjun,Smartphone,Electronics,Ahmedabad,West,6,30827.3,184963.8,31732.45,UPI
ORD2715,2024-09-28,Vikram,Monitor,Electronics,Mumbai,West,5,15005.34,75026.7,10083.79,UPI
ORD2716,2024-06-14,Priya,Pen Set,Stationery,Pune,West,10,188.41,1884.1,365.93,Card
ORD2717,2024-09-21,Vikram,Office Chair,Furniture,Hyderabad,South,3,8687.21,26061.63,2781.1,Net Banking
ORD2718,2024-06-04,Kiran,Backpack,Accessories,Pune,West,4,1955.82,7823.28,1253.58,Card
ORD2719,2024-06-06,Divya,Keyboard,Electronics,Delhi,North,6,1598.77,9592.62,1281.66,Net Banking
ORD2720,2024-11-26,Pooja,Office Chair,Furniture,Bengaluru,South,7,7744.02,54208.14,8103.79,Card
ORD2721,2024-12-04,Nikhil,Desk,Furniture,Pune,West,1,7445.95,7445.95,851.64,Cash
ORD2722,2024-06-15,Meera,Keyboard,Electronics,Delhi,North,1,1446.55,1446.55,310.22,Card
ORD2723,2024-06-15,Nikhil,Monitor,Electronics,Ahmedabad,West,5,13820.5,69102.5,8384.44,Net Banking
ORD2724,2024-12-27,Vikram,Backpack,Accessories,Ahmedabad,West,1,1901.24,1901.24,278.17,Card
ORD2725,2024-05-21,Meera,Keyboard,Electronics,Kolkata,East,1,1380.43,1380.43,260.54,Cash
ORD2726,2024-02-07,Kiran,Desk,Furniture,Pune,West,2,6960.58,13921.16,3198.31,Net Banking
ORD2727,2024-02-15,Vikram,Headphones,Electronics,Hyderabad,South,10,2399.43,23994.3,2735.33,Card
ORD2728,2024-01-12,Priya,Mouse,Electronics,Pune,West,9,804.96,7244.64,938.48,UPI
ORD2729,2024-04-19,Priya,Backpack,Accessories,Delhi,North,6,1945.84,11675.04,1818.89,Cash
ORD2730,2024-12-26,Sneha,Desk,Furniture,Mumbai,West,8,6807.09,54456.72,6198.67,Cash
ORD2731,2024-07-21,Pooja,Notebook,Stationery,Bengaluru,South,3,110.86,332.58,49.83,Net Banking
ORD2732,2024-01-17,Meera,Laptop,Electronics,Bengaluru,South,9,53608.22,482473.98,84998.16,Cash
ORD2733,2024-02-08,Rohit,Printer,Electronics,Ahmedabad,West,5,12179.56,60897.8,11439.26,UPI
ORD2734,2024-02-14,Rohit,Printer,Electronics,Chennai,South,9,11179.74,100617.66,16832.84,Net Banking
ORD2735,2024-05-21,Vikram,Notebook,Stationery,Mumbai,West,2,126.41,252.82,38.75,Net Banking
ORD2736,2024-06-22,Vikram,Backpack,Accessories,Hyderabad,South,6,1646.29,9877.74,1878.08,Net Banking
ORD2737,2024-07-18,Ananya,Laptop,Electronics,Kolkata,East,10,52731.95,527319.5,98095.8,UPI
ORD2738,2024-10-26,Aisha,Monitor,Electronics,Delhi,North,7,13951.48,97660.36,22017.3,Cash
ORD2739,2024-06-30,Neha,Printer,Electronics,Ahmedabad,West,4,12647.83,50591.32,8987.78,Card
ORD2740,2024-09-30,Rohit,Monitor,Electronics,Hyderabad,South,4,14425.44,57701.76,5605.86,UPI
ORD2741,2024-04-27,Aisha,Headphones,Electronics,Delhi,North,2,2413.73,4827.46,644.98,Card
ORD2742,2024-04-21,Pooja,Monitor,Electronics,Pune,West,3,14772.85,44318.55,5587.83,Cash
ORD2743,2024-01-14,Vikram,Laptop,Electronics,Hyderabad,South,8,50854.21,406833.68,98112.96,Card
ORD2744,2024-07-13,Rohit,Office Chair,Furniture,Bengaluru,South,8,8395.53,67164.24,7641.17,UPI
ORD2745,2024-03-03,Priya,Smartphone,Electronics,Hyderabad,South,9,32479.7,292317.3,59389.56,Card
ORD2746,2024-07-31,Arjun,Smartphone,Electronics,Ahmedabad,West,10,29150.34,291503.4,72645.79,Card
ORD2747,2024-08-21,Ananya,Smartphone,Electronics,Delhi,North,8,28531.71,228253.68,22605.95,UPI
ORD2748,2024-07-03,Sneha,Office Chair,Furniture,Kolkata,East,7,9284.67,64992.69,6305.02,UPI
ORD2749,2024-11-25,Pooja,Office Chair,Furniture,Pune,West,4,9349.5,37398.0,3528.75,Net Banking
ORD2750,2024-01-24,Priya,Desk,Furniture,Bengaluru,South,5,7321.48,36607.4,8512.92,Card
ORD2751,2024-08-28,Pooja,Headphones,Electronics,Bengaluru,South,3,2509.31,7527.93,781.68,UPI
ORD2752,2024-03-21,Divya,Laptop,Electronics,Mumbai,West,5,53588.74,267943.7,40333.29,Card
ORD2753,2024-03-24,Ananya,Headphones,Electronics,Hyderabad,South,3,2432.53,7297.59,1731.3,Net Banking
ORD2754,2024-05-15,Rohit,Monitor,Electronics,Pune,West,7,15375.94,107631.58,25242.48,Cash
ORD2755,2024-03-14,Neha,Laptop,Electronics,Bengaluru,South,6,49813.47,298880.82,47816.57,Net Banking
ORD2756,2024-02-21,Ananya,Laptop,Electronics,Kolkata,East,10,57447.75,574477.5,62535.23,Cash
ORD2757,2024-08-31,Vikram,Monitor,Electronics,Chennai,South,7,16464.57,115251.99,11422.6,Net Banking
ORD2758,2024-01-01,Sneha,Printer,Electronics,Ahmedabad,West,3,12856.6,38569.8,8392.88,Net Banking
ORD2759,2024-11-10,Aisha,Desk,Furniture,Pune,West,3,6752.03,20256.09,3479.95,UPI
ORD2760,2024-03-07,Pooja,Desk,Furniture,Ahmedabad,West,10,6574.8,65748.0,7711.12,Card
ORD2761,2024-11-10,Rahul,Monitor,Electronics,Chennai,South,2,15651.8,31303.6,4006.58,Card
ORD2762,2024-12-29,Vikram,Monitor,Electronics,Pune,West,3,15690.09,47070.27,6175.07,Cash
ORD2763,2024-01-18,Nikhil,Headphones,Electronics,Delhi,North,7,2437.39,17061.73,1786.15,Net Banking
ORD2764,2024-11-20,Ananya,Pen Set,Stationery,Bengaluru,South,4,219.18,876.72,72.27,Card
ORD2765,2024-06-25,Arjun,Headphones,Electronics,Kolkata,East,6,2255.86,13535.16,2189.07,Net Banking
ORD2766,2024-03-01,Nikhil,Desk,Furniture,Mumbai,West,8,7169.84,57358.72,9911.56,Cash
ORD2767,2024-06-23,Pooja,Pen Set,Stationery,Delhi,North,6,219.87,1319.22,147.32,Net Banking
ORD2768,2024-09-22,Sneha,Printer,Electronics,Ahmedabad,West,2,12403.23,24806.46,3428.35,UPI
ORD2769,2024-04-26,Vikram,Mouse,Electronics,Kolkata,East,1,874.36,874.36,88.71,UPI
ORD2770,2024-08-11,Meera,Smartphone,Electronics,Pune,West,3,32239.84,96719.52,12785.85,UPI
ORD2771,2024-09-18,Arjun,Printer,Electronics,Hyderabad,South,7,12768.06,89376.42,20606.28,Card
ORD2772,2024-09-26,Rohit,Pen Set,Stationery,Mumbai,West,1,187.95,187.95,38.83,Card
ORD2773,2024-09-28,Priya,Notebook,Stationery,Bengaluru,South,9,116.7,1050.3,125.17,Cash
ORD2774,2024-04-25,Sanjay,Headphones,Electronics,Chennai,South,3,2567.45,7702.35,1740.88,Card
ORD2775,2024-07-24,Sneha,Printer,Electronics,Kolkata,East,4,11468.21,45872.84,11148.92,Net Banking
ORD2776,2024-06-02,Ananya,Printer,Electronics,Kolkata,East,8,11923.21,95385.68,9838.12,UPI
ORD2777,2024-02-04,Ananya,Keyboard,Electronics,Pune,West,4,1626.92,6507.68,1198.91,Net Banking
ORD2778,2024-05-04,Divya,Headphones,Electronics,Hyderabad,South,8,2661.22,21289.76,4470.44,Card
ORD2779,2024-06-28,Rahul,Pen Set,Stationery,Kolkata,East,7,203.66,1425.62,174.29,Card
ORD2780,2024-12-10,Priya,Keyboard,Electronics,Hyderabad,South,7,1387.04,9709.28,1997.6,Card
ORD2781,2024-03-01,Meera,Desk,Furniture,Hyderabad,South,5,7364.82,36824.1,3013.34,Cash
ORD2782,2024-06-01,Sanjay,Printer,Electronics,Chennai,South,10,11930.66,119306.6,22939.28,UPI
ORD2783,2024-06-23,Neha,Printer,Electronics,Ahmedabad,West,3,10968.97,32906.91,8109.21,Cash
ORD2784,2024-10-26,Priya,Laptop,Electronics,Kolkata,East,5,50741.21,253706.05,40417.75,Net Banking
ORD2785,2024-11-04,Rohit,Keyboard,Electronics,Mumbai,West,9,1380.92,12428.28,3102.01,Cash
ORD2786,2024-05-23,Sanjay,Monitor,Electronics,Ahmedabad,West,7,14765.02,103355.14,19479.36,Cash
ORD2787,2024-07-01,Rahul,Keyboard,Electronics,Delhi,North,7,1550.09,10850.63,1331.51,UPI
ORD2788,2024-08-10,Aisha,Smartphone,Electronics,Ahmedabad,West,4,30514.7,122058.8,14358.51,Cash
ORD2789,2024-11-06,Meera,Smartphone,Electronics,Ahmedabad,West,9,30639.84,275758.56,48576.36,Net Banking
ORD2790,2024-02-20,Rohit,Laptop,Electronics,Chennai,South,10,58720.26,587202.6,111131.16,UPI
ORD2791,2024-11-05,Divya,Smartphone,Electronics,Mumbai,West,6,30480.73,182884.38,36683.3,Net Banking
ORD2792,2024-08-23,Rohit,Backpack,Accessories,Bengaluru,South,6,1852.95,11117.7,1721.48,UPI
ORD2793,2024-11-18,Kiran,Office Chair,Furniture,Kolkata,East,1,8017.27,8017.27,887.72,UPI
ORD2794,2024-05-09,Kiran,Keyboard,Electronics,Kolkata,East,1,1568.72,1568.72,352.03,Cash
ORD2795,2024-08-22,Nikhil,Mouse,Electronics,Mumbai,West,5,791.36,3956.8,348.7,Cash
ORD2796,2024-06-13,Nikhil,Headphones,Electronics,Mumbai,West,9,2635.4,23718.6,4104.2,Net Banking
ORD2797,2024-11-11,Meera,Mouse,Electronics,Hyderabad,South,8,857.06,6856.48,937.55,Card
ORD2798,2024-07-26,Kiran,Mouse,Electronics,Pune,West,2,866.27,1732.54,165.24,Net Banking
ORD2799,2024-09-05,Kiran,Pen Set,Stationery,Hyderabad,South,7,188.09,1316.63,296.92,Cash
ORD2800,2024-02-27,Arjun,Desk,Furniture,Delhi,North,3,7643.03,22929.09,3092.43,Cash
ORD2801,2024-12-22,Rahul,Printer,Electronics,Pune,West,9,12091.81,108826.29,16068.76,Card
ORD2802,2024-05-14,Priya,Smartphone,Electronics,Chennai,South,10,32488.18,324881.8,62618.48,Cash
ORD2803,2024-05-30,Rohit,Printer,Electronics,Delhi,North,7,11119.28,77834.96,11324.27,UPI
ORD2804,2024-03-20,Aisha,Mouse,Electronics,Mumbai,West,8,852.18,6817.44,830.39,Cash
ORD2805,2024-05-05,Neha,Laptop,Electronics,Ahmedabad,West,4,58665.73,234662.92,57998.02,Card
ORD2806,2024-01-11,Sanjay,Desk,Furniture,Mumbai,West,3,6317.39,18952.17,2301.28,Net Banking
ORD2807,2024-07-30,Priya,Desk,Furniture,Kolkata,East,9,7071.72,63645.48,11238.17,Net Banking
ORD2808,2024-05-14,Divya,Pen Set,Stationery,Kolkata,East,5,208.27,1041.35,257.14,Cash
ORD2809,2024-12-20,Priya,Mouse,Electronics,Mumbai,West,6,806.46,4838.76,450.47,Cash
ORD2810,2024-09-16,Nikhil,Backpack,Accessories,Mumbai,West,9,1828.43,16455.87,1586.77,Net Banking
ORD2811,2024-06-27,Nikhil,Printer,Electronics,Delhi,North,2,12737.41,25474.82,4654.14,Card
ORD2812,2024-08-12,Vikram,Desk,Furniture,Pune,West,10,7471.26,74712.6,11822.57,Net Banking
ORD2813,2024-01-30,Neha,Smartphone,Electronics,Hyderabad,South,1,30359.75,30359.75,5313.85,Cash
ORD2814,2024-05-21,Rohit,Desk,Furniture,Hyderabad,South,2,7254.81,14509.62,1322.12,Cash
ORD2815,2024-03-09,Divya,Backpack,Accessories,Bengaluru,South,10,1796.69,17966.9,3588.3,Card
ORD2816,2024-06-18,Arjun,Pen Set,Stationery,Ahmedabad,West,5,201.54,1007.7,196.19,Net Banking
ORD2817,2024-07-02,Rohit,Headphones,Electronics,Delhi,North,1,2735.44,2735.44,243.47,UPI
ORD2818,2024-04-09,Arjun,Smartphone,Electronics,Chennai,South,9,29482.27,265340.43,28498.95,Card
ORD2819,2024-02-18,Divya,Headphones,Electronics,Bengaluru,South,8,2614.33,20914.64,2852.85,Net Banking
ORD2820,2024-02-19,Sneha,Office Chair,Furniture,Kolkata,East,8,7885.47,63083.76,8728.28,Cash
ORD2821,2024-07-24,Arjun,Headphones,Electronics,Kolkata,East,5,2499.84,12499.2,1392.11,Card
ORD2822,2024-05-11,Ananya,Mouse,Electronics,Chennai,South,6,792.28,4753.68,456.28,UPI
ORD2823,2024-09-27,Ananya,Printer,Electronics,Bengaluru,South,6,11029.18,66175.08,5313.46,UPI
ORD2824,2024-10-15,Kiran,Mouse,Electronics,Kolkata,East,5,724.42,3622.1,847.12,UPI
ORD2825,2024-06-25,Rahul,Headphones,Electronics,Mumbai,West,10,2499.1,24991.0,4273.12,Card
ORD2826,2024-03-31,Meera,Notebook,Stationery,Delhi,North,10,112.25,1122.5,173.9,Card
ORD2827,2024-03-02,Pooja,Desk,Furniture,Bengaluru,South,10,6354.28,63542.8,10890.62,Cash
ORD2828,2024-03-26,Neha,Keyboard,Electronics,Chennai,South,6,1554.91,9329.46,1682.27,UPI
ORD2829,2024-06-21,Vikram,Desk,Furniture,Mumbai,West,10,6517.35,65173.5,12007.73,Net Banking
ORD2830,2024-03-13,Arjun,Desk,Furniture,Chennai,South,9,6391.65,57524.85,7009.85,Net Banking
ORD2831,2024-09-02,Pooja,Monitor,Electronics,Kolkata,East,1,14574.96,14574.96,3437.12,UPI
ORD2832,2024-12-25,Meera,Printer,Electronics,Chennai,South,6,12988.48,77930.88,13693.19,Net Banking
ORD2833,2024-04-11,Sneha,Printer,Electronics,Mumbai,West,5,11568.76,57843.8,9031.95,Net Banking
ORD2834,2024-02-23,Kiran,Office Chair,Furniture,Kolkata,East,7,7790.06,54530.42,4583.38,Net Banking
ORD2835,2024-05-27,Pooja,Notebook,Stationery,Kolkata,East,5,119.94,599.7,128.14,UPI
ORD2836,2024-10-27,Nikhil,Printer,Electronics,Bengaluru,South,4,13072.27,52289.08,6913.16,Card
ORD2837,2024-06-04,Divya,Pen Set,Stationery,Delhi,North,1,201.37,201.37,17.73,Card
ORD2838,2024-04-01,Meera,Mouse,Electronics,Bengaluru,South,7,838.17,5867.19,992.01,Cash
ORD2839,2024-04-23,Nikhil,Pen Set,Stationery,Bengaluru,South,4,183.95,735.8,177.69,Cash
ORD2840,2024-01-08,Ananya,Smartphone,Electronics,Mumbai,West,8,28240.42,225923.36,42670.51,Net Banking
ORD2841,2024-06-18,Priya,Monitor,Electronics,Chennai,South,5,13514.22,67571.1,8167.04,Net Banking
ORD2842,2024-05-06,Rohit,Monitor,Electronics,Delhi,North,7,13634.27,95439.89,9933.75,Cash
ORD2843,2024-05-19,Divya,Office Chair,Furniture,Pune,West,4,9248.46,36993.84,7068.31,UPI
ORD2844,2024-09-06,Sneha,Office Chair,Furniture,Kolkata,East,7,8122.75,56859.25,13258.6,UPI
ORD2845,2024-12-05,Nikhil,Pen Set,Stationery,Kolkata,East,1,207.84,207.84,32.5,Card
ORD2846,2024-02-04,Priya,Smartphone,Electronics,Chennai,South,2,27953.54,55907.08,11992.2,Cash
ORD2847,2024-10-18,Sneha,Headphones,Electronics,Pune,West,7,2392.4,16746.8,2155.22,UPI
ORD2848,2024-09-11,Arjun,Smartphone,Electronics,Kolkata,East,4,32701.25,130805.0,22800.29,Card
ORD2849,2024-01-20,Sanjay,Printer,Electronics,Bengaluru,South,8,11949.17,95593.36,9457.92,Net Banking
ORD2850,2024-08-12,Nikhil,Headphones,Electronics,Chennai,South,2,2370.88,4741.76,875.35,Card
ORD2851,2024-04-17,Nikhil,Desk,Furniture,Bengaluru,South,9,7373.51,66361.59,7440.78,Cash
ORD2852,2024-03-30,Kiran,Laptop,Electronics,Bengaluru,South,3,53254.82,159764.46,38594.37,Net Banking
ORD2853,2024-09-15,Rahul,Monitor,Electronics,Bengaluru,South,7,14640.1,102480.7,24693.71,Card
ORD2854,2024-08-13,Rahul,Headphones,Electronics,Mumbai,West,6,2579.01,15474.06,2392.42,Card
ORD2855,2024-06-11,Ananya,Notebook,Stationery,Pune,West,9,111.87,1006.83,174.19,UPI
ORD2856,2024-03-27,Nikhil,Pen Set,Stationery,Chennai,South,7,200.72,1405.04,116.57,Cash
ORD2857,2024-01-04,Divya,Mouse,Electronics,Bengaluru,South,3,864.24,2592.72,509.04,UPI
ORD2858,2024-04-24,Pooja,Notebook,Stationery,Bengaluru,South,7,126.45,885.15,88.82,UPI
ORD2859,2024-10-19,Aisha,Notebook,Stationery,Chennai,South,1,123.57,123.57,29.02,Net Banking
ORD2860,2024-09-08,Rohit,Keyboard,Electronics,Kolkata,East,8,1623.07,12984.56,1563.39,Cash
ORD2861,2024-10-01,Neha,Mouse,Electronics,Ahmedabad,West,8,867.11,6936.88,735.54,Cash
ORD2862,2024-07-17,Sneha,Monitor,Electronics,Hyderabad,South,5,15411.28,77056.4,8448.47,Card
ORD2863,2024-08-23,Divya,Mouse,Electronics,Bengaluru,South,7,848.87,5942.09,620.81,Card
ORD2864,2024-08-01,Vikram,Office Chair,Furniture,Hyderabad,South,6,8003.77,48022.62,7154.64,Net Banking
ORD2865,2024-07-23,Priya,Desk,Furniture,Kolkata,East,8,6808.98,54471.84,7376.68,Card
ORD2866,2024-12-03,Pooja,Monitor,Electronics,Mumbai,West,4,15205.16,60820.64,14667.56,Cash
ORD2867,2024-03-13,Vikram,Desk,Furniture,Kolkata,East,6,7201.6,43209.6,5025.16,UPI
ORD2868,2024-11-15,Divya,Printer,Electronics,Ahmedabad,West,5,12971.22,64856.1,15725.96,UPI
ORD2869,2024-07-15,Neha,Monitor,Electronics,Mumbai,West,6,15155.08,90930.48,9697.03,Net Banking
ORD2870,2024-12-07,Priya,Headphones,Electronics,Ahmedabad,West,1,2596.98,2596.98,378.16,Cash
ORD2871,2024-03-18,Divya,Backpack,Accessories,Hyderabad,South,7,1827.02,12789.14,2764.27,Cash
ORD2872,2024-11-08,Neha,Desk,Furniture,Mumbai,West,3,7367.67,22103.01,3596.97,UPI
ORD2873,2024-01-28,Kiran,Pen Set,Stationery,Chennai,South,2,183.43,366.86,29.89,UPI
ORD2874,2024-06-06,Sanjay,Mouse,Electronics,Delhi,North,4,838.97,3355.88,814.98,UPI
ORD2875,2024-06-22,Nikhil,Mouse,Electronics,Delhi,North,10,864.72,8647.2,1348.31,Card
ORD2876,2024-03-18,Priya,Keyboard,Electronics,Pune,West,2,1590.7,3181.4,340.94,Net Banking
ORD2877,2024-12-24,Sneha,Smartphone,Electronics,Kolkata,East,3,30369.98,91109.94,17026.26,Card
ORD2878,2024-07-14,Vikram,Smartphone,Electronics,Hyderabad,South,8,27582.41,220659.28,19129.91,Net Banking
ORD2879,2024-07-04,Neha,Desk,Furniture,Hyderabad,South,1,7120.65,7120.65,1765.36,Net Banking
ORD2880,2024-12-09,Rohit,Notebook,Stationery,Hyderabad,South,8,129.46,1035.68,253.69,Cash
ORD2881,2024-06-02,Aisha,Mouse,Electronics,Chennai,South,6,731.02,4386.12,451.51,Net Banking
ORD2882,2024-12-30,Pooja,Headphones,Electronics,Chennai,South,4,2730.79,10923.16,1469.37,UPI
ORD2883,2024-03-27,Kiran,Mouse,Electronics,Ahmedabad,West,1,819.5,819.5,147.8,Cash
ORD2884,2024-06-12,Neha,Monitor,Electronics,Pune,West,9,16212.84,145915.56,12254.8,Card
ORD2885,2024-06-21,Ananya,Laptop,Electronics,Mumbai,West,5,52394.25,261971.25,65321.53,Cash
ORD2886,2024-11-15,Ananya,Backpack,Accessories,Ahmedabad,West,2,1739.85,3479.7,296.94,UPI
ORD2887,2024-01-19,Nikhil,Keyboard,Electronics,Kolkata,East,4,1621.36,6485.44,937.81,Cash
ORD2888,2024-08-05,Divya,Backpack,Accessories,Kolkata,East,6,1752.05,10512.3,1757.02,Cash
ORD2889,2024-05-16,Rahul,Headphones,Electronics,Delhi,North,5,2526.19,12630.95,2060.12,Net Banking
ORD2890,2024-01-12,Pooja,Pen Set,Stationery,Chennai,South,6,214.46,1286.76,298.9,Card
ORD2891,2024-10-19,Pooja,Smartphone,Electronics,Mumbai,West,2,28062.64,56125.28,5109.82,Card
ORD2892,2024-06-23,Sanjay,Smartphone,Electronics,Chennai,South,1,31338.64,31338.64,6430.86,UPI
ORD2893,2024-03-03,Ananya,Headphones,Electronics,Ahmedabad,West,6,2643.07,15858.42,1553.99,Card
ORD2894,2024-01-02,Divya,Monitor,Electronics,Chennai,South,3,13775.11,41325.33,9989.85,Card
ORD2895,2024-04-08,Vikram,Monitor,Electronics,Bengaluru,South,2,14660.7,29321.4,5463.36,Card
ORD2896,2024-12-12,Rohit,Backpack,Accessories,Ahmedabad,West,10,1874.26,18742.6,2994.43,UPI
ORD2897,2024-04-11,Sneha,Desk,Furniture,Hyderabad,South,9,6308.84,56779.56,6239.77,Card
ORD2898,2024-04-05,Sanjay,Printer,Electronics,Mumbai,West,2,12486.88,24973.76,2319.63,Cash
ORD2899,2024-11-03,Divya,Monitor,Electronics,Hyderabad,South,7,15405.89,107841.23,19486.09,Cash
ORD2900,2024-09-28,Ananya,Monitor,Electronics,Kolkata,East,5,15973.41,79867.05,16374.77,Cash
ORD2901,2024-01-31,Rohit,Keyboard,Electronics,Hyderabad,South,2,1368.49,2736.98,448.77,Net Banking
ORD2902,2024-06-12,Rohit,Smartphone,Electronics,Ahmedabad,West,1,32863.01,32863.01,6397.28,Cash
ORD2903,2024-08-18,Kiran,Backpack,Accessories,Chennai,South,10,1714.48,17144.8,3819.06,Net Banking
ORD2904,2024-04-07,Arjun,Mouse,Electronics,Ahmedabad,West,5,842.15,4210.75,561.25,Card
ORD2905,2024-07-25,Vikram,Laptop,Electronics,Delhi,North,7,54614.39,382300.73,60586.58,Net Banking
ORD2906,2024-01-13,Sanjay,Desk,Furniture,Hyderabad,South,3,7333.0,21999.0,3201.86,Card
ORD2907,2024-12-04,Neha,Mouse,Electronics,Kolkata,East,3,783.91,2351.73,193.72,Card
ORD2908,2024-03-17,Sneha,Headphones,Electronics,Hyderabad,South,4,2297.42,9189.68,1346.47,Cash
ORD2909,2024-10-08,Sneha,Monitor,Electronics,Bengaluru,South,8,14676.7,117413.6,15451.48,Card
ORD2910,2024-03-22,Vikram,Monitor,Electronics,Ahmedabad,West,10,15671.19,156711.9,24068.69,UPI
ORD2911,2024-11-07,Sneha,Mouse,Electronics,Chennai,South,2,872.47,1744.94,349.03,Card
ORD2912,2024-06-06,Aisha,Monitor,Electronics,Ahmedabad,West,4,14749.04,58996.16,4849.75,Card
ORD2913,2024-03-07,Meera,Mouse,Electronics,Pune,West,10,788.64,7886.4,794.27,Cash
ORD2914,2024-02-02,Ananya,Mouse,Electronics,Delhi,North,3,779.13,2337.39,572.6,Net Banking
ORD2915,2024-04-29,Neha,Mouse,Electronics,Kolkata,East,4,753.51,3014.04,408.26,Cash
ORD2916,2024-06-18,Nikhil,Pen Set,Stationery,Ahmedabad,West,5,202.2,1011.0,180.09,Card
ORD2917,2024-10-30,Rohit,Headphones,Electronics,Delhi,North,10,2735.57,27355.7,3253.07,Card
ORD2918,2024-09-18,Neha,Monitor,Electronics,Ahmedabad,West,10,14909.26,149092.6,12419.05,UPI
ORD2919,2024-08-24,Rohit,Office Chair,Furniture,Hyderabad,South,10,8196.81,81968.1,13932.12,Cash
ORD2920,2024-05-21,Nikhil,Smartphone,Electronics,Ahmedabad,West,7,31664.6,221652.2,47548.36,Card
ORD2921,2024-06-16,Kiran,Mouse,Electronics,Bengaluru,South,8,759.45,6075.6,1139.92,Net Banking
ORD2922,2024-06-09,Rohit,Printer,Electronics,Hyderabad,South,5,13096.0,65480.0,10633.86,Card
ORD2923,2024-02-01,Nikhil,Pen Set,Stationery,Mumbai,West,10,204.2,2042.0,265.98,Card
ORD2924,2024-01-06,Sneha,Printer,Electronics,Pune,West,4,12697.7,50790.8,7715.56,Cash
ORD2925,2024-08-03,Rahul,Monitor,Electronics,Hyderabad,South,5,13575.85,67879.25,12949.86,Cash
ORD2926,2024-10-31,Vikram,Desk,Furniture,Hyderabad,South,8,7176.25,57410.0,10012.01,Cash
ORD2927,2024-08-20,Sneha,Smartphone,Electronics,Pune,West,8,28655.7,229245.6,45865.27,Card
ORD2928,2024-06-16,Meera,Notebook,Stationery,Hyderabad,South,6,130.95,785.7,79.41,Net Banking
ORD2929,2024-01-14,Aisha,Mouse,Electronics,Hyderabad,South,6,853.09,5118.54,735.82,Net Banking
ORD2930,2024-01-18,Aisha,Pen Set,Stationery,Delhi,North,7,187.12,1309.84,241.3,Cash
ORD2931,2024-03-08,Vikram,Mouse,Electronics,Bengaluru,South,9,728.94,6560.46,1324.79,UPI
ORD2932,2024-12-31,Arjun,Smartphone,Electronics,Hyderabad,South,3,27613.52,82840.56,8928.13,UPI
ORD2933,2024-02-05,Vikram,Mouse,Electronics,Delhi,North,6,732.99,4397.94,608.71,Net Banking
ORD2934,2024-12-21,Priya,Printer,Electronics,Bengaluru,South,9,11799.25,106193.25,22752.32,UPI
ORD2935,2024-05-13,Arjun,Monitor,Electronics,Ahmedabad,West,3,13845.75,41537.25,9758.85,Card
ORD2936,2024-09-02,Ananya,Laptop,Electronics,Bengaluru,South,1,56571.93,56571.93,11231.73,UPI
ORD2937,2024-06-12,Kiran,Monitor,Electronics,Mumbai,West,3,16363.26,49089.78,5076.1,Net Banking
ORD2938,2024-01-13,Aisha,Pen Set,Stationery,Kolkata,East,1,200.41,200.41,25.9,Net Banking
ORD2939,2024-04-27,Rohit,Printer,Electronics,Chennai,South,1,11280.3,11280.3,971.47,Net Banking
ORD2940,2024-03-25,Divya,Laptop,Electronics,Delhi,North,2,55897.42,111794.84,15939.72,Card
ORD2941,2024-09-18,Divya,Headphones,Electronics,Bengaluru,South,10,2390.71,23907.1,4173.33,Card
ORD2942,2024-07-20,Rahul,Monitor,Electronics,Pune,West,6,14087.32,84523.92,19664.3,Cash
ORD2943,2024-09-19,Pooja,Desk,Furniture,Bengaluru,South,8,7144.72,57157.76,10902.24,Net Banking
ORD2944,2024-04-15,Arjun,Monitor,Electronics,Hyderabad,South,2,13624.98,27249.96,5907.47,Cash
ORD2945,2024-01-28,Aisha,Backpack,Accessories,Mumbai,West,10,1914.43,19144.3,2706.23,Card
ORD2946,2024-04-20,Sanjay,Notebook,Stationery,Pune,West,4,120.27,481.08,63.83,Card
ORD2947,2024-06-16,Vikram,Mouse,Electronics,Mumbai,West,8,871.49,6971.92,1018.3,Net Banking
ORD2948,2024-12-07,Sanjay,Notebook,Stationery,Hyderabad,South,8,119.52,956.16,173.49,Card
ORD2949,2024-01-06,Sneha,Smartphone,Electronics,Chennai,South,1,32116.09,32116.09,5950.37,UPI
ORD2950,2024-02-19,Ananya,Keyboard,Electronics,Ahmedabad,West,7,1568.62,10980.34,2672.67,Cash
ORD2951,2024-05-23,Divya,Monitor,Electronics,Mumbai,West,7,15725.54,110078.78,15783.05,UPI
ORD2952,2024-04-14,Rahul,Keyboard,Electronics,Bengaluru,South,2,1440.62,2881.24,359.19,UPI
ORD2953,2024-08-21,Sanjay,Desk,Furniture,Hyderabad,South,1,6457.62,6457.62,1312.3,Cash
ORD2954,2024-03-19,Arjun,Keyboard,Electronics,Bengaluru,South,10,1493.92,14939.2,3052.73,UPI
ORD2955,2024-08-26,Divya,Office Chair,Furniture,Kolkata,East,1,7713.17,7713.17,1184.15,Card
ORD2956,2024-12-29,Sneha,Laptop,Electronics,Bengaluru,South,2,60053.72,120107.44,27502.67,Net Banking
ORD2957,2024-04-06,Arjun,Monitor,Electronics,Pune,West,1,15513.73,15513.73,3781.35,Net Banking
ORD2958,2024-12-25,Vikram,Laptop,Electronics,Bengaluru,South,10,58689.32,586893.2,90386.58,Card
ORD2959,2024-08-21,Sanjay,Backpack,Accessories,Bengaluru,South,5,1751.05,8755.25,1590.55,Net Banking
ORD2960,2024-10-09,Meera,Printer,Electronics,Hyderabad,South,6,12380.64,74283.84,10631.23,Card
ORD2961,2024-08-27,Kiran,Mouse,Electronics,Delhi,North,7,747.83,5234.81,776.34,Cash
ORD2962,2024-02-14,Rohit,Headphones,Electronics,Ahmedabad,West,9,2453.91,22085.19,5376.32,Cash
ORD2963,2024-10-03,Sanjay,Headphones,Electronics,Delhi,North,6,2572.73,15436.38,2417.81,Card
ORD2964,2024-03-15,Rohit,Laptop,Electronics,Delhi,North,9,59601.29,536411.61,132526.6,Cash
ORD2965,2024-04-15,Sanjay,Printer,Electronics,Hyderabad,South,10,11134.85,111348.5,24359.03,Net Banking
ORD2966,2024-09-23,Rahul,Smartphone,Electronics,Kolkata,East,2,32943.02,65886.04,11363.99,UPI
ORD2967,2024-09-07,Rahul,Keyboard,Electronics,Hyderabad,South,4,1555.2,6220.8,1330.71,Cash
ORD2968,2024-07-20,Arjun,Backpack,Accessories,Delhi,North,9,1957.29,17615.61,2975.82,Cash
ORD2969,2024-03-20,Sanjay,Backpack,Accessories,Kolkata,East,2,1701.29,3402.58,644.66,Card
ORD2970,2024-02-06,Nikhil,Backpack,Accessories,Bengaluru,South,9,1907.98,17171.82,2819.35,Cash
ORD2971,2024-02-19,Sanjay,Monitor,Electronics,Kolkata,East,5,15975.7,79878.5,13749.84,Card
ORD2972,2024-12-14,Rahul,Laptop,Electronics,Bengaluru,South,1,52753.62,52753.62,6077.47,UPI
ORD2973,2024-07-25,Ananya,Keyboard,Electronics,Ahmedabad,West,2,1476.58,2953.16,415.74,Cash
ORD2974,2024-10-28,Neha,Mouse,Electronics,Kolkata,East,6,753.35,4520.1,690.89,Net Banking
ORD2975,2024-06-28,Ananya,Pen Set,Stationery,Bengaluru,South,8,219.08,1752.64,289.18,Cash
ORD2976,2024-08-04,Nikhil,Backpack,Accessories,Ahmedabad,West,7,1891.05,13237.35,2791.28,Cash
ORD2977,2024-02-14,Vikram,Pen Set,Stationery,Ahmedabad,West,1,195.2,195.2,47.56,Cash
ORD2978,2024-11-19,Neha,Printer,Electronics,Chennai,South,2,11388.93,22777.86,5038.62,UPI
ORD2979,2024-01-18,Kiran,Desk,Furniture,Kolkata,East,6,6637.93,39827.58,9848.57,Cash
ORD2980,2024-12-16,Priya,Printer,Electronics,Ahmedabad,West,4,12272.92,49091.68,4719.78,UPI
ORD2981,2024-12-22,Rohit,Printer,Electronics,Ahmedabad,West,2,12004.97,24009.94,3811.35,Net Banking
ORD2982,2024-09-08,Priya,Printer,Electronics,Bengaluru,South,5,12205.59,61027.95,12126.06,Net Banking
ORD2983,2024-02-26,Aisha,Keyboard,Electronics,Hyderabad,South,1,1437.09,1437.09,195.93,Card
ORD2984,2024-11-30,Neha,Smartphone,Electronics,Mumbai,West,8,29917.48,239339.84,19378.8,Card
ORD2985,2024-12-15,Rohit,Office Chair,Furniture,Bengaluru,South,5,7960.55,39802.75,5485.3,Net Banking
ORD2986,2024-11-05,Rohit,Monitor,Electronics,Ahmedabad,West,2,13804.61,27609.22,2862.11,UPI
ORD2987,2024-12-28,Meera,Desk,Furniture,Ahmedabad,West,6,7412.07,44472.42,6808.53,Cash
ORD2988,2024-10-12,Nikhil,Pen Set,Stationery,Chennai,South,7,198.95,1392.65,177.44,Net Banking
ORD2989,2024-07-02,Vikram,Smartphone,Electronics,Chennai,South,2,28576.65,57153.3,13789.52,Net Banking
ORD2990,2024-10-19,Priya,Printer,Electronics,Mumbai,West,3,11090.43,33271.29,3577.97,Card
ORD2991,2024-12-02,Priya,Desk,Furniture,Delhi,North,9,6668.21,60013.89,5482.82,Net Banking
ORD2992,2024-12-25,Divya,Smartphone,Electronics,Bengaluru,South,4,28214.68,112858.72,14791.08,UPI
ORD2993,2024-12-06,Sneha,Mouse,Electronics,Bengaluru,South,9,846.09,7614.81,755.15,UPI
ORD2994,2024-04-19,Arjun,Keyboard,Electronics,Hyderabad,South,6,1626.22,9757.32,2208.08,Net Banking
ORD2995,2024-11-20,Aisha,Desk,Furniture,Ahmedabad,West,4,6438.67,25754.68,3758.53,UPI
ORD2996,2024-09-01,Meera,Headphones,Electronics,Hyderabad,South,9,2322.7,20904.3,4375.02,UPI
ORD2997,2024-11-16,Kiran,Notebook,Stationery,Hyderabad,South,4,123.05,492.2,73.98,Card
ORD2998,2024-06-13,Pooja,Keyboard,Electronics,Kolkata,East,1,1575.71,1575.71,137.55,Net Banking
ORD2999,2024-04-25,Nikhil,Laptop,Electronics,Mumbai,West,6,53798.54,322791.24,59101.21,Card
ORD3000,2024-09-11,Pooja,Desk,Furniture,Kolkata,East,3,6637.88,19913.64,3357.72,UPI
ORD3001,2024-03-15,Pooja,Office Chair,Furniture,Bengaluru,South,7,7762.77,54339.39,5130.9,UPI
ORD3002,2024-06-23,Sneha,Mouse,Electronics,Pune,West,7,764.93,5354.51,1020.19,Cash
ORD3003,2024-12-18,Rohit,Keyboard,Electronics,Ahmedabad,West,9,1496.34,13467.06,2811.4,Card
ORD3004,2024-09-29,Meera,Desk,Furniture,Delhi,North,2,7267.99,14535.98,3572.78,UPI
ORD3005,2024-04-26,Kiran,Keyboard,Electronics,Pune,West,5,1612.43,8062.15,1459.68,Cash
ORD3006,2024-06-20,Meera,Monitor,Electronics,Mumbai,West,6,16417.02,98502.12,11092.71,Net Banking
ORD3007,2024-11-09,Neha,Keyboard,Electronics,Pune,West,10,1477.15,14771.5,2836.85,Card
ORD3008,2024-10-04,Meera,Backpack,Accessories,Pune,West,4,1867.36,7469.44,1056.57,Cash
ORD3009,2024-05-29,Aisha,Monitor,Electronics,Ahmedabad,West,10,15060.34,150603.4,15049.17,Card
ORD3010,2024-07-10,Arjun,Monitor,Electronics,Delhi,North,3,16161.82,48485.46,10551.8,Net Banking
ORD3011,2024-05-10,Rohit,Desk,Furniture,Pune,West,10,6942.71,69427.1,9583.57,UPI
ORD3012,2024-01-02,Rahul,Keyboard,Electronics,Chennai,South,7,1593.93,11157.51,2758.78,Card
ORD3013,2024-05-21,Meera,Keyboard,Electronics,Ahmedabad,West,8,1630.43,13043.44,2264.47,Net Banking
ORD3014,2024-09-07,Rohit,Monitor,Electronics,Pune,West,1,16444.73,16444.73,3071.53,UPI
ORD3015,2024-03-03,Kiran,Desk,Furniture,Kolkata,East,7,6738.4,47168.8,4893.94,UPI
ORD3016,2024-03-06,Pooja,Laptop,Electronics,Chennai,South,5,50682.08,253410.4,43330.1,UPI
ORD3017,2024-01-31,Ananya,Backpack,Accessories,Kolkata,East,4,1634.38,6537.52,1256.84,UPI
ORD3018,2024-11-12,Rohit,Mouse,Electronics,Pune,West,5,788.77,3943.85,470.04,Cash
ORD3019,2024-06-11,Pooja,Printer,Electronics,Delhi,North,4,11164.09,44656.36,7776.05,Card
ORD3020,2024-03-23,Rahul,Headphones,Electronics,Kolkata,East,4,2520.86,10083.44,836.57,Cash
ORD3021,2024-05-03,Vikram,Desk,Furniture,Chennai,South,2,6644.67,13289.34,1981.29,Card
ORD3022,2024-06-06,Divya,Headphones,Electronics,Mumbai,West,5,2303.69,11518.45,1389.02,Net Banking
ORD3023,2024-12-30,Vikram,Desk,Furniture,Mumbai,West,4,6440.51,25762.04,2420.07,Net Banking
ORD3024,2024-05-19,Arjun,Headphones,Electronics,Kolkata,East,10,2625.35,26253.5,2203.05,Net Banking
ORD3025,2024-07-17,Sanjay,Office Chair,Furniture,Delhi,North,6,7685.22,46111.32,7667.62,Net Banking
ORD3026,2024-12-23,Aisha,Notebook,Stationery,Mumbai,West,6,111.47,668.82,62.3,Net Banking
ORD3027,2024-05-20,Arjun,Headphones,Electronics,Kolkata,East,4,2358.96,9435.84,1321.54,Cash
ORD3028,2024-12-17,Neha,Monitor,Electronics,Kolkata,East,10,16133.19,161331.9,39253.88,Card
ORD3029,2024-10-19,Kiran,Pen Set,Stationery,Chennai,South,8,208.52,1668.16,139.66,Cash
ORD3030,2024-08-05,Rahul,Office Chair,Furniture,Bengaluru,South,8,8391.7,67133.6,10453.08,Net Banking
ORD3031,2024-05-13,Vikram,Keyboard,Electronics,Delhi,North,4,1430.74,5722.96,1344.73,Card
ORD3032,2024-04-10,Sanjay,Headphones,Electronics,Mumbai,West,10,2572.5,25725.0,4678.04,UPI
ORD3033,2024-03-22,Rahul,Office Chair,Furniture,Delhi,North,1,8943.21,8943.21,852.25,UPI
ORD3034,2024-05-30,Priya,Keyboard,Electronics,Chennai,South,9,1629.6,14666.4,2303.02,Net Banking
ORD3035,2024-02-04,Arjun,Keyboard,Electronics,Hyderabad,South,4,1472.84,5891.36,638.19,UPI
ORD3036,2024-03-31,Sneha,Notebook,Stationery,Bengaluru,South,10,123.71,1237.1,263.9,Net Banking
ORD3037,2024-11-04,Nikhil,Office Chair,Furniture,Hyderabad,South,4,7679.21,30716.84,7477.34,UPI
ORD3038,2024-03-04,Pooja,Smartphone,Electronics,Chennai,South,5,31903.74,159518.7,17608.34,Net Banking
ORD3039,2024-05-05,Pooja,Printer,Electronics,Delhi,North,3,11166.52,33499.56,7988.49,UPI
ORD3040,2024-09-15,Neha,Mouse,Electronics,Hyderabad,South,5,802.12,4010.6,334.97,UPI
ORD3041,2024-03-08,Arjun,Office Chair,Furniture,Hyderabad,South,3,7732.19,23196.57,2470.54,Cash
ORD3042,2024-02-26,Nikhil,Notebook,Stationery,Pune,West,8,113.9,911.2,100.03,Card
ORD3043,2024-05-27,Vikram,Headphones,Electronics,Bengaluru,South,2,2741.43,5482.86,565.3,Net Banking
ORD3044,2024-09-25,Vikram,Pen Set,Stationery,Kolkata,East,9,201.66,1814.94,269.81,Cash
ORD3045,2024-09-14,Sanjay,Notebook,Stationery,Kolkata,East,5,120.56,602.8,90.0,Net Banking
ORD3046,2024-06-01,Rahul,Headphones,Electronics,Bengaluru,South,4,2286.71,9146.84,2278.49,Net Banking
ORD3047,2024-04-11,Pooja,Office Chair,Furniture,Kolkata,East,5,8285.16,41425.8,5529.21,UPI
ORD3048,2024-03-12,Aisha,Monitor,Electronics,Kolkata,East,3,14849.82,44549.46,8035.52,Cash
ORD3049,2024-08-12,Sneha,Office Chair,Furniture,Mumbai,West,3,7677.84,23033.52,2731.83,Net Banking
ORD3050,2024-03-07,Divya,Office Chair,Furniture,Ahmedabad,West,8,8281.66,66253.28,7605.72,UPI
ORD3051,2024-08-26,Neha,Monitor,Electronics,Hyderabad,South,2,14386.25,28772.5,2561.62,Net Banking
ORD3052,2024-09-19,Meera,Pen Set,Stationery,Kolkata,East,2,203.93,407.86,57.23,Net Banking
ORD3053,2024-09-16,Priya,Laptop,Electronics,Ahmedabad,West,2,53377.31,106754.62,12051.69,UPI
ORD3054,2024-04-21,Aisha,Smartphone,Electronics,Hyderabad,South,9,28617.65,257558.85,21685.48,Cash
ORD3055,2024-06-26,Rohit,Laptop,Electronics,Ahmedabad,West,7,53174.45,372221.15,68562.18,Cash
ORD3056,2024-08-12,Pooja,Keyboard,Electronics,Delhi,North,1,1590.37,1590.37,285.56,Net Banking
ORD3057,2024-02-04,Priya,Office Chair,Furniture,Bengaluru,South,9,8888.73,79998.57,14102.12,Net Banking
ORD3058,2024-04-10,Rahul,Mouse,Electronics,Ahmedabad,West,5,743.03,3715.15,778.54,Net Banking
ORD3059,2024-03-09,Arjun,Keyboard,Electronics,Kolkata,East,4,1362.57,5450.28,716.68,Net Banking
ORD3060,2024-08-06,Meera,Notebook,Stationery,Mumbai,West,7,127.19,890.33,204.9,Cash
ORD3061,2024-09-04,Pooja,Monitor,Electronics,Bengaluru,South,2,13990.17,27980.34,2416.62,UPI
ORD3062,2024-02-10,Aisha,Monitor,Electronics,Ahmedabad,West,3,16274.47,48823.41,8001.77,Net Banking
ORD3063,2024-10-12,Meera,Mouse,Electronics,Delhi,North,8,872.91,6983.28,865.05,Cash
ORD3064,2024-10-28,Meera,Pen Set,Stationery,Delhi,North,9,186.22,1675.98,328.38,Cash
ORD3065,2024-05-19,Kiran,Notebook,Stationery,Mumbai,West,4,127.56,510.24,78.45,Cash
ORD3066,2024-05-11,Rahul,Desk,Furniture,Kolkata,East,1,7632.94,7632.94,1000.36,Card
ORD3067,2024-03-19,Neha,Printer,Electronics,Mumbai,West,4,12913.79,51655.16,6316.68,UPI
ORD3068,2024-06-18,Sneha,Backpack,Accessories,Delhi,North,7,1887.31,13211.17,1998.58,UPI
ORD3069,2024-02-03,Pooja,Monitor,Electronics,Hyderabad,South,10,14943.52,149435.2,35540.12,Cash
ORD3070,2024-08-30,Ananya,Laptop,Electronics,Kolkata,East,7,58465.67,409259.69,43458.39,Cash
ORD3071,2024-09-08,Neha,Mouse,Electronics,Chennai,South,5,757.71,3788.55,869.28,Net Banking
ORD3072,2024-05-04,Rohit,Notebook,Stationery,Mumbai,West,7,118.32,828.24,99.36,Card
ORD3073,2024-02-12,Rahul,Mouse,Electronics,Hyderabad,South,10,772.34,7723.4,1112.66,UPI
ORD3074,2024-02-17,Neha,Smartphone,Electronics,Bengaluru,South,3,30242.22,90726.66,14856.51,Card
ORD3075,2024-07-06,Aisha,Laptop,Electronics,Bengaluru,South,8,51453.3,411626.4,42270.8,Cash
ORD3076,2024-02-21,Ananya,Pen Set,Stationery,Chennai,South,1,186.61,186.61,24.76,UPI
ORD3077,2024-09-08,Rahul,Laptop,Electronics,Bengaluru,South,4,58184.97,232739.88,54111.92,Cash
ORD3078,2024-11-09,Sneha,Notebook,Stationery,Pune,West,10,128.08,1280.8,118.07,Card
ORD3079,2024-12-24,Meera,Smartphone,Electronics,Ahmedabad,West,10,32114.37,321143.7,34284.33,UPI
ORD3080,2024-12-06,Priya,Desk,Furniture,Mumbai,West,5,6344.85,31724.25,7133.72,Net Banking
ORD3081,2024-07-24,Divya,Desk,Furniture,Delhi,North,9,6728.96,60560.64,11572.73,Card
ORD3082,2024-03-20,Ananya,Keyboard,Electronics,Delhi,North,4,1422.2,5688.8,598.93,UPI
ORD3083,2024-03-17,Nikhil,Laptop,Electronics,Chennai,South,3,50684.42,152053.26,23768.42,UPI
ORD3084,2024-08-10,Divya,Keyboard,Electronics,Delhi,North,6,1523.78,9142.68,1848.37,UPI
ORD3085,2024-07-05,Priya,Pen Set,Stationery,Pune,West,4,215.82,863.28,165.36,Net Banking
ORD3086,2024-05-09,Divya,Monitor,Electronics,Delhi,North,2,13646.74,27293.48,6086.19,Card
ORD3087,2024-08-18,Priya,Desk,Furniture,Ahmedabad,West,7,7397.21,51780.47,11735.4,Cash
ORD3088,2024-12-24,Priya,Backpack,Accessories,Kolkata,East,6,1964.9,11789.4,2449.34,UPI
ORD3089,2024-06-20,Priya,Headphones,Electronics,Pune,West,7,2296.61,16076.27,3678.87,UPI
ORD3090,2024-04-13,Nikhil,Headphones,Electronics,Mumbai,West,9,2551.96,22967.64,5574.26,Card
ORD3091,2024-11-10,Kiran,Office Chair,Furniture,Bengaluru,South,1,8723.61,8723.61,1752.85,Cash
ORD3092,2024-04-13,Arjun,Laptop,Electronics,Chennai,South,8,57987.25,463898.0,113551.37,Card
ORD3093,2024-10-29,Rohit,Mouse,Electronics,Pune,West,9,782.51,7042.59,1196.43,Card
ORD3094,2024-05-28,Meera,Office Chair,Furniture,Bengaluru,South,8,9289.04,74312.32,13410.83,Net Banking
ORD3095,2024-02-02,Vikram,Laptop,Electronics,Pune,West,6,49697.06,298182.36,53727.82,Net Banking
ORD3096,2024-05-15,Sneha,Desk,Furniture,Mumbai,West,6,7468.72,44812.32,5283.06,UPI
ORD3097,2024-01-21,Arjun,Monitor,Electronics,Pune,West,7,14296.1,100072.7,17035.0,Net Banking
ORD3098,2024-05-20,Meera,Monitor,Electronics,Kolkata,East,1,14790.03,14790.03,3593.51,Net Banking
ORD3099,2024-10-24,Arjun,Laptop,Electronics,Pune,West,10,56796.46,567964.6,93389.31,Cash
ORD3100,2024-10-06,Aisha,Smartphone,Electronics,Mumbai,West,7,30364.53,212551.71,28877.24,Card
ORD3101,2024-09-02,Ananya,Laptop,Electronics,Kolkata,East,2,53116.52,106233.04,12934.02,UPI
ORD3102,2024-07-31,Priya,Headphones,Electronics,Pune,West,3,2578.73,7736.19,1502.43,Net Banking
ORD3103,2024-06-07,Meera,Monitor,Electronics,Hyderabad,South,6,13792.81,82756.86,19728.91,UPI
ORD3104,2024-05-02,Rahul,Smartphone,Electronics,Hyderabad,South,2,32118.18,64236.36,5175.25,Cash
ORD3105,2024-09-30,Vikram,Headphones,Electronics,Chennai,South,8,2418.76,19350.08,3194.29,UPI
ORD3106,2024-03-31,Divya,Desk,Furniture,Pune,West,2,6798.76,13597.52,1300.54,Card
ORD3107,2024-02-14,Rahul,Printer,Electronics,Pune,West,1,12986.21,12986.21,2408.4,Card
ORD3108,2024-04-09,Vikram,Headphones,Electronics,Delhi,North,3,2511.04,7533.12,1485.68,Cash
ORD3109,2024-09-19,Pooja,Laptop,Electronics,Delhi,North,7,58219.32,407535.24,62560.03,Net Banking
ORD3110,2024-10-27,Nikhil,Monitor,Electronics,Hyderabad,South,4,15363.23,61452.92,9966.55,UPI
ORD3111,2024-06-13,Aisha,Backpack,Accessories,Mumbai,West,8,1820.68,14565.44,2298.94,Cash
ORD3112,2024-06-30,Ananya,Monitor,Electronics,Bengaluru,South,1,14858.73,14858.73,1198.1,Cash
ORD3113,2024-06-10,Sanjay,Pen Set,Stationery,Delhi,North,7,209.99,1469.93,119.45,Net Banking
ORD3114,2024-02-29,Rohit,Smartphone,Electronics,Hyderabad,South,2,30567.89,61135.78,10725.67,Card
ORD3115,2024-06-23,Rahul,Desk,Furniture,Ahmedabad,West,9,7694.59,69251.31,14085.97,UPI
ORD3116,2024-05-30,Ananya,Pen Set,Stationery,Delhi,North,4,192.48,769.92,169.2,UPI
ORD3117,2024-03-19,Sneha,Laptop,Electronics,Pune,West,3,57154.97,171464.91,37493.87,Cash
ORD3118,2024-06-02,Divya,Office Chair,Furniture,Chennai,South,9,8268.43,74415.87,12256.95,UPI
ORD3119,2024-03-11,Neha,Laptop,Electronics,Pune,West,6,51532.54,309195.24,29628.0,UPI
ORD3120,2024-06-11,Neha,Mouse,Electronics,Chennai,South,2,875.94,1751.88,368.88,UPI
ORD3121,2024-05-21,Sneha,Headphones,Electronics,Mumbai,West,10,2650.19,26501.9,3163.22,UPI
ORD3122,2024-07-25,Pooja,Backpack,Accessories,Pune,West,9,1856.84,16711.56,1622.26,UPI
ORD3123,2024-01-27,Priya,Keyboard,Electronics,Kolkata,East,2,1547.37,3094.74,389.13,UPI
ORD3124,2024-07-03,Divya,Smartphone,Electronics,Bengaluru,South,2,32348.41,64696.82,5643.45,UPI
ORD3125,2024-05-06,Rahul,Keyboard,Electronics,Hyderabad,South,10,1631.9,16319.0,3788.52,Cash
ORD3126,2024-01-09,Vikram,Headphones,Electronics,Hyderabad,South,10,2600.35,26003.5,2539.46,Card
ORD3127,2024-12-15,Meera,Backpack,Accessories,Hyderabad,South,3,1885.63,5656.89,1243.21,Card
ORD3128,2024-04-06,Vikram,Office Chair,Furniture,Bengaluru,South,9,9137.62,82238.58,14641.55,Card
ORD3129,2024-09-27,Sneha,Laptop,Electronics,Kolkata,East,4,56245.84,224983.36,32855.44,Cash
ORD3130,2024-05-17,Arjun,Headphones,Electronics,Kolkata,East,10,2455.77,24557.7,4379.04,UPI
ORD3131,2024-02-28,Divya,Backpack,Accessories,Kolkata,East,5,1853.4,9267.0,1525.4,Card
ORD3132,2024-10-24,Rahul,Backpack,Accessories,Pune,West,3,1827.58,5482.74,1197.74,Card
ORD3133,2024-02-06,Aisha,Headphones,Electronics,Bengaluru,South,4,2749.07,10996.28,2272.16,Net Banking
ORD3134,2024-11-29,Arjun,Headphones,Electronics,Mumbai,West,5,2729.7,13648.5,2425.03,UPI
ORD3135,2024-03-14,Priya,Backpack,Accessories,Bengaluru,South,7,1658.5,11609.5,1335.98,UPI
ORD3136,2024-05-20,Vikram,Mouse,Electronics,Delhi,North,7,780.6,5464.2,919.12,Card
ORD3137,2024-12-06,Sanjay,Pen Set,Stationery,Hyderabad,South,4,195.57,782.28,87.58,Card
ORD3138,2024-08-09,Vikram,Desk,Furniture,Ahmedabad,West,5,6912.43,34562.15,4246.27,Card
ORD3139,2024-02-26,Neha,Laptop,Electronics,Bengaluru,South,8,55267.1,442136.8,50692.21,Cash
ORD3140,2024-08-30,Pooja,Headphones,Electronics,Pune,West,5,2338.53,11692.65,2464.1,UPI
ORD3141,2024-04-12,Nikhil,Notebook,Stationery,Ahmedabad,West,6,115.28,691.68,81.71,Cash
ORD3142,2024-03-09,Ananya,Desk,Furniture,Kolkata,East,5,6524.64,32623.2,3833.1,Card
ORD3143,2024-09-17,Aisha,Pen Set,Stationery,Ahmedabad,West,7,188.75,1321.25,318.75,Card
ORD3144,2024-05-19,Sanjay,Smartphone,Electronics,Pune,West,6,30132.17,180793.02,35667.63,Cash
ORD3145,2024-02-24,Arjun,Backpack,Accessories,Kolkata,East,1,1642.67,1642.67,398.7,Cash
ORD3146,2024-09-28,Neha,Keyboard,Electronics,Mumbai,West,9,1606.76,14460.84,2568.97,Card
ORD3147,2024-06-16,Pooja,Pen Set,Stationery,Ahmedabad,West,9,180.13,1621.17,393.89,Net Banking
ORD3148,2024-06-05,Nikhil,Notebook,Stationery,Delhi,North,1,119.54,119.54,13.37,Net Banking
ORD3149,2024-11-04,Rohit,Keyboard,Electronics,Pune,West,10,1409.84,14098.4,2091.25,Cash
ORD3150,2024-06-15,Ananya,Smartphone,Electronics,Kolkata,East,8,30747.72,245981.76,56906.33,Cash
ORD3151,2024-08-08,Meera,Mouse,Electronics,Ahmedabad,West,4,805.2,3220.8,527.68,UPI
ORD3152,2024-07-29,Sanjay,Backpack,Accessories,Chennai,South,2,1823.46,3646.92,376.69,UPI
ORD3153,2024-02-22,Aisha,Monitor,Electronics,Ahmedabad,West,7,15104.94,105734.58,21735.29,Net Banking
ORD3154,2024-02-19,Ananya,Backpack,Accessories,Hyderabad,South,4,1885.69,7542.76,883.56,Cash
ORD3155,2024-08-18,Neha,Laptop,Electronics,Kolkata,East,2,60404.47,120808.94,22870.74,Card
ORD3156,2024-05-08,Pooja,Smartphone,Electronics,Delhi,North,4,30670.64,122682.56,11764.86,Card
ORD3157,2024-12-22,Nikhil,Laptop,Electronics,Ahmedabad,West,5,55451.83,277259.15,53161.81,UPI
ORD3158,2024-09-14,Rohit,Desk,Furniture,Mumbai,West,7,7542.46,52797.22,5122.17,Card
ORD3159,2024-07-01,Pooja,Notebook,Stationery,Pune,West,1,118.25,118.25,16.47,Net Banking
ORD3160,2024-10-19,Ananya,Printer,Electronics,Hyderabad,South,1,12573.36,12573.36,3102.1,Cash
ORD3161,2024-04-01,Arjun,Monitor,Electronics,Hyderabad,South,3,14202.66,42607.98,3736.07,Card
ORD3162,2024-04-25,Rohit,Monitor,Electronics,Hyderabad,South,5,14882.57,74412.85,14323.17,Card
ORD3163,2024-06-02,Sanjay,Laptop,Electronics,Chennai,South,4,53533.07,214132.28,44672.32,Net Banking
ORD3164,2024-07-10,Ananya,Headphones,Electronics,Chennai,South,3,2486.87,7460.61,606.52,Card
ORD3165,2024-02-07,Priya,Pen Set,Stationery,Kolkata,East,2,183.39,366.78,39.17,Net Banking
ORD3166,2024-12-31,Meera,Smartphone,Electronics,Kolkata,East,4,31198.13,124792.52,13509.06,Cash
ORD3167,2024-08-17,Divya,Desk,Furniture,Hyderabad,South,10,7045.99,70459.9,12431.94,Card
ORD3168,2024-01-11,Arjun,Notebook,Stationery,Ahmedabad,West,5,115.58,577.9,105.79,Net Banking
ORD3169,2024-10-24,Rahul,Keyboard,Electronics,Kolkata,East,9,1489.46,13405.14,1279.85,Card
ORD3170,2024-09-02,Divya,Laptop,Electronics,Mumbai,West,9,59945.19,539506.71,53539.58,Card
ORD3171,2024-05-03,Neha,Laptop,Electronics,Hyderabad,South,9,59133.79,532204.11,114860.45,UPI
ORD3172,2024-09-25,Meera,Printer,Electronics,Chennai,South,4,12093.61,48374.44,4557.19,UPI
ORD3173,2024-01-23,Divya,Keyboard,Electronics,Pune,West,6,1514.67,9088.02,2006.44,Net Banking
ORD3174,2024-03-16,Rohit,Monitor,Electronics,Hyderabad,South,4,15596.33,62385.32,5938.78,Net Banking
ORD3175,2024-08-23,Priya,Smartphone,Electronics,Kolkata,East,9,27480.94,247328.46,51746.98,Cash
ORD3176,2024-12-06,Nikhil,Mouse,Electronics,Bengaluru,South,1,842.48,842.48,179.12,UPI
ORD3177,2024-11-22,Rohit,Backpack,Accessories,Bengaluru,South,2,1736.1,3472.2,724.94,UPI
ORD3178,2024-10-02,Aisha,Smartphone,Electronics,Mumbai,West,8,32718.53,261748.24,25312.18,Cash
ORD3179,2024-12-10,Rahul,Laptop,Electronics,Bengaluru,South,3,60372.43,181117.29,24121.83,Cash
ORD3180,2024-11-03,Aisha,Keyboard,Electronics,Pune,West,3,1375.51,4126.53,900.29,Net Banking
ORD3181,2024-03-30,Sanjay,Keyboard,Electronics,Ahmedabad,West,9,1623.08,14607.72,1358.85,Cash
ORD3182,2024-08-10,Vikram,Printer,Electronics,Bengaluru,South,6,11710.67,70264.02,6103.49,UPI
ORD3183,2024-07-12,Kiran,Laptop,Electronics,Bengaluru,South,1,56782.41,56782.41,13093.16,Cash
ORD3184,2024-07-12,Rohit,Smartphone,Electronics,Delhi,North,9,28650.48,257854.32,27201.82,UPI
ORD3185,2024-06-13,Kiran,Monitor,Electronics,Kolkata,East,3,15893.1,47679.3,7961.78,UPI
ORD3186,2024-01-22,Meera,Mouse,Electronics,Pune,West,3,845.62,2536.86,364.81,UPI
ORD3187,2024-11-04,Sanjay,Pen Set,Stationery,Ahmedabad,West,1,196.27,196.27,23.72,Net Banking
ORD3188,2024-09-26,Priya,Notebook,Stationery,Delhi,North,1,126.54,126.54,26.87,Card
ORD3189,2024-07-19,Sneha,Smartphone,Electronics,Bengaluru,South,5,31811.96,159059.8,37821.81,UPI
ORD3190,2024-11-25,Priya,Printer,Electronics,Bengaluru,South,5,12301.39,61506.95,7625.17,Net Banking
ORD3191,2024-04-06,Meera,Desk,Furniture,Mumbai,West,9,6571.4,59142.6,11952.18,UPI
ORD3192,2024-12-22,Divya,Office Chair,Furniture,Pune,West,4,7913.26,31653.04,2884.86,Cash
ORD3193,2024-06-06,Divya,Backpack,Accessories,Hyderabad,South,9,1825.71,16431.39,3184.64,Cash
ORD3194,2024-03-07,Kiran,Headphones,Electronics,Bengaluru,South,4,2689.72,10758.88,2244.32,Net Banking
ORD3195,2024-08-24,Sanjay,Monitor,Electronics,Chennai,South,5,16382.32,81911.6,10059.93,UPI
ORD3196,2024-07-10,Pooja,Office Chair,Furniture,Pune,West,7,7916.34,55414.38,13346.23,Cash
ORD3197,2024-07-07,Kiran,Laptop,Electronics,Hyderabad,South,7,58175.25,407226.75,82500.52,Card
ORD3198,2024-06-06,Divya,Keyboard,Electronics,Mumbai,West,1,1550.6,1550.6,247.9,Cash
ORD3199,2024-10-11,Nikhil,Keyboard,Electronics,Bengaluru,South,4,1569.23,6276.92,895.23,Card
ORD3200,2024-02-01,Aisha,Keyboard,Electronics,Delhi,North,3,1489.7,4469.1,989.45,Cash
ORD3201,2024-04-14,Neha,Laptop,Electronics,Pune,West,1,60424.39,60424.39,7827.01,Card
ORD3202,2024-06-10,Neha,Monitor,Electronics,Delhi,North,4,15985.58,63942.32,7916.82,UPI
ORD3203,2024-12-30,Rohit,Office Chair,Furniture,Mumbai,West,3,9020.11,27060.33,2579.11,Net Banking
ORD3204,2024-04-11,Arjun,Printer,Electronics,Ahmedabad,West,2,12106.51,24213.02,4433.35,UPI
ORD3205,2024-06-14,Arjun,Pen Set,Stationery,Mumbai,West,8,188.67,1509.36,224.67,UPI
ORD3206,2024-11-09,Pooja,Office Chair,Furniture,Bengaluru,South,2,9275.56,18551.12,4379.59,Net Banking
ORD3207,2024-07-27,Pooja,Mouse,Electronics,Kolkata,East,2,793.87,1587.74,262.16,UPI
ORD3208,2024-01-16,Rohit,Laptop,Electronics,Hyderabad,South,4,58523.84,234095.36,58414.92,UPI
ORD3209,2024-09-25,Neha,Mouse,Electronics,Kolkata,East,2,807.96,1615.92,359.37,UPI
ORD3210,2024-05-15,Nikhil,Monitor,Electronics,Kolkata,East,6,14916.82,89500.92,17853.87,Cash
ORD3211,2024-12-14,Arjun,Notebook,Stationery,Chennai,South,7,130.0,910.0,209.29,Net Banking
ORD3212,2024-11-05,Rahul,Mouse,Electronics,Delhi,North,3,861.74,2585.22,240.33,UPI
ORD3213,2024-07-22,Meera,Printer,Electronics,Pune,West,2,12094.15,24188.3,2863.74,Net Banking
ORD3214,2024-04-09,Priya,Mouse,Electronics,Bengaluru,South,10,742.29,7422.9,1851.85,Card
ORD3215,2024-06-21,Divya,Monitor,Electronics,Hyderabad,South,2,14220.43,28440.86,3604.97,UPI
ORD3216,2024-05-30,Priya,Smartphone,Electronics,Pune,West,1,31172.5,31172.5,7036.79,Net Banking
ORD3217,2024-06-21,Arjun,Backpack,Accessories,Bengaluru,South,6,1846.97,11081.82,2352.26,Net Banking
ORD3218,2024-09-22,Nikhil,Office Chair,Furniture,Kolkata,East,7,9292.69,65048.83,13428.6,UPI
ORD3219,2024-01-22,Arjun,Smartphone,Electronics,Hyderabad,South,7,31681.84,221772.88,18419.28,UPI
ORD3220,2024-02-15,Sanjay,Printer,Electronics,Mumbai,West,6,11737.42,70424.52,16223.82,UPI
ORD3221,2024-04-18,Rahul,Office Chair,Furniture,Hyderabad,South,8,7773.55,62188.4,14916.05,Card
ORD3222,2024-09-17,Meera,Monitor,Electronics,Pune,West,6,14567.39,87404.34,19137.84,Card
ORD3223,2024-10-14,Aisha,Office Chair,Furniture,Chennai,South,8,8714.84,69718.72,11329.01,Card
ORD3224,2024-01-21,Rahul,Notebook,Stationery,Mumbai,West,9,127.95,1151.55,148.97,Card
ORD3225,2024-06-24,Sneha,Keyboard,Electronics,Bengaluru,South,9,1645.54,14809.86,3149.19,Card
ORD3226,2024-07-10,Rohit,Desk,Furniture,Hyderabad,South,7,6364.57,44551.99,5334.52,UPI
ORD3227,2024-11-06,Sanjay,Laptop,Electronics,Chennai,South,6,54466.87,326801.22,64698.28,UPI
ORD3228,2024-05-28,Sneha,Printer,Electronics,Delhi,North,10,12194.02,121940.2,11099.34,Card
ORD3229,2024-11-02,Nikhil,Laptop,Electronics,Ahmedabad,West,5,55911.89,279559.45,30234.96,Net Banking
ORD3230,2024-11-03,Nikhil,Notebook,Stationery,Kolkata,East,5,127.93,639.65,120.96,Net Banking
ORD3231,2024-07-15,Aisha,Smartphone,Electronics,Pune,West,3,30211.59,90634.77,12892.86,Card
ORD3232,2024-09-13,Neha,Headphones,Electronics,Delhi,North,10,2301.47,23014.7,1924.41,Cash
ORD3233,2024-04-24,Sneha,Notebook,Stationery,Mumbai,West,3,129.37,388.11,38.2,Card
ORD3234,2024-07-27,Rohit,Office Chair,Furniture,Kolkata,East,10,8601.74,86017.4,20590.84,UPI
ORD3235,2024-08-01,Neha,Printer,Electronics,Ahmedabad,West,3,11755.19,35265.57,3526.97,UPI
ORD3236,2024-04-26,Meera,Pen Set,Stationery,Ahmedabad,West,3,209.97,629.91,83.54,Card
ORD3237,2024-12-02,Neha,Mouse,Electronics,Delhi,North,4,863.76,3455.04,581.95,UPI
ORD3238,2024-03-01,Priya,Keyboard,Electronics,Bengaluru,South,6,1638.01,9828.06,2268.69,Net Banking
ORD3239,2024-07-26,Rohit,Mouse,Electronics,Bengaluru,South,9,848.73,7638.57,1629.25,Cash
ORD3240,2024-10-08,Divya,Printer,Electronics,Hyderabad,South,7,12386.2,86703.4,8314.38,Net Banking
ORD3241,2024-10-14,Vikram,Mouse,Electronics,Kolkata,East,2,867.75,1735.5,202.75,Net Banking
ORD3242,2024-06-21,Neha,Smartphone,Electronics,Hyderabad,South,4,31843.39,127373.56,16982.47,UPI
ORD3243,2024-10-27,Pooja,Keyboard,Electronics,Mumbai,West,5,1469.6,7348.0,773.9,Cash
ORD3244,2024-03-25,Vikram,Printer,Electronics,Pune,West,1,12851.13,12851.13,2846.91,Card
ORD3245,2024-07-18,Rahul,Laptop,Electronics,Bengaluru,South,9,54276.73,488490.57,71522.06,UPI
ORD3246,2024-04-08,Sanjay,Smartphone,Electronics,Kolkata,East,9,28212.35,253911.15,23818.49,Cash
ORD3247,2024-11-27,Sneha,Laptop,Electronics,Bengaluru,South,2,53627.11,107254.22,9601.15,UPI
ORD3248,2024-03-31,Sanjay,Keyboard,Electronics,Chennai,South,6,1366.3,8197.8,1224.13,Card
ORD3249,2024-07-07,Arjun,Notebook,Stationery,Ahmedabad,West,7,123.05,861.35,76.27,Cash
ORD3250,2024-07-19,Priya,Keyboard,Electronics,Bengaluru,South,8,1482.19,11857.52,2155.72,UPI
ORD3251,2024-07-29,Aisha,Backpack,Accessories,Ahmedabad,West,3,1881.37,5644.11,1183.59,Card
ORD3252,2024-09-08,Nikhil,Notebook,Stationery,Hyderabad,South,6,108.47,650.82,140.43,Net Banking
ORD3253,2024-02-04,Pooja,Office Chair,Furniture,Bengaluru,South,3,8611.22,25833.66,6161.91,Cash
ORD3254,2024-04-09,Arjun,Laptop,Electronics,Kolkata,East,9,56920.96,512288.64,63870.02,Card
ORD3255,2024-06-09,Kiran,Desk,Furniture,Mumbai,West,2,7612.14,15224.28,3687.52,Card
ORD3256,2024-02-10,Vikram,Monitor,Electronics,Delhi,North,7,13826.14,96782.98,16704.41,UPI
ORD3257,2024-07-13,Rahul,Monitor,Electronics,Hyderabad,South,2,13735.78,27471.56,2960.75,Card
ORD3258,2024-08-27,Vikram,Office Chair,Furniture,Mumbai,West,9,9315.23,83837.07,11235.72,Cash
ORD3259,2024-12-07,Meera,Office Chair,Furniture,Chennai,South,4,8021.03,32084.12,2972.18,Cash
ORD3260,2024-10-23,Kiran,Keyboard,Electronics,Pune,West,10,1364.76,13647.6,3321.97,UPI
ORD3261,2024-02-18,Divya,Headphones,Electronics,Kolkata,East,5,2505.13,12525.65,3074.09,Cash
ORD3262,2024-02-22,Divya,Keyboard,Electronics,Bengaluru,South,4,1485.52,5942.08,1164.34,Net Banking
ORD3263,2024-09-12,Aisha,Printer,Electronics,Chennai,South,3,12972.1,38916.3,8015.04,Card
ORD3264,2024-09-08,Neha,Headphones,Electronics,Chennai,South,1,2666.98,2666.98,503.1,Card
ORD3265,2024-03-28,Rohit,Smartphone,Electronics,Mumbai,West,5,30116.55,150582.75,36971.88,Cash
ORD3266,2024-04-28,Sanjay,Backpack,Accessories,Ahmedabad,West,10,1777.66,17776.6,3712.45,Card
ORD3267,2024-01-15,Kiran,Smartphone,Electronics,Hyderabad,South,9,31089.19,279802.71,37531.36,Card
ORD3268,2024-10-05,Nikhil,Notebook,Stationery,Ahmedabad,West,1,119.83,119.83,23.9,Net Banking
ORD3269,2024-09-11,Arjun,Office Chair,Furniture,Chennai,South,8,8463.15,67705.2,6119.54,Net Banking
ORD3270,2024-10-03,Priya,Printer,Electronics,Hyderabad,South,1,11676.21,11676.21,938.57,UPI
ORD3271,2024-12-11,Priya,Pen Set,Stationery,Hyderabad,South,3,188.96,566.88,79.01,UPI
ORD3272,2024-08-17,Neha,Office Chair,Furniture,Delhi,North,1,8971.39,8971.39,1539.87,UPI
ORD3273,2024-09-24,Aisha,Pen Set,Stationery,Pune,West,7,202.78,1419.46,290.31,Card
ORD3274,2024-10-31,Ananya,Smartphone,Electronics,Hyderabad,South,6,30407.2,182443.2,44646.74,Cash
ORD3275,2024-10-06,Sanjay,Monitor,Electronics,Kolkata,East,10,15326.88,153268.8,19786.5,UPI
ORD3276,2024-11-05,Nikhil,Headphones,Electronics,Hyderabad,South,1,2675.44,2675.44,577.16,Card
ORD3277,2024-05-29,Aisha,Pen Set,Stationery,Kolkata,East,10,208.67,2086.7,255.89,Card
ORD3278,2024-11-27,Rahul,Keyboard,Electronics,Delhi,North,10,1503.66,15036.6,2812.11,Cash
ORD3279,2024-01-19,Nikhil,Mouse,Electronics,Ahmedabad,West,9,801.21,7210.89,1756.67,Net Banking
ORD3280,2024-08-17,Divya,Smartphone,Electronics,Delhi,North,3,28411.69,85235.07,14700.89,Net Banking
ORD3281,2024-07-13,Pooja,Monitor,Electronics,Hyderabad,South,1,16301.71,16301.71,2556.78,UPI
ORD3282,2024-07-15,Meera,Notebook,Stationery,Chennai,South,8,119.88,959.04,163.49,Card
ORD3283,2024-03-07,Kiran,Notebook,Stationery,Kolkata,East,9,119.93,1079.37,241.49,Card
ORD3284,2024-07-23,Aisha,Desk,Furniture,Bengaluru,South,9,6745.56,60710.04,10268.85,Card
ORD3285,2024-01-16,Aisha,Pen Set,Stationery,Mumbai,West,6,182.07,1092.42,137.41,Cash
ORD3286,2024-01-20,Ananya,Office Chair,Furniture,Kolkata,East,10,8214.19,82141.9,12947.87,UPI
ORD3287,2024-07-10,Sneha,Headphones,Electronics,Pune,West,9,2337.95,21041.55,4353.5,Cash
ORD3288,2024-06-29,Sanjay,Headphones,Electronics,Kolkata,East,8,2546.8,20374.4,2309.2,Cash
ORD3289,2024-05-17,Pooja,Headphones,Electronics,Mumbai,West,3,2591.76,7775.28,1599.31,Net Banking
ORD3290,2024-02-22,Kiran,Monitor,Electronics,Mumbai,West,9,16381.42,147432.78,34947.63,Net Banking
ORD3291,2024-04-05,Meera,Headphones,Electronics,Pune,West,2,2592.23,5184.46,1222.08,Cash
ORD3292,2024-03-26,Rohit,Backpack,Accessories,Ahmedabad,West,3,1949.02,5847.06,809.06,Card
ORD3293,2024-12-17,Kiran,Office Chair,Furniture,Mumbai,West,4,8233.65,32934.6,6038.54,UPI
ORD3294,2024-01-14,Aisha,Monitor,Electronics,Chennai,South,9,15631.85,140686.65,20085.74,Net Banking
ORD3295,2024-01-09,Rohit,Printer,Electronics,Pune,West,7,13078.98,91552.86,16019.59,Cash
ORD3296,2024-11-17,Rohit,Desk,Furniture,Pune,West,5,6613.89,33069.45,3737.08,UPI
ORD3297,2024-03-25,Ananya,Pen Set,Stationery,Chennai,South,2,216.56,433.12,78.75,Card
ORD3298,2024-02-14,Sanjay,Printer,Electronics,Delhi,North,10,11366.44,113664.4,24424.97,Cash
ORD3299,2024-02-25,Kiran,Monitor,Electronics,Kolkata,East,5,13764.62,68823.1,8941.53,Cash
ORD3300,2024-04-19,Sanjay,Monitor,Electronics,Chennai,South,4,15686.8,62747.2,8925.08,Net Banking
ORD3301,2024-06-11,Ananya,Desk,Furniture,Chennai,South,4,7418.33,29673.32,4630.39,UPI
ORD3302,2024-02-25,Sneha,Notebook,Stationery,Pune,West,3,124.73,374.19,70.86,UPI
ORD3303,2024-03-03,Nikhil,Laptop,Electronics,Delhi,North,3,54522.96,163568.88,30206.62,Net Banking
ORD3304,2024-09-01,Ananya,Printer,Electronics,Bengaluru,South,10,12558.0,125580.0,12856.61,Cash
ORD3305,2024-06-27,Divya,Mouse,Electronics,Hyderabad,South,4,855.15,3420.6,579.97,Card
ORD3306,2024-08-07,Divya,Headphones,Electronics,Delhi,North,9,2654.55,23890.95,5198.59,UPI
ORD3307,2024-03-26,Priya,Mouse,Electronics,Kolkata,East,8,806.23,6449.84,822.49,Net Banking
ORD3308,2024-12-08,Sneha,Backpack,Accessories,Delhi,North,9,1741.42,15672.78,3227.59,Cash
ORD3309,2024-12-30,Sanjay,Backpack,Accessories,Kolkata,East,6,1906.78,11440.68,1532.43,Cash
ORD3310,2024-02-12,Pooja,Headphones,Electronics,Hyderabad,South,5,2729.0,13645.0,3203.61,Net Banking
ORD3311,2024-01-21,Ananya,Mouse,Electronics,Bengaluru,South,3,869.21,2607.63,211.38,Card
ORD3312,2024-02-07,Arjun,Keyboard,Electronics,Delhi,North,4,1525.9,6103.6,1399.73,Card
ORD3313,2024-01-03,Kiran,Pen Set,Stationery,Chennai,South,6,214.74,1288.44,118.24,Cash
ORD3314,2024-10-11,Nikhil,Desk,Furniture,Bengaluru,South,9,6585.73,59271.57,11119.99,Card
ORD3315,2024-09-25,Rohit,Pen Set,Stationery,Chennai,South,5,192.13,960.65,215.85,Net Banking
ORD3316,2024-04-23,Divya,Office Chair,Furniture,Ahmedabad,West,3,8499.29,25497.87,5725.75,Net Banking
ORD3317,2024-01-04,Priya,Pen Set,Stationery,Ahmedabad,West,5,205.73,1028.65,108.47,Cash
ORD3318,2024-02-05,Meera,Printer,Electronics,Hyderabad,South,6,11490.99,68945.94,16646.97,Card
ORD3319,2024-04-12,Rohit,Headphones,Electronics,Chennai,South,3,2345.21,7035.63,638.1,Card
ORD3320,2024-01-05,Neha,Pen Set,Stationery,Bengaluru,South,5,204.96,1024.8,92.26,UPI
ORD3321,2024-10-10,Vikram,Printer,Electronics,Mumbai,West,7,11429.74,80008.18,8578.93,Cash
ORD3322,2024-12-06,Vikram,Laptop,Electronics,Hyderabad,South,8,53944.28,431554.24,86331.71,Card
ORD3323,2024-07-04,Meera,Headphones,Electronics,Delhi,North,8,2482.13,19857.04,2467.39,Cash
ORD3324,2024-01-17,Kiran,Desk,Furniture,Hyderabad,South,7,6516.66,45616.62,8079.03,Card
ORD3325,2024-08-20,Divya,Notebook,Stationery,Chennai,South,9,127.6,1148.4,258.77,Card
ORD3326,2024-08-13,Rahul,Backpack,Accessories,Chennai,South,7,1639.11,11473.77,2612.98,Net Banking
ORD3327,2024-04-21,Neha,Headphones,Electronics,Chennai,South,8,2593.74,20749.92,2359.57,Card
ORD3328,2024-10-17,Neha,Laptop,Electronics,Delhi,North,3,51397.98,154193.94,27451.17,Card
ORD3329,2024-06-16,Aisha,Backpack,Accessories,Kolkata,East,3,1963.92,5891.76,1205.32,UPI
ORD3330,2024-03-26,Kiran,Pen Set,Stationery,Pune,West,4,202.13,808.52,84.46,Cash
ORD3331,2024-06-12,Meera,Backpack,Accessories,Mumbai,West,10,1928.05,19280.5,3312.93,Cash
ORD3332,2024-09-09,Arjun,Keyboard,Electronics,Kolkata,East,2,1496.73,2993.46,567.51,Card
ORD3333,2024-05-13,Sanjay,Office Chair,Furniture,Pune,West,4,9251.23,37004.92,6552.74,Cash
ORD3334,2024-08-16,Rohit,Notebook,Stationery,Ahmedabad,West,10,125.17,1251.7,124.92,Net Banking
ORD3335,2024-01-29,Kiran,Laptop,Electronics,Hyderabad,South,10,51417.64,514176.4,47242.54,Card
ORD3336,2024-04-19,Vikram,Pen Set,Stationery,Ahmedabad,West,9,216.43,1947.87,393.84,Cash
ORD3337,2024-02-20,Priya,Headphones,Electronics,Mumbai,West,3,2324.62,6973.86,1520.96,Cash
ORD3338,2024-01-23,Sneha,Office Chair,Furniture,Bengaluru,South,9,7970.35,71733.15,6197.87,Net Banking
ORD3339,2024-08-12,Kiran,Notebook,Stationery,Ahmedabad,West,9,120.08,1080.72,245.12,Card
ORD3340,2024-09-30,Divya,Backpack,Accessories,Delhi,North,9,1748.65,15737.85,1892.56,UPI
ORD3341,2024-07-17,Aisha,Laptop,Electronics,Mumbai,West,1,52559.43,52559.43,6904.08,UPI
ORD3342,2024-03-24,Arjun,Notebook,Stationery,Delhi,North,2,119.05,238.1,33.09,UPI
ORD3343,2024-10-27,Nikhil,Laptop,Electronics,Hyderabad,South,10,51342.28,513422.8,121972.06,Cash
ORD3344,2024-11-30,Sanjay,Pen Set,Stationery,Bengaluru,South,2,192.11,384.22,61.96,Card
ORD3345,2024-02-12,Arjun,Laptop,Electronics,Mumbai,West,1,55842.04,55842.04,13886.26,Net Banking
ORD3346,2024-03-18,Rahul,Smartphone,Electronics,Chennai,South,3,29386.92,88160.76,16544.2,Card
ORD3347,2024-03-12,Ananya,Headphones,Electronics,Chennai,South,8,2455.06,19640.48,4084.28,UPI
ORD3348,2024-03-07,Neha,Notebook,Stationery,Chennai,South,2,110.71,221.42,32.87,Card
ORD3349,2024-06-24,Aisha,Laptop,Electronics,Chennai,South,10,57438.38,574383.8,89548.43,Net Banking
ORD3350,2024-05-30,Rohit,Monitor,Electronics,Mumbai,West,10,15740.32,157403.2,18320.97,Card
ORD3351,2024-04-01,Vikram,Office Chair,Furniture,Kolkata,East,6,8004.28,48025.68,3951.53,Cash
ORD3352,2024-02-21,Rahul,Printer,Electronics,Chennai,South,3,12634.46,37903.38,4849.65,Cash
ORD3353,2024-01-05,Rohit,Laptop,Electronics,Kolkata,East,9,51046.72,459420.48,63085.99,Cash
ORD3354,2024-10-29,Arjun,Headphones,Electronics,Hyderabad,South,10,2393.36,23933.6,2438.77,Cash
ORD3355,2024-01-01,Pooja,Mouse,Electronics,Kolkata,East,2,849.67,1699.34,348.56,Card
ORD3356,2024-01-09,Pooja,Backpack,Accessories,Delhi,North,3,1900.52,5701.56,1021.65,UPI
ORD3357,2024-07-02,Meera,Monitor,Electronics,Ahmedabad,West,2,13925.64,27851.28,3131.28,Cash
ORD3358,2024-04-18,Sanjay,Printer,Electronics,Delhi,North,7,11536.67,80756.69,19146.07,UPI
ORD3359,2024-01-28,Divya,Keyboard,Electronics,Chennai,South,3,1357.69,4073.07,1011.41,UPI
ORD3360,2024-01-31,Priya,Mouse,Electronics,Hyderabad,South,8,756.93,6055.44,993.85,UPI
ORD3361,2024-07-30,Arjun,Desk,Furniture,Chennai,South,7,6896.68,48276.76,8710.97,Card
ORD3362,2024-06-24,Kiran,Headphones,Electronics,Pune,West,9,2575.05,23175.45,5404.29,Cash
ORD3363,2024-01-17,Arjun,Headphones,Electronics,Bengaluru,South,4,2600.6,10402.4,2364.44,UPI
ORD3364,2024-09-11,Rohit,Smartphone,Electronics,Bengaluru,South,10,29179.12,291791.2,68240.15,Net Banking
ORD3365,2024-10-29,Aisha,Mouse,Electronics,Kolkata,East,5,819.67,4098.35,586.27,Cash
ORD3366,2024-05-08,Vikram,Mouse,Electronics,Pune,West,7,854.96,5984.72,1441.01,UPI
ORD3367,2024-10-11,Ananya,Headphones,Electronics,Pune,West,8,2467.09,19736.72,1949.89,UPI
ORD3368,2024-07-30,Meera,Printer,Electronics,Chennai,South,1,11297.33,11297.33,2451.93,Card
ORD3369,2024-09-07,Priya,Smartphone,Electronics,Ahmedabad,West,7,28657.02,200599.14,48213.13,Net Banking
ORD3370,2024-12-09,Kiran,Printer,Electronics,Bengaluru,South,9,10831.51,97483.59,9413.29,Net Banking
ORD3371,2024-06-24,Nikhil,Smartphone,Electronics,Hyderabad,South,10,27182.89,271828.9,55008.59,UPI
ORD3372,2024-02-22,Arjun,Desk,Furniture,Chennai,South,4,7011.71,28046.84,4191.87,UPI
ORD3373,2024-05-27,Kiran,Desk,Furniture,Mumbai,West,6,6411.59,38469.54,3390.16,Cash
ORD3374,2024-12-26,Arjun,Desk,Furniture,Pune,West,4,7421.44,29685.76,3257.91,UPI
ORD3375,2024-12-12,Kiran,Laptop,Electronics,Kolkata,East,3,53338.27,160014.81,36179.15,Net Banking
ORD3376,2024-03-02,Meera,Office Chair,Furniture,Kolkata,East,10,8081.39,80813.9,6872.92,UPI
ORD3377,2024-08-13,Neha,Mouse,Electronics,Mumbai,West,4,817.11,3268.44,348.48,Cash
ORD3378,2024-10-26,Rahul,Office Chair,Furniture,Kolkata,East,7,9049.43,63346.01,5917.7,Card
ORD3379,2024-07-25,Divya,Headphones,Electronics,Ahmedabad,West,1,2266.04,2266.04,558.74,Net Banking
ORD3380,2024-02-04,Pooja,Smartphone,Electronics,Pune,West,6,30761.03,184566.18,15547.61,UPI
ORD3381,2024-05-09,Ananya,Laptop,Electronics,Ahmedabad,West,10,54842.19,548421.9,87446.4,UPI
ORD3382,2024-10-09,Rahul,Backpack,Accessories,Pune,West,10,1704.94,17049.4,3590.71,Cash
ORD3383,2024-02-03,Kiran,Notebook,Stationery,Bengaluru,South,6,113.98,683.88,170.68,Card
ORD3384,2024-10-28,Sneha,Laptop,Electronics,Pune,West,10,56197.34,561973.4,48578.46,Net Banking
ORD3385,2024-10-29,Vikram,Office Chair,Furniture,Ahmedabad,West,4,8751.65,35006.6,3982.8,UPI
ORD3386,2024-07-29,Neha,Office Chair,Furniture,Kolkata,East,10,8596.12,85961.2,11153.01,Net Banking
ORD3387,2024-09-05,Vikram,Smartphone,Electronics,Hyderabad,South,4,29909.73,119638.92,28944.59,Cash
ORD3388,2024-04-17,Nikhil,Monitor,Electronics,Mumbai,West,3,15786.59,47359.77,7306.28,Cash
ORD3389,2024-12-30,Sanjay,Notebook,Stationery,Chennai,South,10,118.71,1187.1,97.93,Cash
ORD3390,2024-09-20,Vikram,Headphones,Electronics,Kolkata,East,3,2263.15,6789.45,1082.48,Card
ORD3391,2024-12-06,Aisha,Smartphone,Electronics,Chennai,South,7,27329.53,191306.71,20454.69,UPI
ORD3392,2024-10-06,Pooja,Pen Set,Stationery,Pune,West,2,213.98,427.96,99.86,UPI
ORD3393,2024-10-26,Vikram,Monitor,Electronics,Delhi,North,10,15214.69,152146.9,27573.67,Card
ORD3394,2024-10-02,Meera,Smartphone,Electronics,Chennai,South,8,32775.12,262200.96,53557.86,Cash
ORD3395,2024-05-13,Sneha,Pen Set,Stationery,Bengaluru,South,2,218.82,437.64,104.06,Card
ORD3396,2024-09-24,Meera,Headphones,Electronics,Chennai,South,8,2723.4,21787.2,5015.09,Card
ORD3397,2024-10-03,Priya,Notebook,Stationery,Ahmedabad,West,9,116.97,1052.73,251.1,UPI
ORD3398,2024-08-30,Aisha,Laptop,Electronics,Pune,West,9,50015.05,450135.45,72306.29,UPI
ORD3399,2024-07-25,Rahul,Headphones,Electronics,Mumbai,West,7,2531.71,17721.97,2320.24,UPI
ORD3400,2024-12-09,Divya,Headphones,Electronics,Ahmedabad,West,10,2385.21,23852.1,2578.64,Card
ORD3401,2024-09-01,Aisha,Desk,Furniture,Kolkata,East,10,7620.58,76205.8,14779.88,UPI
ORD3402,2024-05-12,Neha,Keyboard,Electronics,Bengaluru,South,10,1456.39,14563.9,2931.35,UPI
ORD3403,2024-10-09,Aisha,Notebook,Stationery,Kolkata,East,2,116.51,233.02,20.39,Card
ORD3404,2024-10-10,Meera,Headphones,Electronics,Ahmedabad,West,5,2587.1,12935.5,2812.72,Card
ORD3405,2024-10-24,Pooja,Mouse,Electronics,Kolkata,East,6,737.12,4422.72,1053.81,Net Banking
ORD3406,2024-12-25,Aisha,Headphones,Electronics,Pune,West,1,2692.38,2692.38,639.33,Cash
ORD3407,2024-11-09,Divya,Notebook,Stationery,Kolkata,East,7,121.12,847.84,171.65,UPI
ORD3408,2024-01-06,Priya,Keyboard,Electronics,Ahmedabad,West,9,1443.72,12993.48,1182.53,Cash
ORD3409,2024-10-23,Pooja,Smartphone,Electronics,Kolkata,East,3,27958.84,83876.52,20019.73,Card
ORD3410,2024-09-14,Rohit,Pen Set,Stationery,Kolkata,East,5,201.7,1008.5,102.12,Card
ORD3411,2024-01-22,Neha,Keyboard,Electronics,Kolkata,East,9,1559.01,14031.09,1666.22,Net Banking
ORD3412,2024-09-26,Vikram,Headphones,Electronics,Pune,West,7,2489.76,17428.32,4329.22,UPI
ORD3413,2024-02-07,Arjun,Office Chair,Furniture,Bengaluru,South,10,9066.14,90661.4,8627.42,UPI
ORD3414,2024-11-23,Sanjay,Notebook,Stationery,Mumbai,West,6,123.87,743.22,184.18,Card
ORD3415,2024-07-27,Neha,Monitor,Electronics,Kolkata,East,2,14197.95,28395.9,4565.17,UPI
ORD3416,2024-10-11,Meera,Mouse,Electronics,Hyderabad,South,4,727.01,2908.04,358.47,UPI
ORD3417,2024-05-22,Pooja,Office Chair,Furniture,Delhi,North,1,9197.02,9197.02,1299.11,Cash
ORD3418,2024-06-11,Aisha,Desk,Furniture,Hyderabad,South,5,6474.4,32372.0,3125.56,UPI
ORD3419,2024-07-24,Sanjay,Monitor,Electronics,Pune,West,5,13584.76,67923.8,11983.61,UPI
ORD3420,2024-05-12,Rohit,Desk,Furniture,Ahmedabad,West,2,7381.36,14762.72,1499.19,UPI
ORD3421,2024-02-19,Sneha,Printer,Electronics,Bengaluru,South,7,11908.14,83356.98,14478.77,UPI
ORD3422,2024-04-25,Sanjay,Desk,Furniture,Pune,West,7,7023.76,49166.32,12252.1,Cash
ORD3423,2024-10-06,Divya,Notebook,Stationery,Hyderabad,South,7,123.04,861.28,207.59,Card
ORD3424,2024-09-16,Divya,Backpack,Accessories,Kolkata,East,10,1817.84,18178.4,2417.27,Cash
ORD3425,2024-06-09,Pooja,Backpack,Accessories,Chennai,South,6,1742.5,10455.0,1300.68,UPI
ORD3426,2024-04-02,Ananya,Smartphone,Electronics,Chennai,South,10,27808.61,278086.1,50569.51,Net Banking
ORD3427,2024-02-28,Rahul,Mouse,Electronics,Mumbai,West,7,862.26,6035.82,528.51,Net Banking
ORD3428,2024-10-11,Pooja,Smartphone,Electronics,Kolkata,East,1,28362.42,28362.42,5142.71,Net Banking
ORD3429,2024-11-27,Priya,Monitor,Electronics,Kolkata,East,6,14245.66,85473.96,21017.78,UPI
ORD3430,2024-09-05,Ananya,Printer,Electronics,Pune,West,6,11693.73,70162.38,6278.69,UPI
ORD3431,2024-05-08,Priya,Laptop,Electronics,Pune,West,3,52785.85,158357.55,38816.08,UPI
ORD3432,2024-10-12,Rohit,Keyboard,Electronics,Kolkata,East,7,1554.72,10883.04,1377.52,Net Banking
ORD3433,2024-05-14,Priya,Office Chair,Furniture,Ahmedabad,West,7,7735.0,54145.0,11595.71,UPI
ORD3434,2024-08-14,Kiran,Keyboard,Electronics,Delhi,North,7,1609.55,11266.85,1839.93,UPI
ORD3435,2024-04-08,Pooja,Notebook,Stationery,Ahmedabad,West,5,126.43,632.15,154.25,UPI
ORD3436,2024-07-26,Neha,Office Chair,Furniture,Hyderabad,South,4,9106.96,36427.84,5202.63,Net Banking
ORD3437,2024-02-25,Divya,Headphones,Electronics,Hyderabad,South,7,2418.25,16927.75,2186.43,Cash
ORD3438,2024-12-11,Divya,Notebook,Stationery,Delhi,North,4,130.21,520.84,42.48,Card
ORD3439,2024-08-19,Divya,Headphones,Electronics,Chennai,South,3,2326.08,6978.24,773.03,Net Banking
ORD3440,2024-11-09,Rahul,Backpack,Accessories,Ahmedabad,West,5,1764.44,8822.2,1851.32,Net Banking
ORD3441,2024-02-21,Rahul,Laptop,Electronics,Chennai,South,2,51445.65,102891.3,20635.26,Cash
ORD3442,2024-01-31,Ananya,Printer,Electronics,Pune,West,9,12712.52,114412.68,21589.79,UPI
ORD3443,2024-12-30,Vikram,Smartphone,Electronics,Ahmedabad,West,10,30097.62,300976.2,44343.96,Card
ORD3444,2024-07-02,Vikram,Monitor,Electronics,Chennai,South,3,15233.52,45700.56,10512.1,UPI
ORD3445,2024-05-14,Sanjay,Keyboard,Electronics,Ahmedabad,West,3,1648.26,4944.78,739.01,Card
ORD3446,2024-03-25,Ananya,Pen Set,Stationery,Kolkata,East,2,185.89,371.78,36.75,Card
ORD3447,2024-06-24,Arjun,Printer,Electronics,Pune,West,4,12565.0,50260.0,11578.13,Net Banking
ORD3448,2024-11-21,Priya,Mouse,Electronics,Kolkata,East,9,727.69,6549.21,1140.86,Cash
ORD3449,2024-12-21,Pooja,Keyboard,Electronics,Hyderabad,South,5,1388.38,6941.9,1348.1,Card
ORD3450,2024-05-17,Ananya,Printer,Electronics,Delhi,North,5,11668.87,58344.35,12130.47,UPI
ORD3451,2024-11-29,Vikram,Pen Set,Stationery,Kolkata,East,5,192.22,961.1,136.92,Cash
ORD3452,2024-03-12,Arjun,Backpack,Accessories,Hyderabad,South,4,1924.38,7697.52,716.17,Card
ORD3453,2024-09-08,Aisha,Backpack,Accessories,Ahmedabad,West,5,1897.11,9485.55,1750.2,UPI
ORD3454,2024-05-30,Aisha,Desk,Furniture,Ahmedabad,West,7,7369.82,51588.74,6257.32,Card
ORD3455,2024-10-02,Divya,Desk,Furniture,Hyderabad,South,1,6568.28,6568.28,1455.15,Card
ORD3456,2024-02-01,Pooja,Smartphone,Electronics,Ahmedabad,West,6,31285.3,187711.8,35920.4,UPI
ORD3457,2024-12-31,Aisha,Notebook,Stationery,Kolkata,East,4,127.84,511.36,63.07,Card
ORD3458,2024-06-15,Nikhil,Laptop,Electronics,Kolkata,East,10,60437.63,604376.3,148922.16,Card
ORD3459,2024-01-07,Ananya,Keyboard,Electronics,Mumbai,West,6,1604.33,9625.98,2211.92,UPI
ORD3460,2024-09-20,Neha,Printer,Electronics,Chennai,South,7,11857.3,83001.1,13767.94,UPI
ORD3461,2024-12-09,Kiran,Office Chair,Furniture,Delhi,North,3,8124.05,24372.15,3003.79,Cash
ORD3462,2024-09-30,Neha,Keyboard,Electronics,Kolkata,East,1,1597.76,1597.76,184.93,Cash
ORD3463,2024-12-26,Pooja,Backpack,Accessories,Chennai,South,8,1837.0,14696.0,1718.92,UPI
ORD3464,2024-10-01,Vikram,Laptop,Electronics,Delhi,North,4,56580.14,226320.56,22850.81,Cash
ORD3465,2024-10-27,Meera,Printer,Electronics,Kolkata,East,10,12162.96,121629.6,18530.2,Card
ORD3466,2024-10-23,Nikhil,Backpack,Accessories,Bengaluru,South,5,1977.55,9887.75,1319.67,Card
ORD3467,2024-05-09,Divya,Desk,Furniture,Chennai,South,5,7475.64,37378.2,7317.68,Card
ORD3468,2024-12-29,Sneha,Laptop,Electronics,Chennai,South,10,55444.92,554449.2,135172.59,Card
ORD3469,2024-10-30,Vikram,Keyboard,Electronics,Hyderabad,South,4,1599.49,6397.96,1217.39,Card
ORD3470,2024-02-27,Aisha,Printer,Electronics,Mumbai,West,4,12163.23,48652.92,4745.83,Net Banking
ORD3471,2024-03-29,Meera,Laptop,Electronics,Kolkata,East,3,59880.72,179642.16,31674.29,UPI
ORD3472,2024-02-29,Ananya,Backpack,Accessories,Mumbai,West,3,1672.45,5017.35,439.58,Card
ORD3473,2024-07-16,Vikram,Monitor,Electronics,Hyderabad,South,1,13548.83,13548.83,2677.02,Net Banking
ORD3474,2024-11-19,Rohit,Office Chair,Furniture,Chennai,South,1,9197.07,9197.07,1529.9,Net Banking
ORD3475,2024-05-31,Arjun,Backpack,Accessories,Kolkata,East,2,1624.03,3248.06,306.01,Cash
ORD3476,2024-10-10,Sneha,Office Chair,Furniture,Chennai,South,5,7754.91,38774.55,7877.67,Cash
ORD3477,2024-09-04,Sneha,Pen Set,Stationery,Mumbai,West,2,203.59,407.18,84.84,Net Banking
ORD3478,2024-10-28,Kiran,Printer,Electronics,Hyderabad,South,4,11555.67,46222.68,6909.07,UPI
ORD3479,2024-08-22,Sanjay,Laptop,Electronics,Bengaluru,South,4,57566.69,230266.76,57354.72,Net Banking
ORD3480,2024-06-17,Nikhil,Headphones,Electronics,Bengaluru,South,6,2658.68,15952.08,2032.63,Net Banking
ORD3481,2024-08-11,Divya,Desk,Furniture,Chennai,South,6,6327.36,37964.16,7484.08,Net Banking
ORD3482,2024-07-20,Neha,Office Chair,Furniture,Pune,West,2,7775.5,15551.0,3636.57,Cash
ORD3483,2024-04-25,Sneha,Keyboard,Electronics,Chennai,South,2,1561.22,3122.44,723.18,UPI
ORD3484,2024-10-29,Sneha,Desk,Furniture,Delhi,North,2,6858.35,13716.7,3004.65,Net Banking
ORD3485,2024-08-08,Divya,Laptop,Electronics,Bengaluru,South,6,58003.06,348018.36,72817.79,Card
ORD3486,2024-11-14,Divya,Keyboard,Electronics,Hyderabad,South,7,1510.29,10572.03,1865.64,Card
ORD3487,2024-10-12,Meera,Office Chair,Furniture,Ahmedabad,West,1,8547.52,8547.52,1468.37,UPI
ORD3488,2024-10-29,Divya,Desk,Furniture,Ahmedabad,West,10,6401.71,64017.1,5454.76,Card
ORD3489,2024-01-12,Nikhil,Mouse,Electronics,Ahmedabad,West,2,811.1,1622.2,377.09,Card
ORD3490,2024-07-02,Vikram,Headphones,Electronics,Bengaluru,South,2,2316.35,4632.7,1064.6,Card
ORD3491,2024-01-03,Pooja,Office Chair,Furniture,Bengaluru,South,5,9312.22,46561.1,8104.44,Cash
ORD3492,2024-03-01,Vikram,Headphones,Electronics,Chennai,South,8,2430.6,19444.8,3243.09,Net Banking
ORD3493,2024-05-31,Divya,Desk,Furniture,Pune,West,2,7239.35,14478.7,1497.89,Card
ORD3494,2024-10-09,Priya,Smartphone,Electronics,Chennai,South,9,31037.85,279340.65,61989.48,Cash
ORD3495,2024-03-13,Rohit,Smartphone,Electronics,Kolkata,East,3,29614.45,88843.35,9781.16,Net Banking
ORD3496,2024-05-15,Nikhil,Mouse,Electronics,Chennai,South,8,728.54,5828.32,1166.9,Cash
ORD3497,2024-05-30,Kiran,Keyboard,Electronics,Hyderabad,South,2,1596.99,3193.98,443.72,Net Banking
ORD3498,2024-10-22,Priya,Laptop,Electronics,Delhi,North,7,58074.53,406521.71,41258.39,Card
ORD3499,2024-01-26,Rahul,Mouse,Electronics,Ahmedabad,West,1,833.65,833.65,69.25,Net Banking
ORD3500,2024-03-28,Arjun,Monitor,Electronics,Delhi,North,7,14325.33,100277.31,8922.98,Card
ORD3501,2024-11-08,Kiran,Keyboard,Electronics,Ahmedabad,West,3,1500.93,4502.79,1064.11,Cash
ORD3502,2024-09-21,Priya,Laptop,Electronics,Bengaluru,South,2,54840.22,109680.44,20930.48,Card
ORD3503,2024-08-02,Rahul,Backpack,Accessories,Pune,West,8,1706.53,13652.24,1408.4,Net Banking
ORD3504,2024-06-28,Meera,Printer,Electronics,Delhi,North,1,11955.53,11955.53,1076.19,UPI
ORD3505,2024-04-01,Sanjay,Smartphone,Electronics,Chennai,South,10,29230.81,292308.1,23435.62,Net Banking
ORD3506,2024-01-23,Nikhil,Smartphone,Electronics,Chennai,South,6,28115.58,168693.48,15814.68,Cash
ORD3507,2024-01-23,Ananya,Monitor,Electronics,Ahmedabad,West,1,15962.45,15962.45,1646.49,Net Banking
ORD3508,2024-09-04,Sneha,Smartphone,Electronics,Kolkata,East,10,28883.46,288834.6,23828.85,UPI
ORD3509,2024-04-26,Pooja,Printer,Electronics,Pune,West,9,12507.3,112565.7,22383.87,Card
ORD3510,2024-07-30,Kiran,Notebook,Stationery,Ahmedabad,West,7,122.23,855.61,151.81,Card
ORD3511,2024-07-30,Sanjay,Notebook,Stationery,Pune,West,5,130.96,654.8,137.65,UPI
ORD3512,2024-10-02,Rahul,Notebook,Stationery,Hyderabad,South,8,112.85,902.8,119.93,Card
ORD3513,2024-06-29,Pooja,Backpack,Accessories,Chennai,South,1,1712.81,1712.81,150.25,Net Banking
ORD3514,2024-07-03,Vikram,Monitor,Electronics,Hyderabad,South,2,14904.82,29809.64,3888.69,Cash
ORD3515,2024-09-28,Ananya,Printer,Electronics,Mumbai,West,6,12891.26,77347.56,8178.37,Net Banking
ORD3516,2024-10-28,Meera,Keyboard,Electronics,Kolkata,East,1,1573.6,1573.6,245.68,Card
ORD3517,2024-10-07,Sneha,Backpack,Accessories,Pune,West,5,1955.14,9775.7,1618.61,Card
ORD3518,2024-11-18,Sanjay,Mouse,Electronics,Mumbai,West,7,867.38,6071.66,1309.2,Cash
ORD3519,2024-08-16,Sanjay,Office Chair,Furniture,Hyderabad,South,9,7730.64,69575.76,9516.48,Net Banking
ORD3520,2024-06-29,Rahul,Keyboard,Electronics,Bengaluru,South,7,1458.03,10206.21,1892.01,Cash
ORD3521,2024-01-05,Rohit,Office Chair,Furniture,Hyderabad,South,4,8609.77,34439.08,7024.25,UPI
ORD3522,2024-12-24,Sneha,Printer,Electronics,Delhi,North,6,11057.14,66342.84,10871.96,UPI
ORD3523,2024-02-21,Vikram,Pen Set,Stationery,Chennai,South,4,183.99,735.96,69.3,Net Banking
ORD3524,2024-08-15,Aisha,Smartphone,Electronics,Bengaluru,South,3,28971.2,86913.6,11310.8,Net Banking
ORD3525,2024-11-13,Kiran,Laptop,Electronics,Hyderabad,South,3,56472.3,169416.9,25250.05,Card
ORD3526,2024-02-12,Aisha,Mouse,Electronics,Pune,West,2,829.21,1658.42,414.1,Card
ORD3527,2024-07-01,Sanjay,Headphones,Electronics,Ahmedabad,West,6,2642.47,15854.82,3694.44,UPI
ORD3528,2024-01-26,Rahul,Laptop,Electronics,Hyderabad,South,7,57855.01,404985.07,80566.97,Cash
ORD3529,2024-06-26,Pooja,Smartphone,Electronics,Delhi,North,4,32176.94,128707.76,30656.29,Cash
ORD3530,2024-09-09,Rahul,Desk,Furniture,Delhi,North,1,6913.29,6913.29,604.57,Net Banking
ORD3531,2024-06-30,Nikhil,Backpack,Accessories,Mumbai,West,3,1786.93,5360.79,930.78,Cash
ORD3532,2024-01-25,Ananya,Pen Set,Stationery,Bengaluru,South,4,206.66,826.64,182.66,Net Banking
ORD3533,2024-12-19,Neha,Keyboard,Electronics,Mumbai,West,5,1581.86,7909.3,649.15,UPI
ORD3534,2024-04-19,Divya,Laptop,Electronics,Pune,West,6,50886.62,305319.72,26057.07,UPI
ORD3535,2024-11-10,Neha,Printer,Electronics,Pune,West,2,10972.82,21945.64,2874.48,UPI
ORD3536,2024-10-06,Kiran,Monitor,Electronics,Delhi,North,10,15349.8,153498.0,16827.16,Cash
ORD3537,2024-07-17,Rahul,Monitor,Electronics,Delhi,North,10,14521.4,145214.0,12745.4,UPI
ORD3538,2024-11-25,Ananya,Laptop,Electronics,Kolkata,East,8,55763.34,446106.72,79493.33,Net Banking
ORD3539,2024-08-12,Vikram,Notebook,Stationery,Kolkata,East,9,109.41,984.69,170.3,Cash
ORD3540,2024-03-05,Nikhil,Laptop,Electronics,Mumbai,West,8,55010.49,440083.92,87156.86,Card
ORD3541,2024-12-23,Kiran,Pen Set,Stationery,Mumbai,West,10,213.93,2139.3,282.71,Card
ORD3542,2024-03-21,Kiran,Laptop,Electronics,Bengaluru,South,7,54898.54,384289.78,55370.81,Cash
ORD3543,2024-02-07,Vikram,Laptop,Electronics,Mumbai,West,3,56461.71,169385.13,37406.2,Card
ORD3544,2024-05-26,Rahul,Office Chair,Furniture,Delhi,North,5,7871.01,39355.05,5765.42,Net Banking
ORD3545,2024-12-04,Rohit,Printer,Electronics,Pune,West,3,12197.07,36591.21,6832.13,Card
ORD3546,2024-01-08,Nikhil,Monitor,Electronics,Mumbai,West,5,14493.09,72465.45,6970.62,UPI
ORD3547,2024-05-05,Ananya,Notebook,Stationery,Bengaluru,South,7,128.13,896.91,78.83,Net Banking
ORD3548,2024-02-29,Rahul,Printer,Electronics,Pune,West,4,10833.47,43333.88,9996.59,Net Banking
ORD3549,2024-01-04,Sneha,Office Chair,Furniture,Ahmedabad,West,4,9000.78,36003.12,6652.13,Cash
ORD3550,2024-08-18,Kiran,Desk,Furniture,Delhi,North,10,7079.08,70790.8,17481.34,Card
ORD3551,2024-06-08,Priya,Smartphone,Electronics,Hyderabad,South,10,31421.68,314216.8,66325.27,Net Banking
ORD3552,2024-04-01,Pooja,Laptop,Electronics,Mumbai,West,4,54109.88,216439.52,46902.05,UPI
ORD3553,2024-02-09,Sneha,Backpack,Accessories,Hyderabad,South,8,1753.22,14025.76,2363.51,Net Banking
ORD3554,2024-02-28,Rahul,Desk,Furniture,Bengaluru,South,10,6476.52,64765.2,15171.01,Cash
ORD3555,2024-12-24,Priya,Headphones,Electronics,Mumbai,West,9,2253.06,20277.54,2273.88,UPI
ORD3556,2024-03-04,Meera,Pen Set,Stationery,Hyderabad,South,2,194.1,388.2,91.14,Net Banking
ORD3557,2024-02-27,Meera,Backpack,Accessories,Bengaluru,South,6,1823.6,10941.6,1682.11,Net Banking
ORD3558,2024-10-28,Neha,Monitor,Electronics,Delhi,North,6,15150.71,90904.26,8532.64,Cash
ORD3559,2024-07-14,Meera,Notebook,Stationery,Ahmedabad,West,8,112.02,896.16,176.92,UPI
ORD3560,2024-12-24,Rohit,Backpack,Accessories,Bengaluru,South,6,1950.18,11701.08,1888.41,Card
ORD3561,2024-10-24,Vikram,Smartphone,Electronics,Kolkata,East,10,32655.63,326556.3,54354.79,Card
ORD3562,2024-01-28,Aisha,Printer,Electronics,Pune,West,6,13107.47,78644.82,10449.43,UPI
ORD3563,2024-01-01,Ananya,Printer,Electronics,Hyderabad,South,3,12533.72,37601.16,6055.71,Card
ORD3564,2024-04-27,Priya,Printer,Electronics,Mumbai,West,10,11506.91,115069.1,11698.88,Card
ORD3565,2024-05-22,Aisha,Laptop,Electronics,Pune,West,2,52551.67,105103.34,17114.68,Card
ORD3566,2024-07-03,Rohit,Backpack,Accessories,Hyderabad,South,9,1889.2,17002.8,1551.11,Card
ORD3567,2024-03-06,Ananya,Backpack,Accessories,Bengaluru,South,3,1884.86,5654.58,1158.7,Card
ORD3568,2024-08-12,Vikram,Laptop,Electronics,Pune,West,3,51909.19,155727.57,15931.57,Cash
ORD3569,2024-03-07,Meera,Headphones,Electronics,Chennai,South,4,2436.47,9745.88,1101.03,UPI
ORD3570,2024-01-02,Aisha,Office Chair,Furniture,Delhi,North,1,8342.17,8342.17,1228.79,UPI
ORD3571,2024-10-26,Rahul,Mouse,Electronics,Mumbai,West,8,793.11,6344.88,891.43,Card
ORD3572,2024-02-15,Divya,Headphones,Electronics,Chennai,South,1,2575.88,2575.88,639.88,UPI
ORD3573,2024-03-22,Rohit,Desk,Furniture,Pune,West,7,7511.26,52578.82,4571.68,Card
ORD3574,2024-10-04,Sanjay,Smartphone,Electronics,Bengaluru,South,5,28487.65,142438.25,34770.79,Cash
ORD3575,2024-04-13,Rahul,Smartphone,Electronics,Kolkata,East,7,27973.21,195812.47,34555.64,Net Banking
ORD3576,2024-07-07,Sanjay,Desk,Furniture,Bengaluru,South,9,6378.23,57404.07,8553.02,Net Banking
ORD3577,2024-03-19,Rahul,Office Chair,Furniture,Ahmedabad,West,1,8301.38,8301.38,1652.58,Net Banking
ORD3578,2024-05-10,Sneha,Mouse,Electronics,Delhi,North,1,768.51,768.51,98.97,UPI
ORD3579,2024-11-05,Pooja,Desk,Furniture,Kolkata,East,7,7671.58,53701.06,10548.28,Card
ORD3580,2024-11-27,Rohit,Backpack,Accessories,Mumbai,West,10,1770.06,17700.6,1441.73,Net Banking
ORD3581,2024-03-09,Divya,Headphones,Electronics,Ahmedabad,West,4,2314.74,9258.96,1006.64,UPI
ORD3582,2024-12-06,Priya,Smartphone,Electronics,Pune,West,3,28534.36,85603.08,18284.06,Cash
ORD3583,2024-09-20,Sanjay,Pen Set,Stationery,Delhi,North,5,206.94,1034.7,100.61,UPI
ORD3584,2024-11-14,Neha,Printer,Electronics,Ahmedabad,West,10,13080.89,130808.9,24200.81,Net Banking
ORD3585,2024-12-02,Rohit,Headphones,Electronics,Mumbai,West,5,2703.72,13518.6,2715.98,Net Banking
ORD3586,2024-03-09,Nikhil,Keyboard,Electronics,Mumbai,West,4,1517.91,6071.64,1316.63,Cash
ORD3587,2024-04-30,Arjun,Desk,Furniture,Hyderabad,South,6,7233.39,43400.34,6162.59,Card
ORD3588,2024-02-10,Nikhil,Keyboard,Electronics,Mumbai,West,1,1592.68,1592.68,192.64,Cash
ORD3589,2024-05-16,Kiran,Pen Set,Stationery,Ahmedabad,West,7,181.12,1267.84,312.68,Net Banking
ORD3590,2024-08-20,Divya,Backpack,Accessories,Kolkata,East,10,1863.05,18630.5,3072.07,Cash
ORD3591,2024-07-08,Rohit,Backpack,Accessories,Delhi,North,4,1749.78,6999.12,845.41,Net Banking
ORD3592,2024-09-14,Divya,Keyboard,Electronics,Kolkata,East,7,1629.36,11405.52,2065.43,UPI
ORD3593,2024-05-26,Kiran,Office Chair,Furniture,Mumbai,West,5,7865.0,39325.0,4329.85,UPI
ORD3594,2024-11-12,Neha,Printer,Electronics,Bengaluru,South,10,11596.9,115969.0,25813.68,Cash
ORD3595,2024-03-14,Kiran,Printer,Electronics,Chennai,South,6,11244.88,67469.28,9975.14,Cash
ORD3596,2024-02-27,Sanjay,Notebook,Stationery,Kolkata,East,7,115.25,806.75,125.8,Card
ORD3597,2024-10-28,Rahul,Laptop,Electronics,Ahmedabad,West,5,51003.8,255019.0,36353.03,Cash
ORD3598,2024-12-07,Sneha,Headphones,Electronics,Kolkata,East,2,2716.56,5433.12,698.73,Card
ORD3599,2024-06-11,Neha,Monitor,Electronics,Hyderabad,South,7,15949.73,111648.11,14644.83,Cash
ORD3600,2024-08-22,Arjun,Monitor,Electronics,Bengaluru,South,8,15199.71,121597.68,14275.79,UPI
ORD3601,2024-03-03,Vikram,Pen Set,Stationery,Bengaluru,South,1,201.37,201.37,39.6,Cash
ORD3602,2024-08-16,Rahul,Headphones,Electronics,Hyderabad,South,2,2289.7,4579.4,934.57,Cash
ORD3603,2024-05-23,Nikhil,Mouse,Electronics,Hyderabad,South,4,778.04,3112.16,761.88,Card
ORD3604,2024-12-13,Vikram,Office Chair,Furniture,Ahmedabad,West,5,8104.0,40520.0,7927.62,UPI
ORD3605,2024-11-27,Neha,Smartphone,Electronics,Ahmedabad,West,4,30856.89,123427.56,13306.99,UPI
ORD3606,2024-04-23,Neha,Backpack,Accessories,Kolkata,East,6,1935.11,11610.66,2548.08,Net Banking
ORD3607,2024-06-14,Divya,Desk,Furniture,Ahmedabad,West,3,7108.23,21324.69,3157.16,Card
ORD3608,2024-11-26,Sanjay,Monitor,Electronics,Ahmedabad,West,1,13834.43,13834.43,3249.36,UPI
ORD3609,2024-02-02,Ananya,Pen Set,Stationery,Delhi,North,3,212.55,637.65,152.09,Cash
ORD3610,2024-12-15,Priya,Mouse,Electronics,Bengaluru,South,1,724.05,724.05,76.63,Card
ORD3611,2024-04-09,Rahul,Smartphone,Electronics,Pune,West,3,28918.73,86756.19,16712.42,Net Banking
ORD3612,2024-03-04,Pooja,Laptop,Electronics,Pune,West,4,60144.26,240577.04,47559.9,Card
ORD3613,2024-04-11,Rahul,Office Chair,Furniture,Chennai,South,8,9338.87,74710.96,17514.76,Card
ORD3614,2024-07-19,Priya,Office Chair,Furniture,Delhi,North,6,8855.62,53133.72,8930.53,UPI
ORD3615,2024-05-06,Kiran,Notebook,Stationery,Hyderabad,South,10,125.43,1254.3,282.86,Card
ORD3616,2024-12-03,Aisha,Backpack,Accessories,Delhi,North,10,1746.81,17468.1,4050.03,Card
ORD3617,2024-08-14,Arjun,Monitor,Electronics,Hyderabad,South,3,13952.33,41856.99,8281.33,Card
ORD3618,2024-12-19,Nikhil,Printer,Electronics,Hyderabad,South,1,11489.59,11489.59,2585.01,Card
ORD3619,2024-09-16,Kiran,Mouse,Electronics,Mumbai,West,3,756.26,2268.78,346.12,UPI
ORD3620,2024-08-23,Ananya,Desk,Furniture,Kolkata,East,2,7570.36,15140.72,2630.07,Card
ORD3621,2024-04-12,Divya,Office Chair,Furniture,Ahmedabad,West,2,8949.64,17899.28,3887.32,UPI
ORD3622,2024-06-30,Aisha,Smartphone,Electronics,Bengaluru,South,8,27748.09,221984.72,32718.85,Card
ORD3623,2024-11-18,Divya,Printer,Electronics,Hyderabad,South,2,13112.78,26225.56,4295.99,Cash
ORD3624,2024-05-14,Priya,Printer,Electronics,Pune,West,7,11948.34,83638.38,11302.31,Card
ORD3625,2024-12-30,Meera,Monitor,Electronics,Mumbai,West,3,13924.9,41774.7,4488.09,UPI
ORD3626,2024-06-26,Meera,Pen Set,Stationery,Chennai,South,10,191.68,1916.8,478.27,Card
ORD3627,2024-01-30,Divya,Backpack,Accessories,Hyderabad,South,3,1884.33,5652.99,792.19,Card
ORD3628,2024-07-18,Arjun,Notebook,Stationery,Delhi,North,4,116.92,467.68,41.33,Net Banking
ORD3629,2024-12-16,Pooja,Monitor,Electronics,Chennai,South,2,15094.72,30189.44,3808.84,Net Banking
ORD3630,2024-04-27,Sanjay,Keyboard,Electronics,Chennai,South,4,1351.89,5407.56,1047.61,Cash
ORD3631,2024-04-22,Pooja,Smartphone,Electronics,Delhi,North,3,27081.31,81243.93,15614.96,Net Banking
ORD3632,2024-07-23,Arjun,Headphones,Electronics,Kolkata,East,1,2504.36,2504.36,322.46,Net Banking
ORD3633,2024-08-31,Ananya,Pen Set,Stationery,Delhi,North,7,182.53,1277.71,260.89,Cash
ORD3634,2024-11-16,Aisha,Mouse,Electronics,Pune,West,10,731.64,7316.4,802.08,UPI
ORD3635,2024-02-09,Rohit,Mouse,Electronics,Chennai,South,7,876.38,6134.66,769.92,Cash
ORD3636,2024-02-16,Rohit,Mouse,Electronics,Kolkata,East,5,722.71,3613.55,862.44,Net Banking
ORD3637,2024-07-02,Pooja,Notebook,Stationery,Mumbai,West,10,115.7,1157.0,200.17,Card
ORD3638,2024-03-27,Divya,Laptop,Electronics,Ahmedabad,West,1,58423.24,58423.24,4854.23,Card
ORD3639,2024-02-19,Priya,Pen Set,Stationery,Bengaluru,South,2,204.91,409.82,78.21,UPI
ORD3640,2024-08-08,Neha,Headphones,Electronics,Pune,West,2,2720.4,5440.8,963.93,Net Banking
ORD3641,2024-08-30,Arjun,Desk,Furniture,Ahmedabad,West,7,6350.87,44456.09,10773.11,UPI
ORD3642,2024-11-04,Pooja,Headphones,Electronics,Kolkata,East,8,2696.6,21572.8,2574.18,Card
ORD3643,2024-06-22,Nikhil,Headphones,Electronics,Ahmedabad,West,7,2587.48,18112.36,1536.18,Net Banking
ORD3644,2024-04-16,Aisha,Pen Set,Stationery,Kolkata,East,6,189.49,1136.94,214.15,Cash
ORD3645,2024-06-17,Sneha,Monitor,Electronics,Chennai,South,10,13775.09,137750.9,29050.81,Card
ORD3646,2024-03-22,Rahul,Laptop,Electronics,Delhi,North,3,52064.92,156194.76,16338.66,UPI
ORD3647,2024-05-24,Rohit,Mouse,Electronics,Bengaluru,South,6,797.81,4786.86,690.66,Net Banking
ORD3648,2024-08-03,Meera,Keyboard,Electronics,Ahmedabad,West,1,1563.29,1563.29,125.38,Net Banking
ORD3649,2024-09-11,Divya,Office Chair,Furniture,Pune,West,5,8576.08,42880.4,8988.92,Cash
ORD3650,2024-02-15,Divya,Notebook,Stationery,Ahmedabad,West,10,118.8,1188.0,157.55,Card
ORD3651,2024-06-18,Ananya,Office Chair,Furniture,Delhi,North,7,8824.06,61768.42,5296.13,UPI
ORD3652,2024-04-11,Ananya,Office Chair,Furniture,Mumbai,West,6,8185.05,49110.3,5770.48,Net Banking
ORD3653,2024-02-10,Rahul,Keyboard,Electronics,Kolkata,East,10,1405.94,14059.4,2234.72,Cash
ORD3654,2024-07-08,Rohit,Headphones,Electronics,Kolkata,East,4,2410.55,9642.2,852.59,Net Banking
ORD3655,2024-09-27,Priya,Backpack,Accessories,Bengaluru,South,3,1752.48,5257.44,519.02,Net Banking
ORD3656,2024-06-09,Rohit,Office Chair,Furniture,Mumbai,West,7,8159.51,57116.57,14157.27,Cash
ORD3657,2024-07-30,Aisha,Printer,Electronics,Delhi,North,10,11744.33,117443.3,27815.57,Net Banking
ORD3658,2024-05-29,Nikhil,Monitor,Electronics,Pune,West,6,15761.16,94566.96,21626.71,Card
ORD3659,2024-03-03,Divya,Keyboard,Electronics,Pune,West,2,1587.51,3175.02,418.82,Card
ORD3660,2024-04-25,Rohit,Notebook,Stationery,Mumbai,West,5,114.62,573.1,89.78,Cash
ORD3661,2024-12-02,Nikhil,Office Chair,Furniture,Pune,West,1,8543.9,8543.9,1665.41,Card
ORD3662,2024-03-06,Rohit,Headphones,Electronics,Mumbai,West,1,2546.66,2546.66,420.42,Net Banking
ORD3663,2024-09-24,Rohit,Backpack,Accessories,Mumbai,West,10,1860.84,18608.4,3175.34,Cash
ORD3664,2024-10-19,Vikram,Smartphone,Electronics,Mumbai,West,3,27621.67,82865.01,6741.56,Card
ORD3665,2024-09-02,Kiran,Laptop,Electronics,Hyderabad,South,2,58964.63,117929.26,24704.56,Cash
ORD3666,2024-07-30,Kiran,Printer,Electronics,Delhi,North,4,11488.96,45955.84,9221.43,Cash
ORD3667,2024-06-03,Sneha,Desk,Furniture,Hyderabad,South,3,6352.21,19056.63,1557.45,Net Banking
ORD3668,2024-10-17,Ananya,Keyboard,Electronics,Kolkata,East,2,1394.51,2789.02,512.79,UPI
ORD3669,2024-08-24,Kiran,Headphones,Electronics,Delhi,North,2,2318.18,4636.36,461.39,Net Banking
ORD3670,2024-12-12,Sanjay,Mouse,Electronics,Kolkata,East,4,772.92,3091.68,424.66,Net Banking
ORD3671,2024-02-05,Sneha,Laptop,Electronics,Kolkata,East,2,59649.68,119299.36,21904.83,Cash
ORD3672,2024-07-17,Arjun,Printer,Electronics,Pune,West,4,11422.5,45690.0,6197.1,UPI
ORD3673,2024-04-14,Sneha,Smartphone,Electronics,Mumbai,West,9,30304.38,272739.42,24047.39,Card
ORD3674,2024-01-18,Sanjay,Monitor,Electronics,Kolkata,East,3,16298.36,48895.08,10069.77,Card
ORD3675,2024-04-16,Aisha,Monitor,Electronics,Pune,West,8,14378.27,115026.16,14386.43,UPI
ORD3676,2024-07-31,Meera,Laptop,Electronics,Pune,West,4,56796.14,227184.56,45758.37,Net Banking
ORD3677,2024-11-29,Kiran,Printer,Electronics,Bengaluru,South,1,12125.21,12125.21,2828.49,Card
ORD3678,2024-03-19,Neha,Notebook,Stationery,Pune,West,7,126.08,882.56,214.53,UPI
ORD3679,2024-05-14,Arjun,Pen Set,Stationery,Ahmedabad,West,8,215.57,1724.56,156.85,UPI
ORD3680,2024-07-06,Ananya,Keyboard,Electronics,Mumbai,West,6,1367.53,8205.18,974.98,Card
ORD3681,2024-06-21,Nikhil,Headphones,Electronics,Pune,West,7,2445.42,17117.94,1896.66,Card
ORD3682,2024-04-29,Ananya,Monitor,Electronics,Mumbai,West,3,15060.94,45182.82,4792.27,Card
ORD3683,2024-04-20,Arjun,Laptop,Electronics,Hyderabad,South,6,53914.0,323484.0,80403.92,UPI
ORD3684,2024-08-13,Rahul,Monitor,Electronics,Bengaluru,South,4,14091.81,56367.24,8421.8,UPI
ORD3685,2024-08-12,Sanjay,Pen Set,Stationery,Kolkata,East,8,194.61,1556.88,340.46,Net Banking
ORD3686,2024-06-10,Arjun,Headphones,Electronics,Ahmedabad,West,10,2554.98,25549.8,5305.51,UPI
ORD3687,2024-03-29,Neha,Headphones,Electronics,Pune,West,6,2355.3,14131.8,1318.51,Card
ORD3688,2024-05-18,Nikhil,Backpack,Accessories,Pune,West,8,1681.43,13451.44,1142.53,Card
ORD3689,2024-10-24,Pooja,Laptop,Electronics,Hyderabad,South,9,52756.06,474804.54,43481.29,UPI
ORD3690,2024-03-08,Sneha,Smartphone,Electronics,Ahmedabad,West,3,32745.67,98237.01,18913.17,UPI
ORD3691,2024-05-12,Aisha,Mouse,Electronics,Bengaluru,South,8,850.29,6802.32,1379.35,Net Banking
ORD3692,2024-06-13,Sanjay,Backpack,Accessories,Chennai,South,8,1851.19,14809.52,2924.4,Cash
ORD3693,2024-04-03,Neha,Office Chair,Furniture,Chennai,South,10,8987.32,89873.2,16367.93,Cash
ORD3694,2024-08-13,Priya,Laptop,Electronics,Kolkata,East,6,56538.01,339228.06,40251.55,Net Banking
ORD3695,2024-04-02,Priya,Pen Set,Stationery,Hyderabad,South,6,200.23,1201.38,286.28,Cash
ORD3696,2024-07-20,Pooja,Notebook,Stationery,Bengaluru,South,10,126.77,1267.7,175.39,Cash
ORD3697,2024-05-06,Vikram,Backpack,Accessories,Pune,West,9,1880.89,16928.01,1778.52,Card
ORD3698,2024-04-05,Rahul,Pen Set,Stationery,Mumbai,West,8,202.94,1623.52,389.45,Card
ORD3699,2024-09-19,Ananya,Smartphone,Electronics,Chennai,South,1,27715.35,27715.35,4374.63,Card
ORD3700,2024-11-10,Ananya,Backpack,Accessories,Delhi,North,9,1769.73,15927.57,3760.44,UPI
ORD3701,2024-11-18,Neha,Desk,Furniture,Bengaluru,South,8,6707.89,53663.12,4621.96,Card
ORD3702,2024-11-12,Sneha,Notebook,Stationery,Hyderabad,South,6,110.49,662.94,162.54,Cash
ORD3703,2024-03-13,Neha,Headphones,Electronics,Delhi,North,2,2497.0,4994.0,546.11,Net Banking
ORD3704,2024-03-24,Ananya,Office Chair,Furniture,Pune,West,4,8024.53,32098.12,5047.38,Cash
ORD3705,2024-12-13,Kiran,Keyboard,Electronics,Hyderabad,South,3,1383.9,4151.7,456.46,Cash
ORD3706,2024-01-01,Nikhil,Notebook,Stationery,Kolkata,East,4,129.81,519.24,106.86,Card
ORD3707,2024-01-10,Sneha,Monitor,Electronics,Pune,West,5,14406.13,72030.65,16504.06,Net Banking
ORD3708,2024-03-26,Ananya,Printer,Electronics,Delhi,North,1,11450.31,11450.31,956.53,Cash
ORD3709,2024-06-09,Arjun,Notebook,Stationery,Kolkata,East,9,124.42,1119.78,103.17,Net Banking
ORD3710,2024-08-06,Aisha,Desk,Furniture,Pune,West,10,7282.79,72827.9,8075.31,Card
ORD3711,2024-09-11,Vikram,Headphones,Electronics,Delhi,North,7,2366.59,16566.13,1846.26,Cash
ORD3712,2024-02-11,Neha,Headphones,Electronics,Hyderabad,South,6,2533.62,15201.72,1261.46,Net Banking
ORD3713,2024-11-30,Kiran,Mouse,Electronics,Chennai,South,3,849.52,2548.56,261.86,Card
ORD3714,2024-07-29,Arjun,Headphones,Electronics,Pune,West,2,2285.67,4571.34,1083.82,UPI
ORD3715,2024-07-24,Arjun,Headphones,Electronics,Delhi,North,6,2628.73,15772.38,3141.74,Net Banking
ORD3716,2024-11-14,Nikhil,Monitor,Electronics,Ahmedabad,West,3,15437.26,46311.78,5061.94,Cash
ORD3717,2024-12-05,Sneha,Pen Set,Stationery,Hyderabad,South,1,197.26,197.26,18.33,UPI
ORD3718,2024-04-24,Aisha,Pen Set,Stationery,Delhi,North,2,187.78,375.56,76.26,UPI
ORD3719,2024-12-26,Sanjay,Laptop,Electronics,Pune,West,10,55378.76,553787.6,124418.66,Card
ORD3720,2024-03-29,Pooja,Smartphone,Electronics,Chennai,South,3,32103.02,96309.06,9249.66,UPI
ORD3721,2024-12-30,Kiran,Mouse,Electronics,Pune,West,9,826.04,7434.36,1711.27,Card
ORD3722,2024-01-05,Rahul,Office Chair,Furniture,Kolkata,East,9,8499.16,76492.44,11339.91,UPI
ORD3723,2024-06-07,Sneha,Printer,Electronics,Delhi,North,5,12135.05,60675.25,5457.31,Card
ORD3724,2024-09-14,Neha,Pen Set,Stationery,Bengaluru,South,1,211.78,211.78,23.34,Net Banking
ORD3725,2024-07-17,Aisha,Desk,Furniture,Ahmedabad,West,4,7464.67,29858.68,5032.17,Net Banking
ORD3726,2024-08-10,Nikhil,Keyboard,Electronics,Kolkata,East,5,1582.52,7912.6,792.75,Card
ORD3727,2024-08-11,Pooja,Monitor,Electronics,Pune,West,3,13835.38,41506.14,4314.75,Card
ORD3728,2024-02-02,Ananya,Headphones,Electronics,Chennai,South,4,2341.51,9366.04,1235.93,Cash
ORD3729,2024-05-24,Nikhil,Headphones,Electronics,Pune,West,9,2358.48,21226.32,5207.64,Net Banking
ORD3730,2024-03-19,Sanjay,Printer,Electronics,Chennai,South,2,11930.54,23861.08,4403.55,Net Banking
ORD3731,2024-03-23,Meera,Notebook,Stationery,Pune,West,10,124.58,1245.8,120.11,Card
ORD3732,2024-07-28,Ananya,Smartphone,Electronics,Bengaluru,South,1,28316.04,28316.04,4344.77,Card
ORD3733,2024-03-23,Meera,Backpack,Accessories,Bengaluru,South,1,1621.94,1621.94,387.91,Cash
ORD3734,2024-11-19,Ananya,Monitor,Electronics,Kolkata,East,4,16118.9,64475.6,5200.23,Cash
ORD3735,2024-10-08,Nikhil,Headphones,Electronics,Pune,West,4,2693.15,10772.6,2508.45,UPI
ORD3736,2024-12-03,Pooja,Mouse,Electronics,Hyderabad,South,7,854.79,5983.53,1105.22,UPI
ORD3737,2024-08-22,Pooja,Laptop,Electronics,Ahmedabad,West,7,55373.8,387616.6,59488.78,Net Banking
ORD3738,2024-04-15,Neha,Monitor,Electronics,Mumbai,West,3,16031.51,48094.53,11965.94,Net Banking
ORD3739,2024-02-12,Meera,Pen Set,Stationery,Mumbai,West,4,212.58,850.32,126.93,Cash
ORD3740,2024-07-25,Priya,Pen Set,Stationery,Chennai,South,9,216.52,1948.68,404.37,Net Banking
ORD3741,2024-02-25,Ananya,Desk,Furniture,Chennai,South,4,6907.67,27630.68,3641.71,UPI
ORD3742,2024-04-25,Nikhil,Monitor,Electronics,Hyderabad,South,9,15873.31,142859.79,16313.34,Card
ORD3743,2024-11-03,Nikhil,Smartphone,Electronics,Mumbai,West,6,32386.27,194317.62,30776.94,UPI
ORD3744,2024-12-24,Ananya,Printer,Electronics,Ahmedabad,West,6,12499.79,74998.74,15743.97,Net Banking
ORD3745,2024-11-18,Nikhil,Desk,Furniture,Ahmedabad,West,7,6432.96,45030.72,3935.07,Cash
ORD3746,2024-09-24,Rahul,Notebook,Stationery,Hyderabad,South,1,123.24,123.24,29.43,Cash
ORD3747,2024-07-28,Rahul,Monitor,Electronics,Chennai,South,10,13882.31,138823.1,25423.9,Net Banking
ORD3748,2024-09-30,Aisha,Printer,Electronics,Chennai,South,6,13127.85,78767.1,11911.94,Card
ORD3749,2024-12-11,Ananya,Printer,Electronics,Pune,West,6,12385.78,74314.68,8196.4,Card
ORD3750,2024-07-23,Meera,Backpack,Accessories,Kolkata,East,7,1752.71,12268.97,2969.92,Net Banking
ORD3751,2024-08-17,Arjun,Headphones,Electronics,Delhi,North,10,2664.72,26647.2,2758.58,Cash
ORD3752,2024-12-09,Divya,Notebook,Stationery,Hyderabad,South,6,115.83,694.98,126.76,UPI
ORD3753,2024-08-15,Sneha,Desk,Furniture,Pune,West,3,7111.06,21333.18,3911.03,Net Banking
ORD3754,2024-02-02,Pooja,Headphones,Electronics,Kolkata,East,7,2545.13,17815.91,4444.94,Net Banking
ORD3755,2024-10-31,Vikram,Notebook,Stationery,Kolkata,East,8,108.52,868.16,70.02,Cash
ORD3756,2024-10-19,Sneha,Pen Set,Stationery,Ahmedabad,West,5,202.37,1011.85,198.88,Net Banking
ORD3757,2024-09-15,Sanjay,Keyboard,Electronics,Chennai,South,9,1408.06,12672.54,2324.2,Cash
ORD3758,2024-09-22,Aisha,Smartphone,Electronics,Kolkata,East,8,28455.19,227641.52,50675.8,Cash
ORD3759,2024-07-13,Sneha,Monitor,Electronics,Kolkata,East,10,15109.3,151093.0,25783.58,UPI
ORD3760,2024-12-05,Aisha,Keyboard,Electronics,Pune,West,6,1352.96,8117.76,1484.23,Net Banking
ORD3761,2024-01-17,Priya,Laptop,Electronics,Delhi,North,3,50800.94,152402.82,35189.36,Net Banking
ORD3762,2024-11-04,Neha,Headphones,Electronics,Ahmedabad,West,1,2448.35,2448.35,316.52,UPI
ORD3763,2024-09-23,Rahul,Laptop,Electronics,Hyderabad,South,5,55381.05,276905.25,34046.24,Card
ORD3764,2024-10-03,Meera,Laptop,Electronics,Mumbai,West,1,53128.68,53128.68,7006.11,Card
ORD3765,2024-02-24,Meera,Notebook,Stationery,Ahmedabad,West,5,128.0,640.0,132.09,Cash
ORD3766,2024-07-08,Neha,Office Chair,Furniture,Mumbai,West,1,7903.94,7903.94,1922.41,UPI
ORD3767,2024-07-18,Pooja,Laptop,Electronics,Bengaluru,South,4,50005.17,200020.68,27729.92,Net Banking
ORD3768,2024-07-02,Divya,Smartphone,Electronics,Delhi,North,4,27103.72,108414.88,26518.38,Cash
ORD3769,2024-10-04,Aisha,Smartphone,Electronics,Pune,West,10,28149.49,281494.9,43492.86,Cash
ORD3770,2024-01-10,Aisha,Office Chair,Furniture,Ahmedabad,West,10,7738.04,77380.4,16203.37,UPI
ORD3771,2024-01-18,Ananya,Printer,Electronics,Ahmedabad,West,3,11794.67,35384.01,6696.98,UPI
ORD3772,2024-01-25,Arjun,Pen Set,Stationery,Mumbai,West,7,194.89,1364.23,268.68,Cash
ORD3773,2024-01-23,Divya,Keyboard,Electronics,Pune,West,5,1389.46,6947.3,1258.86,Net Banking
ORD3774,2024-07-10,Priya,Keyboard,Electronics,Delhi,North,7,1517.59,10623.13,2527.79,Cash
ORD3775,2024-06-14,Neha,Laptop,Electronics,Kolkata,East,3,58161.37,174484.11,17697.54,Cash
ORD3776,2024-04-01,Priya,Notebook,Stationery,Kolkata,East,8,111.29,890.32,212.35,Card
ORD3777,2024-11-27,Aisha,Smartphone,Electronics,Bengaluru,South,6,28415.47,170492.82,40648.54,Cash
ORD3778,2024-07-18,Sneha,Desk,Furniture,Bengaluru,South,5,6998.47,34992.35,5657.15,Cash
ORD3779,2024-06-16,Priya,Pen Set,Stationery,Delhi,North,6,203.89,1223.34,222.81,UPI
ORD3780,2024-03-11,Sneha,Monitor,Electronics,Mumbai,West,6,13518.32,81109.92,17939.42,Cash
ORD3781,2024-11-01,Ananya,Backpack,Accessories,Delhi,North,4,1656.59,6626.36,1320.35,UPI
ORD3782,2024-02-16,Neha,Backpack,Accessories,Mumbai,West,7,1665.98,11661.86,1299.39,UPI
ORD3783,2024-11-20,Vikram,Backpack,Accessories,Ahmedabad,West,4,1952.33,7809.32,1474.52,Net Banking
ORD3784,2024-05-06,Rohit,Headphones,Electronics,Kolkata,East,5,2518.04,12590.2,2174.93,Cash
ORD3785,2024-10-26,Aisha,Printer,Electronics,Delhi,North,6,12129.95,72779.7,7937.7,Cash
ORD3786,2024-07-26,Rahul,Headphones,Electronics,Delhi,North,3,2606.4,7819.2,1041.1,Cash
ORD3787,2024-06-21,Neha,Desk,Furniture,Delhi,North,10,6417.65,64176.5,5860.29,UPI
ORD3788,2024-08-17,Vikram,Printer,Electronics,Bengaluru,South,6,11540.43,69242.58,6631.14,Cash
ORD3789,2024-07-01,Pooja,Keyboard,Electronics,Ahmedabad,West,4,1579.41,6317.64,1191.3,Card
ORD3790,2024-05-31,Rahul,Keyboard,Electronics,Ahmedabad,West,9,1569.54,14125.86,3178.88,Net Banking
ORD3791,2024-10-19,Vikram,Smartphone,Electronics,Delhi,North,10,28801.68,288016.8,62494.52,Card
ORD3792,2024-09-07,Meera,Keyboard,Electronics,Pune,West,10,1410.95,14109.5,1928.39,UPI
ORD3793,2024-02-05,Nikhil,Monitor,Electronics,Mumbai,West,2,15089.55,30179.1,4575.71,Card
ORD3794,2024-09-16,Meera,Monitor,Electronics,Hyderabad,South,7,16309.02,114163.14,19088.83,Card
ORD3795,2024-08-31,Arjun,Printer,Electronics,Chennai,South,6,12706.57,76239.42,12319.24,UPI
ORD3796,2024-04-02,Rahul,Keyboard,Electronics,Kolkata,East,3,1444.79,4334.37,392.87,Net Banking
ORD3797,2024-06-16,Nikhil,Backpack,Accessories,Pune,West,7,1737.62,12163.34,2339.64,Card
ORD3798,2024-07-01,Divya,Desk,Furniture,Bengaluru,South,2,7016.64,14033.28,3182.62,Net Banking
ORD3799,2024-09-02,Vikram,Monitor,Electronics,Pune,West,5,16108.07,80540.35,13242.11,Net Banking
ORD3800,2024-04-24,Arjun,Headphones,Electronics,Kolkata,East,10,2716.07,27160.7,6729.86,Net Banking
ORD3801,2024-06-23,Ananya,Headphones,Electronics,Pune,West,7,2564.55,17951.85,2748.46,UPI
ORD3802,2024-06-23,Vikram,Backpack,Accessories,Bengaluru,South,2,1637.36,3274.72,593.54,Card
ORD3803,2024-12-16,Nikhil,Notebook,Stationery,Bengaluru,South,9,129.74,1167.66,258.7,Cash
ORD3804,2024-09-24,Sneha,Headphones,Electronics,Chennai,South,2,2520.15,5040.3,754.19,Cash
ORD3805,2024-09-21,Sneha,Headphones,Electronics,Pune,West,7,2388.47,16719.29,4003.27,Net Banking
ORD3806,2024-07-08,Sanjay,Notebook,Stationery,Delhi,North,8,112.1,896.8,210.61,Net Banking
ORD3807,2024-02-26,Sanjay,Mouse,Electronics,Delhi,North,9,740.23,6662.07,1119.98,UPI
ORD3808,2024-10-02,Rohit,Headphones,Electronics,Hyderabad,South,2,2470.55,4941.1,885.68,UPI
ORD3809,2024-08-19,Neha,Headphones,Electronics,Pune,West,9,2520.22,22681.98,4279.65,UPI
ORD3810,2024-05-14,Neha,Desk,Furniture,Bengaluru,South,6,7350.86,44105.16,7495.7,Cash
ORD3811,2024-03-22,Meera,Smartphone,Electronics,Pune,West,4,29552.72,118210.88,24740.76,Net Banking
ORD3812,2024-01-16,Arjun,Printer,Electronics,Chennai,South,2,11237.34,22474.68,2629.5,Cash
ORD3813,2024-09-08,Sanjay,Office Chair,Furniture,Chennai,South,2,8632.81,17265.62,3170.97,UPI
ORD3814,2024-11-12,Aisha,Keyboard,Electronics,Delhi,North,10,1353.41,13534.1,2971.83,Card
ORD3815,2024-03-16,Meera,Smartphone,Electronics,Ahmedabad,West,8,30462.55,243700.4,34841.63,Net Banking
ORD3816,2024-11-17,Sanjay,Office Chair,Furniture,Mumbai,West,4,9049.29,36197.16,5195.15,Cash
ORD3817,2024-12-08,Kiran,Backpack,Accessories,Bengaluru,South,8,1966.03,15728.24,1290.05,Card
ORD3818,2024-10-21,Arjun,Headphones,Electronics,Kolkata,East,1,2623.06,2623.06,264.04,UPI
ORD3819,2024-08-30,Sneha,Laptop,Electronics,Mumbai,West,9,50882.15,457939.35,81282.35,Card
ORD3820,2024-01-22,Rohit,Pen Set,Stationery,Delhi,North,6,184.85,1109.1,225.14,UPI
ORD3821,2024-03-03,Ananya,Backpack,Accessories,Delhi,North,9,1907.14,17164.26,3869.67,Cash
ORD3822,2024-04-15,Divya,Mouse,Electronics,Bengaluru,South,3,767.89,2303.67,464.16,UPI
ORD3823,2024-08-13,Rahul,Mouse,Electronics,Ahmedabad,West,4,780.66,3122.64,463.24,Card
ORD3824,2024-05-05,Arjun,Backpack,Accessories,Delhi,North,9,1879.42,16914.78,2506.1,Cash
ORD3825,2024-08-08,Rahul,Monitor,Electronics,Bengaluru,South,1,15379.89,15379.89,2654.17,Cash
ORD3826,2024-06-20,Sanjay,Pen Set,Stationery,Pune,West,8,206.63,1653.04,156.4,Net Banking
ORD3827,2024-06-26,Pooja,Office Chair,Furniture,Mumbai,West,10,8478.48,84784.8,9462.78,UPI
ORD3828,2024-11-10,Ananya,Smartphone,Electronics,Kolkata,East,5,28476.6,142383.0,34543.28,Card
ORD3829,2024-03-22,Meera,Printer,Electronics,Mumbai,West,8,11966.78,95734.24,15095.29,Net Banking
ORD3830,2024-05-31,Priya,Pen Set,Stationery,Kolkata,East,7,180.19,1261.33,296.92,UPI
ORD3831,2024-07-30,Rahul,Office Chair,Furniture,Pune,West,5,7766.77,38833.85,7759.59,UPI
ORD3832,2024-10-01,Sanjay,Smartphone,Electronics,Ahmedabad,West,6,30807.64,184845.84,21221.3,Cash
ORD3833,2024-01-20,Arjun,Office Chair,Furniture,Pune,West,1,9308.03,9308.03,2268.99,UPI
ORD3834,2024-08-02,Arjun,Headphones,Electronics,Ahmedabad,West,4,2254.14,9016.56,940.07,Net Banking
ORD3835,2024-08-20,Rahul,Headphones,Electronics,Chennai,South,5,2566.88,12834.4,2502.62,Card
ORD3836,2024-10-21,Pooja,Notebook,Stationery,Delhi,North,4,130.24,520.96,92.63,UPI
ORD3837,2024-12-03,Sanjay,Office Chair,Furniture,Ahmedabad,West,7,8092.22,56645.54,11813.38,UPI
ORD3838,2024-05-22,Rohit,Notebook,Stationery,Hyderabad,South,3,120.14,360.42,75.62,Net Banking
ORD3839,2024-06-17,Meera,Keyboard,Electronics,Delhi,North,6,1383.57,8301.42,1661.74,Net Banking
ORD3840,2024-01-11,Aisha,Headphones,Electronics,Ahmedabad,West,2,2476.76,4953.52,1144.29,Net Banking
ORD3841,2024-05-18,Pooja,Printer,Electronics,Chennai,South,2,12618.14,25236.28,5618.97,UPI
ORD3842,2024-02-03,Meera,Monitor,Electronics,Pune,West,4,15271.94,61087.76,12779.63,Net Banking
ORD3843,2024-09-19,Arjun,Monitor,Electronics,Ahmedabad,West,8,15455.7,123645.6,17440.77,Card
ORD3844,2024-05-08,Rahul,Monitor,Electronics,Kolkata,East,5,15782.94,78914.7,12343.54,Card
ORD3845,2024-06-27,Arjun,Backpack,Accessories,Bengaluru,South,10,1624.48,16244.8,3821.34,Net Banking
ORD3846,2024-05-15,Pooja,Laptop,Electronics,Hyderabad,South,9,50904.88,458143.92,47028.86,Card
ORD3847,2024-04-29,Neha,Laptop,Electronics,Pune,West,2,56707.3,113414.6,12358.29,UPI
ORD3848,2024-05-17,Pooja,Notebook,Stationery,Bengaluru,South,6,118.81,712.86,73.26,Cash
ORD3849,2024-10-29,Sanjay,Smartphone,Electronics,Bengaluru,South,1,31243.66,31243.66,5127.31,Cash
ORD3850,2024-05-02,Sanjay,Smartphone,Electronics,Mumbai,West,3,28624.34,85873.02,21436.59,UPI
ORD3851,2024-03-14,Priya,Laptop,Electronics,Ahmedabad,West,10,52905.23,529052.3,128193.47,Cash
ORD3852,2024-08-31,Priya,Printer,Electronics,Ahmedabad,West,1,12209.72,12209.72,2503.17,Net Banking
ORD3853,2024-09-10,Sanjay,Keyboard,Electronics,Kolkata,East,4,1405.0,5620.0,806.15,Cash
ORD3854,2024-12-21,Aisha,Headphones,Electronics,Hyderabad,South,5,2256.99,11284.95,2499.67,Card
ORD3855,2024-01-27,Ananya,Headphones,Electronics,Kolkata,East,2,2303.94,4607.88,1017.58,Card
ORD3856,2024-04-20,Ananya,Keyboard,Electronics,Kolkata,East,9,1479.49,13315.41,2621.57,Net Banking
ORD3857,2024-03-27,Ananya,Laptop,Electronics,Hyderabad,South,9,53892.92,485036.28,96065.29,Card
ORD3858,2024-07-19,Neha,Laptop,Electronics,Bengaluru,South,10,53187.43,531874.3,114199.7,Net Banking
ORD3859,2024-10-05,Rohit,Backpack,Accessories,Hyderabad,South,2,1825.65,3651.3,414.13,UPI
ORD3860,2024-01-31,Rahul,Laptop,Electronics,Delhi,North,8,54733.76,437870.08,58327.82,Net Banking
ORD3861,2024-01-07,Ananya,Monitor,Electronics,Hyderabad,South,6,16365.94,98195.64,17255.39,Net Banking
ORD3862,2024-12-01,Vikram,Monitor,Electronics,Ahmedabad,West,2,14068.52,28137.04,5975.68,Card
ORD3863,2024-10-16,Ananya,Headphones,Electronics,Chennai,South,2,2352.1,4704.2,1026.5,Net Banking
ORD3864,2024-05-09,Kiran,Smartphone,Electronics,Kolkata,East,8,27855.21,222841.68,22371.42,Cash
ORD3865,2024-03-26,Meera,Backpack,Accessories,Kolkata,East,2,1979.57,3959.14,391.41,UPI
ORD3866,2024-01-28,Priya,Desk,Furniture,Bengaluru,South,8,6659.57,53276.56,6479.99,Card
ORD3867,2024-11-27,Divya,Keyboard,Electronics,Pune,West,3,1405.1,4215.3,440.58,UPI
ORD3868,2024-02-12,Priya,Headphones,Electronics,Delhi,North,3,2357.34,7072.02,1272.34,UPI
ORD3869,2024-08-30,Neha,Notebook,Stationery,Pune,West,5,125.81,629.05,98.03,Card
ORD3870,2024-11-16,Kiran,Office Chair,Furniture,Bengaluru,South,4,8796.48,35185.92,5331.13,Cash
ORD3871,2024-08-26,Rohit,Smartphone,Electronics,Mumbai,West,3,29821.95,89465.85,8357.32,Cash
ORD3872,2024-12-20,Kiran,Backpack,Accessories,Bengaluru,South,3,1717.33,5151.99,714.28,Cash
ORD3873,2024-12-07,Rahul,Smartphone,Electronics,Kolkata,East,1,27788.48,27788.48,2725.25,Cash
ORD3874,2024-07-26,Pooja,Printer,Electronics,Chennai,South,3,12733.02,38199.06,6565.8,Cash
ORD3875,2024-09-20,Aisha,Backpack,Accessories,Kolkata,East,5,1792.43,8962.15,1369.0,Net Banking
ORD3876,2024-01-05,Meera,Headphones,Electronics,Mumbai,West,8,2439.68,19517.44,1756.45,Cash
ORD3877,2024-08-12,Sanjay,Keyboard,Electronics,Ahmedabad,West,5,1357.09,6785.45,1407.06,UPI
ORD3878,2024-10-17,Priya,Notebook,Stationery,Chennai,South,10,108.78,1087.8,140.94,UPI
ORD3879,2024-09-27,Neha,Office Chair,Furniture,Pune,West,1,7735.6,7735.6,1370.11,Card
ORD3880,2024-05-22,Meera,Office Chair,Furniture,Hyderabad,South,4,8985.22,35940.88,8860.87,Cash
ORD3881,2024-09-15,Priya,Printer,Electronics,Kolkata,East,5,11877.71,59388.55,14348.23,UPI
ORD3882,2024-12-31,Sanjay,Monitor,Electronics,Kolkata,East,6,14322.96,85937.76,9614.17,UPI
ORD3883,2024-12-17,Nikhil,Headphones,Electronics,Chennai,South,3,2349.65,7048.95,1434.92,Card
ORD3884,2024-04-21,Ananya,Laptop,Electronics,Delhi,North,6,49516.39,297098.34,34280.2,UPI
ORD3885,2024-05-29,Nikhil,Laptop,Electronics,Bengaluru,South,9,55208.97,496880.73,60755.28,Net Banking
ORD3886,2024-09-21,Meera,Desk,Furniture,Mumbai,West,10,6455.72,64557.2,5217.58,UPI
ORD3887,2024-10-23,Sanjay,Smartphone,Electronics,Pune,West,2,29437.16,58874.32,4736.47,UPI
ORD3888,2024-08-21,Nikhil,Office Chair,Furniture,Hyderabad,South,4,7886.07,31544.28,5175.16,Net Banking
ORD3889,2024-06-21,Sneha,Backpack,Accessories,Bengaluru,South,7,1623.21,11362.47,2444.94,UPI
ORD3890,2024-01-21,Ananya,Printer,Electronics,Kolkata,East,8,13199.94,105599.52,15422.42,UPI
ORD3891,2024-02-19,Nikhil,Notebook,Stationery,Pune,West,4,113.98,455.92,45.68,Card
ORD3892,2024-02-17,Aisha,Desk,Furniture,Chennai,South,2,7032.75,14065.5,1328.88,Cash
ORD3893,2024-06-07,Priya,Backpack,Accessories,Pune,West,6,1800.45,10802.7,2258.51,UPI
ORD3894,2024-05-02,Sneha,Monitor,Electronics,Pune,West,1,13705.24,13705.24,1570.44,Net Banking
ORD3895,2024-11-06,Rohit,Office Chair,Furniture,Bengaluru,South,8,8196.81,65574.48,15763.22,Cash
ORD3896,2024-01-28,Rahul,Keyboard,Electronics,Pune,West,7,1479.58,10357.06,1089.62,UPI
ORD3897,2024-03-12,Nikhil,Printer,Electronics,Hyderabad,South,5,12914.96,64574.8,13081.11,UPI
ORD3898,2024-11-01,Neha,Backpack,Accessories,Hyderabad,South,3,1854.94,5564.82,930.81,Cash
ORD3899,2024-09-13,Neha,Laptop,Electronics,Hyderabad,South,7,51048.12,357336.84,60836.36,UPI
ORD3900,2024-07-02,Aisha,Desk,Furniture,Pune,West,6,7566.77,45400.62,7240.8,Card
ORD3901,2024-08-20,Ananya,Office Chair,Furniture,Pune,West,3,9266.76,27800.28,3274.48,UPI
ORD3902,2024-10-13,Priya,Keyboard,Electronics,Chennai,South,3,1535.93,4607.79,1146.07,Cash
ORD3903,2024-11-19,Kiran,Smartphone,Electronics,Chennai,South,7,32629.61,228407.27,42670.61,Cash
ORD3904,2024-02-28,Neha,Notebook,Stationery,Bengaluru,South,5,123.97,619.85,143.61,UPI
ORD3905,2024-08-06,Divya,Laptop,Electronics,Ahmedabad,West,10,51401.82,514018.2,45960.85,UPI
ORD3906,2024-08-22,Rahul,Laptop,Electronics,Chennai,South,3,55677.13,167031.39,28195.43,UPI
ORD3907,2024-11-17,Divya,Smartphone,Electronics,Hyderabad,South,4,32901.66,131606.64,13373.33,UPI
ORD3908,2024-09-29,Nikhil,Mouse,Electronics,Chennai,South,3,724.7,2174.1,508.21,Cash
ORD3909,2024-05-12,Sneha,Laptop,Electronics,Ahmedabad,West,7,54287.49,380012.43,51403.29,Net Banking
ORD3910,2024-08-13,Divya,Backpack,Accessories,Bengaluru,South,5,1855.83,9279.15,2152.31,Card
ORD3911,2024-11-14,Rahul,Pen Set,Stationery,Pune,West,7,213.01,1491.07,125.66,Cash
ORD3912,2024-11-16,Arjun,Monitor,Electronics,Bengaluru,South,6,14997.66,89985.96,18572.98,Cash
ORD3913,2024-08-03,Rahul,Desk,Furniture,Hyderabad,South,5,6628.83,33144.15,5797.47,Net Banking
ORD3914,2024-12-13,Priya,Office Chair,Furniture,Hyderabad,South,3,9248.34,27745.02,5789.46,Net Banking
ORD3915,2024-07-19,Sanjay,Pen Set,Stationery,Hyderabad,South,7,198.12,1386.84,111.84,Net Banking
ORD3916,2024-03-19,Sanjay,Backpack,Accessories,Kolkata,East,6,1955.48,11732.88,2500.74,Card
ORD3917,2024-07-28,Sanjay,Keyboard,Electronics,Chennai,South,10,1613.8,16138.0,3715.91,Net Banking
ORD3918,2024-02-11,Aisha,Printer,Electronics,Pune,West,10,11504.28,115042.8,18338.27,Card
ORD3919,2024-02-25,Pooja,Notebook,Stationery,Bengaluru,South,4,116.68,466.72,40.23,Cash
ORD3920,2024-06-09,Sanjay,Printer,Electronics,Ahmedabad,West,5,13136.53,65682.65,6656.56,Cash
ORD3921,2024-07-12,Meera,Monitor,Electronics,Pune,West,1,14421.72,14421.72,2181.67,Card
ORD3922,2024-05-09,Rohit,Smartphone,Electronics,Hyderabad,South,2,29017.67,58035.34,10929.43,Cash
ORD3923,2024-07-23,Aisha,Headphones,Electronics,Delhi,North,5,2537.42,12687.1,1386.08,Cash
ORD3924,2024-09-09,Pooja,Keyboard,Electronics,Chennai,South,2,1380.32,2760.64,554.18,Card
ORD3925,2024-12-08,Divya,Printer,Electronics,Chennai,South,9,11152.2,100369.8,12279.56,Card
ORD3926,2024-09-13,Sanjay,Keyboard,Electronics,Mumbai,West,6,1553.15,9318.9,1995.38,Card
ORD3927,2024-08-02,Meera,Backpack,Accessories,Chennai,South,9,1806.05,16254.45,2921.52,UPI
ORD3928,2024-02-20,Sanjay,Office Chair,Furniture,Kolkata,East,5,9122.49,45612.45,3790.79,UPI
ORD3929,2024-06-08,Arjun,Laptop,Electronics,Hyderabad,South,2,51270.98,102541.96,23511.61,Cash
ORD3930,2024-07-24,Ananya,Smartphone,Electronics,Hyderabad,South,4,32179.14,128716.56,12889.53,Cash
ORD3931,2024-03-13,Rahul,Notebook,Stationery,Kolkata,East,1,127.77,127.77,15.43,Net Banking
ORD3932,2024-04-13,Rahul,Laptop,Electronics,Bengaluru,South,4,51294.71,205178.84,51277.36,Net Banking
ORD3933,2024-01-07,Arjun,Printer,Electronics,Bengaluru,South,2,11014.72,22029.44,2796.06,Cash
ORD3934,2024-02-20,Rohit,Desk,Furniture,Chennai,South,4,6449.71,25798.84,5089.49,Net Banking
ORD3935,2024-11-18,Pooja,Pen Set,Stationery,Kolkata,East,1,211.23,211.23,20.67,Net Banking
ORD3936,2024-09-16,Sneha,Headphones,Electronics,Delhi,North,10,2738.88,27388.8,6803.55,UPI
ORD3937,2024-07-05,Neha,Notebook,Stationery,Pune,West,8,127.72,1021.76,138.83,UPI
ORD3938,2024-04-24,Kiran,Pen Set,Stationery,Chennai,South,2,188.24,376.48,58.12,Card
ORD3939,2024-09-27,Aisha,Backpack,Accessories,Chennai,South,1,1790.12,1790.12,193.87,Net Banking
ORD3940,2024-01-29,Nikhil,Printer,Electronics,Bengaluru,South,8,11130.24,89041.92,14207.26,Card
ORD3941,2024-12-19,Meera,Desk,Furniture,Chennai,South,7,6448.1,45136.7,3821.88,UPI
ORD3942,2024-11-01,Neha,Notebook,Stationery,Ahmedabad,West,3,111.11,333.33,38.16,Net Banking
ORD3943,2024-09-05,Kiran,Keyboard,Electronics,Ahmedabad,West,8,1582.47,12659.76,2165.21,Card
ORD3944,2024-01-04,Priya,Laptop,Electronics,Ahmedabad,West,7,55656.24,389593.68,38190.78,Cash
ORD3945,2024-09-13,Ananya,Printer,Electronics,Bengaluru,South,9,11679.21,105112.89,14697.16,UPI
ORD3946,2024-04-19,Neha,Headphones,Electronics,Pune,West,5,2347.08,11735.4,2471.07,Net Banking
ORD3947,2024-07-15,Rohit,Headphones,Electronics,Hyderabad,South,2,2445.35,4890.7,422.89,Net Banking
ORD3948,2024-01-11,Divya,Printer,Electronics,Delhi,North,8,11423.0,91384.0,17663.15,Net Banking
ORD3949,2024-05-05,Rohit,Pen Set,Stationery,Delhi,North,2,197.48,394.96,77.93,Cash
ORD3950,2024-07-27,Neha,Backpack,Accessories,Hyderabad,South,2,1735.87,3471.74,712.01,Cash
ORD3951,2024-04-21,Arjun,Headphones,Electronics,Kolkata,East,2,2252.21,4504.42,1070.77,Cash
ORD3952,2024-12-21,Rahul,Laptop,Electronics,Pune,West,3,52602.76,157808.28,18308.89,Card
ORD3953,2024-02-03,Arjun,Notebook,Stationery,Hyderabad,South,5,121.0,605.0,78.52,UPI
ORD3954,2024-02-08,Sanjay,Laptop,Electronics,Pune,West,2,57624.49,115248.98,20988.77,UPI
ORD3955,2024-02-06,Divya,Mouse,Electronics,Mumbai,West,1,743.58,743.58,106.04,Net Banking
ORD3956,2024-07-25,Nikhil,Backpack,Accessories,Delhi,North,9,1976.1,17784.9,3534.01,Card
ORD3957,2024-01-02,Kiran,Monitor,Electronics,Delhi,North,4,14429.57,57718.28,5507.57,UPI
ORD3958,2024-03-20,Vikram,Smartphone,Electronics,Pune,West,8,29523.67,236189.36,49760.44,Net Banking
ORD3959,2024-02-26,Priya,Smartphone,Electronics,Delhi,North,8,28480.69,227845.52,31279.36,UPI
ORD3960,2024-10-30,Kiran,Desk,Furniture,Ahmedabad,West,6,7430.05,44580.3,4581.86,Net Banking
ORD3961,2024-11-23,Ananya,Printer,Electronics,Chennai,South,6,11669.47,70016.82,7443.49,Net Banking
ORD3962,2024-05-29,Divya,Headphones,Electronics,Mumbai,West,7,2259.43,15816.01,2060.16,Cash
ORD3963,2024-02-03,Vikram,Keyboard,Electronics,Kolkata,East,8,1490.57,11924.56,1028.32,UPI
ORD3964,2024-03-03,Kiran,Laptop,Electronics,Ahmedabad,West,4,50172.61,200690.44,33115.3,Net Banking
ORD3965,2024-09-03,Aisha,Keyboard,Electronics,Ahmedabad,West,9,1648.47,14836.23,3085.17,UPI
ORD3966,2024-09-28,Ananya,Monitor,Electronics,Chennai,South,8,14454.15,115633.2,28489.59,Card
ORD3967,2024-06-15,Nikhil,Desk,Furniture,Pune,West,2,7476.75,14953.5,2475.6,Net Banking
ORD3968,2024-06-19,Sneha,Pen Set,Stationery,Hyderabad,South,7,181.99,1273.93,223.76,Net Banking
ORD3969,2024-09-21,Sanjay,Pen Set,Stationery,Kolkata,East,3,215.74,647.22,72.24,Cash
ORD3970,2024-08-16,Aisha,Laptop,Electronics,Ahmedabad,West,7,54214.72,379503.04,39141.24,Net Banking
ORD3971,2024-12-27,Arjun,Pen Set,Stationery,Mumbai,West,3,199.13,597.39,54.66,Cash
ORD3972,2024-11-05,Priya,Monitor,Electronics,Kolkata,East,8,14752.71,118021.68,12217.81,Card
ORD3973,2024-07-27,Neha,Printer,Electronics,Kolkata,East,9,12806.15,115255.35,21121.1,UPI
ORD3974,2024-12-21,Kiran,Keyboard,Electronics,Kolkata,East,10,1553.83,15538.3,1708.93,Cash
ORD3975,2024-09-25,Sanjay,Monitor,Electronics,Pune,West,1,14540.56,14540.56,1226.03,Card
ORD3976,2024-06-16,Rohit,Desk,Furniture,Mumbai,West,10,6885.37,68853.7,6489.28,Net Banking
ORD3977,2024-06-13,Divya,Office Chair,Furniture,Pune,West,1,8184.26,8184.26,1603.36,Net Banking
ORD3978,2024-12-29,Kiran,Laptop,Electronics,Ahmedabad,West,9,56049.17,504442.53,80092.09,Cash
ORD3979,2024-01-15,Arjun,Keyboard,Electronics,Hyderabad,South,7,1605.16,11236.12,2019.56,Cash
ORD3980,2024-03-07,Vikram,Headphones,Electronics,Hyderabad,South,8,2355.03,18840.24,2796.17,Card
ORD3981,2024-09-03,Rahul,Headphones,Electronics,Bengaluru,South,3,2337.72,7013.16,1328.22,UPI
ORD3982,2024-11-06,Rahul,Smartphone,Electronics,Ahmedabad,West,6,30907.49,185444.94,30286.18,Net Banking
ORD3983,2024-11-11,Neha,Smartphone,Electronics,Kolkata,East,3,27343.24,82029.72,10669.59,Cash
ORD3984,2024-10-10,Arjun,Smartphone,Electronics,Pune,West,5,32022.9,160114.5,23809.86,UPI
ORD3985,2024-01-05,Arjun,Mouse,Electronics,Hyderabad,South,2,853.69,1707.38,413.89,Card
ORD3986,2024-10-18,Pooja,Headphones,Electronics,Bengaluru,South,3,2623.44,7870.32,1960.76,UPI
ORD3987,2024-02-09,Ananya,Smartphone,Electronics,Pune,West,3,31071.65,93214.95,11714.17,Net Banking
ORD3988,2024-01-10,Neha,Printer,Electronics,Bengaluru,South,2,11881.38,23762.76,5470.22,Card
ORD3989,2024-06-24,Aisha,Smartphone,Electronics,Kolkata,East,4,29673.89,118695.56,25205.06,UPI
ORD3990,2024-08-22,Priya,Laptop,Electronics,Pune,West,10,51681.13,516811.3,57576.62,Cash
ORD3991,2024-08-13,Priya,Keyboard,Electronics,Kolkata,East,10,1417.16,14171.6,1406.28,Cash
ORD3992,2024-04-23,Rohit,Desk,Furniture,Kolkata,East,4,7582.23,30328.92,2453.79,UPI
ORD3993,2024-06-28,Rohit,Backpack,Accessories,Kolkata,East,6,1713.64,10281.84,1095.7,Cash
ORD3994,2024-03-21,Pooja,Smartphone,Electronics,Mumbai,West,10,28349.2,283492.0,44945.66,Net Banking
ORD3995,2024-07-17,Arjun,Headphones,Electronics,Chennai,South,3,2697.4,8092.2,809.53,Cash
ORD3996,2024-08-07,Ananya,Pen Set,Stationery,Bengaluru,South,5,219.0,1095.0,192.44,Card
ORD3997,2024-03-28,Vikram,Office Chair,Furniture,Kolkata,East,8,8321.73,66573.84,9073.46,Card
ORD3998,2024-05-15,Rohit,Printer,Electronics,Pune,West,6,13145.35,78872.1,14195.33,Cash
ORD3999,2024-06-03,Sanjay,Laptop,Electronics,Ahmedabad,West,1,55062.32,55062.32,9517.1,UPI
ORD4000,2024-01-12,Priya,Office Chair,Furniture,Ahmedabad,West,6,8931.01,53586.06,11998.07,UPI
ORD4001,2024-03-28,Rohit,Printer,Electronics,Bengaluru,South,2,12156.11,24312.22,5426.7,UPI
ORD4002,2024-06-02,Neha,Headphones,Electronics,Hyderabad,South,2,2702.06,5404.12,1145.82,Card
ORD4003,2024-01-18,Rohit,Notebook,Stationery,Bengaluru,South,5,114.22,571.1,101.26,Card
ORD4004,2024-03-29,Ananya,Headphones,Electronics,Hyderabad,South,6,2728.56,16371.36,1997.88,Card
ORD4005,2024-11-29,Pooja,Monitor,Electronics,Delhi,North,2,13622.21,27244.42,5929.2,Cash
ORD4006,2024-06-21,Sneha,Mouse,Electronics,Bengaluru,South,2,818.91,1637.82,334.11,Cash
ORD4007,2024-10-10,Pooja,Backpack,Accessories,Bengaluru,South,4,1927.91,7711.64,1378.47,Cash
ORD4008,2024-04-08,Neha,Backpack,Accessories,Mumbai,West,10,1689.71,16897.1,3580.16,Card
ORD4009,2024-03-08,Ananya,Keyboard,Electronics,Mumbai,West,7,1625.74,11380.18,2055.9,UPI
ORD4010,2024-05-17,Pooja,Mouse,Electronics,Mumbai,West,2,740.21,1480.42,361.53,Cash
ORD4011,2024-11-02,Divya,Smartphone,Electronics,Hyderabad,South,10,27345.19,273451.9,58139.4,Cash
ORD4012,2024-09-11,Divya,Notebook,Stationery,Hyderabad,South,1,110.83,110.83,13.44,Card
ORD4013,2024-03-22,Rahul,Smartphone,Electronics,Ahmedabad,West,8,28853.94,230831.52,33052.35,UPI
ORD4014,2024-02-17,Rohit,Office Chair,Furniture,Hyderabad,South,10,8967.29,89672.9,11262.4,Card
ORD4015,2024-03-08,Priya,Desk,Furniture,Delhi,North,10,7680.38,76803.8,7421.1,Net Banking
ORD4016,2024-07-24,Priya,Desk,Furniture,Chennai,South,4,6439.82,25759.28,3691.41,Net Banking
ORD4017,2024-11-18,Neha,Keyboard,Electronics,Ahmedabad,West,6,1395.34,8372.04,1883.86,Net Banking
ORD4018,2024-01-14,Neha,Keyboard,Electronics,Kolkata,East,2,1619.19,3238.38,337.17,Net Banking
ORD4019,2024-03-22,Aisha,Smartphone,Electronics,Ahmedabad,West,4,27158.7,108634.8,19237.48,Cash
ORD4020,2024-02-24,Rahul,Mouse,Electronics,Hyderabad,South,5,729.77,3648.85,395.01,Cash
ORD4021,2024-05-18,Arjun,Backpack,Accessories,Mumbai,West,6,1747.67,10486.02,1405.39,Card
ORD4022,2024-09-21,Sanjay,Smartphone,Electronics,Chennai,South,5,28426.58,142132.9,31699.01,Net Banking
ORD4023,2024-03-05,Kiran,Desk,Furniture,Ahmedabad,West,3,6665.3,19995.9,3657.83,Cash
ORD4024,2024-05-10,Aisha,Headphones,Electronics,Hyderabad,South,2,2500.86,5001.72,601.03,Cash
ORD4025,2024-01-04,Sneha,Backpack,Accessories,Chennai,South,10,1684.92,16849.2,4005.12,Net Banking
ORD4026,2024-10-21,Arjun,Desk,Furniture,Bengaluru,South,7,6989.79,48928.53,7093.4,Card
ORD4027,2024-06-30,Rahul,Monitor,Electronics,Hyderabad,South,10,15268.7,152687.0,26703.78,Cash
ORD4028,2024-12-06,Sneha,Notebook,Stationery,Bengaluru,South,3,116.17,348.51,70.33,Net Banking
ORD4029,2024-07-02,Nikhil,Keyboard,Electronics,Bengaluru,South,9,1450.06,13050.54,2161.01,Card
ORD4030,2024-09-01,Priya,Backpack,Accessories,Hyderabad,South,6,1871.81,11230.86,2255.18,Net Banking
ORD4031,2024-12-03,Rohit,Headphones,Electronics,Bengaluru,South,9,2383.06,21447.54,3474.14,Card
ORD4032,2024-06-12,Nikhil,Mouse,Electronics,Pune,West,4,857.96,3431.84,646.56,Cash
ORD4033,2024-06-28,Ananya,Smartphone,Electronics,Kolkata,East,3,30332.69,90998.07,9950.12,UPI
ORD4034,2024-11-21,Divya,Printer,Electronics,Hyderabad,South,6,12550.41,75302.46,14520.35,Card
ORD4035,2024-05-08,Neha,Keyboard,Electronics,Ahmedabad,West,3,1515.74,4547.22,509.65,Card
ORD4036,2024-03-24,Arjun,Pen Set,Stationery,Bengaluru,South,2,214.04,428.08,46.58,Cash
ORD4037,2024-01-07,Rohit,Smartphone,Electronics,Pune,West,10,30440.39,304403.9,55092.14,Net Banking
ORD4038,2024-01-01,Sneha,Office Chair,Furniture,Hyderabad,South,8,7717.59,61740.72,9241.63,Cash
ORD4039,2024-05-25,Aisha,Laptop,Electronics,Delhi,North,7,51636.26,361453.82,33018.11,UPI
ORD4040,2024-02-13,Rohit,Laptop,Electronics,Mumbai,West,10,50323.58,503235.8,103336.98,Card
ORD4041,2024-03-23,Sneha,Monitor,Electronics,Delhi,North,4,15116.23,60464.92,6663.13,Net Banking
ORD4042,2024-12-21,Ananya,Smartphone,Electronics,Chennai,South,10,28333.16,283331.6,63712.85,Net Banking
ORD4043,2024-07-23,Sneha,Laptop,Electronics,Hyderabad,South,8,54844.39,438755.12,37880.46,Net Banking
ORD4044,2024-03-07,Divya,Smartphone,Electronics,Kolkata,East,1,29844.01,29844.01,4599.19,Cash
ORD4045,2024-08-25,Priya,Monitor,Electronics,Delhi,North,1,13544.18,13544.18,1833.15,Card
ORD4046,2024-03-16,Sanjay,Keyboard,Electronics,Kolkata,East,2,1483.41,2966.82,452.01,Card
ORD4047,2024-07-29,Rahul,Pen Set,Stationery,Chennai,South,4,219.32,877.28,202.33,UPI
ORD4048,2024-06-02,Priya,Pen Set,Stationery,Pune,West,5,208.5,1042.5,254.42,Card
ORD4049,2024-05-27,Rahul,Backpack,Accessories,Chennai,South,7,1745.63,12219.41,2846.97,Card
ORD4050,2024-09-24,Kiran,Desk,Furniture,Hyderabad,South,8,6957.82,55662.56,12919.79,Net Banking
ORD4051,2024-05-08,Rohit,Office Chair,Furniture,Bengaluru,South,7,9109.71,63767.97,7360.92,Cash
ORD4052,2024-08-30,Kiran,Headphones,Electronics,Bengaluru,South,5,2690.0,13450.0,2925.44,Cash
ORD4053,2024-09-10,Rohit,Smartphone,Electronics,Ahmedabad,West,1,32988.03,32988.03,7326.7,Card
ORD4054,2024-10-13,Arjun,Headphones,Electronics,Pune,West,3,2270.59,6811.77,740.3,Net Banking
ORD4055,2024-04-22,Sneha,Keyboard,Electronics,Pune,West,5,1373.33,6866.65,1128.57,Cash
ORD4056,2024-05-10,Vikram,Office Chair,Furniture,Delhi,North,4,8501.67,34006.68,4967.78,UPI
ORD4057,2024-04-25,Divya,Headphones,Electronics,Delhi,North,5,2636.36,13181.8,1883.06,Card
ORD4058,2024-09-21,Divya,Office Chair,Furniture,Bengaluru,South,5,8819.96,44099.8,4824.63,Cash
ORD4059,2024-06-21,Aisha,Smartphone,Electronics,Bengaluru,South,1,30573.72,30573.72,3626.45,Cash
ORD4060,2024-04-30,Kiran,Desk,Furniture,Pune,West,3,6427.92,19283.76,3923.07,UPI
ORD4061,2024-08-06,Ananya,Laptop,Electronics,Mumbai,West,8,55369.94,442959.52,55154.9,Cash
ORD4062,2024-09-24,Sneha,Desk,Furniture,Kolkata,East,2,6711.04,13422.08,2113.36,Cash
ORD4063,2024-10-04,Pooja,Monitor,Electronics,Ahmedabad,West,1,14688.54,14688.54,2111.92,Net Banking
ORD4064,2024-08-27,Priya,Pen Set,Stationery,Delhi,North,7,190.26,1331.82,200.3,Net Banking
ORD4065,2024-02-04,Kiran,Monitor,Electronics,Kolkata,East,9,16273.85,146464.65,34159.35,Cash
ORD4066,2024-11-07,Rohit,Backpack,Accessories,Chennai,South,9,1754.2,15787.8,2652.03,UPI
ORD4067,2024-10-22,Sanjay,Laptop,Electronics,Hyderabad,South,8,54729.16,437833.28,86814.57,UPI
ORD4068,2024-10-14,Divya,Laptop,Electronics,Pune,West,6,49951.11,299706.66,47129.4,UPI
ORD4069,2024-01-18,Kiran,Keyboard,Electronics,Mumbai,West,6,1473.57,8841.42,2033.45,UPI
ORD4070,2024-09-17,Arjun,Monitor,Electronics,Mumbai,West,8,14301.03,114408.24,17414.88,Card
ORD4071,2024-01-12,Sanjay,Laptop,Electronics,Kolkata,East,8,56590.73,452725.84,87465.83,Net Banking
ORD4072,2024-04-03,Divya,Desk,Furniture,Chennai,South,9,7606.22,68455.98,7606.57,Net Banking
ORD4073,2024-08-19,Meera,Desk,Furniture,Pune,West,2,7160.03,14320.06,3022.77,Net Banking
ORD4074,2024-01-24,Divya,Mouse,Electronics,Mumbai,West,9,841.59,7574.31,1476.71,Net Banking
ORD4075,2024-12-22,Meera,Monitor,Electronics,Kolkata,East,4,14414.04,57656.16,12583.17,Net Banking
ORD4076,2024-01-12,Sanjay,Office Chair,Furniture,Bengaluru,South,6,9007.99,54047.94,10182.94,Cash
ORD4077,2024-01-31,Sneha,Notebook,Stationery,Hyderabad,South,3,127.88,383.64,75.98,Net Banking
ORD4078,2024-08-14,Ananya,Backpack,Accessories,Chennai,South,9,1931.15,17380.35,3407.85,Net Banking
ORD4079,2024-07-24,Pooja,Office Chair,Furniture,Mumbai,West,3,9076.19,27228.57,5707.96,Card
ORD4080,2024-10-24,Priya,Notebook,Stationery,Bengaluru,South,8,112.6,900.8,196.04,UPI
ORD4081,2024-12-25,Kiran,Pen Set,Stationery,Hyderabad,South,8,184.8,1478.4,156.96,Card
ORD4082,2024-01-04,Meera,Monitor,Electronics,Ahmedabad,West,2,14872.62,29745.24,7003.56,Net Banking
ORD4083,2024-01-16,Arjun,Keyboard,Electronics,Pune,West,3,1471.57,4414.71,572.28,Card
ORD4084,2024-11-03,Nikhil,Smartphone,Electronics,Mumbai,West,6,28814.92,172889.52,42915.74,UPI
ORD4085,2024-08-02,Vikram,Smartphone,Electronics,Pune,West,6,31650.52,189903.12,34901.21,UPI
ORD4086,2024-08-12,Arjun,Office Chair,Furniture,Hyderabad,South,2,8698.78,17397.56,3815.62,UPI
ORD4087,2024-05-19,Arjun,Mouse,Electronics,Pune,West,10,804.88,8048.8,1955.54,Cash
ORD4088,2024-12-21,Aisha,Pen Set,Stationery,Mumbai,West,1,207.89,207.89,44.3,UPI
ORD4089,2024-01-03,Divya,Desk,Furniture,Chennai,South,7,6960.07,48720.49,11020.84,Net Banking
ORD4090,2024-11-26,Meera,Pen Set,Stationery,Pune,West,4,207.11,828.44,114.69,UPI
ORD4091,2024-12-02,Priya,Smartphone,Electronics,Kolkata,East,5,32294.91,161474.55,28864.58,UPI
ORD4092,2024-02-28,Vikram,Mouse,Electronics,Bengaluru,South,4,870.32,3481.28,736.99,UPI
ORD4093,2024-01-25,Arjun,Notebook,Stationery,Hyderabad,South,7,123.14,861.98,75.19,UPI
ORD4094,2024-02-03,Vikram,Printer,Electronics,Bengaluru,South,9,12337.49,111037.41,25233.1,Card
ORD4095,2024-10-08,Priya,Office Chair,Furniture,Hyderabad,South,9,7931.53,71383.77,17189.05,Cash
ORD4096,2024-03-16,Meera,Keyboard,Electronics,Delhi,North,1,1548.15,1548.15,128.92,Cash
ORD4097,2024-08-02,Meera,Notebook,Stationery,Hyderabad,South,8,123.15,985.2,93.69,UPI
ORD4098,2024-02-26,Priya,Office Chair,Furniture,Chennai,South,10,9153.75,91537.5,13312.24,Net Banking
ORD4099,2024-03-09,Sanjay,Office Chair,Furniture,Kolkata,East,3,7676.45,23029.35,1971.91,UPI
ORD4100,2024-03-30,Neha,Monitor,Electronics,Chennai,South,8,13670.46,109363.68,22830.73,Net Banking
ORD4101,2024-10-31,Divya,Monitor,Electronics,Pune,West,5,14307.97,71539.85,9688.7,Card
ORD4102,2024-09-05,Neha,Pen Set,Stationery,Pune,West,6,219.93,1319.58,258.21,UPI
ORD4103,2024-12-04,Neha,Smartphone,Electronics,Hyderabad,South,1,31414.71,31414.71,4089.88,Card
ORD4104,2024-10-26,Rahul,Keyboard,Electronics,Hyderabad,South,6,1414.48,8486.88,1539.81,Card
ORD4105,2024-05-16,Rohit,Monitor,Electronics,Ahmedabad,West,6,14245.93,85475.58,9491.95,Net Banking
ORD4106,2024-08-17,Ananya,Office Chair,Furniture,Bengaluru,South,4,8687.08,34748.32,6613.8,Card
ORD4107,2024-12-19,Sneha,Keyboard,Electronics,Mumbai,West,7,1445.47,10118.29,2262.03,UPI
ORD4108,2024-09-13,Pooja,Mouse,Electronics,Delhi,North,4,831.74,3326.96,506.48,UPI
ORD4109,2024-01-09,Arjun,Backpack,Accessories,Ahmedabad,West,6,1900.4,11402.4,1451.81,Net Banking
ORD4110,2024-10-18,Vikram,Backpack,Accessories,Pune,West,9,1816.84,16351.56,1638.52,Net Banking
ORD4111,2024-03-18,Arjun,Monitor,Electronics,Delhi,North,5,16317.21,81586.05,12075.65,Card
ORD4112,2024-11-05,Pooja,Monitor,Electronics,Kolkata,East,1,14643.48,14643.48,3179.91,Net Banking
ORD4113,2024-09-05,Neha,Keyboard,Electronics,Chennai,South,3,1461.85,4385.55,582.27,Card
ORD4114,2024-04-04,Priya,Headphones,Electronics,Bengaluru,South,5,2343.0,11715.0,1981.64,Net Banking
ORD4115,2024-08-20,Neha,Notebook,Stationery,Hyderabad,South,1,117.21,117.21,17.31,Net Banking
ORD4116,2024-11-03,Aisha,Headphones,Electronics,Mumbai,West,6,2438.48,14630.88,3621.07,Card
ORD4117,2024-09-01,Sanjay,Notebook,Stationery,Mumbai,West,4,115.69,462.76,80.51,Net Banking
ORD4118,2024-08-10,Ananya,Printer,Electronics,Ahmedabad,West,8,11882.26,95058.08,10631.25,Cash
ORD4119,2024-05-08,Neha,Smartphone,Electronics,Mumbai,West,5,30151.15,150755.75,13312.56,Card
ORD4120,2024-11-02,Rahul,Smartphone,Electronics,Delhi,North,4,30618.74,122474.96,25331.01,Card
ORD4121,2024-05-28,Sneha,Headphones,Electronics,Kolkata,East,1,2264.67,2264.67,526.44,UPI
ORD4122,2024-02-04,Pooja,Pen Set,Stationery,Ahmedabad,West,7,185.87,1301.09,240.55,Cash
ORD4123,2024-10-15,Rahul,Backpack,Accessories,Mumbai,West,1,1933.46,1933.46,394.98,Card
ORD4124,2024-09-10,Kiran,Keyboard,Electronics,Chennai,South,1,1411.24,1411.24,307.59,Card
ORD4125,2024-08-10,Aisha,Pen Set,Stationery,Ahmedabad,West,3,181.33,543.99,100.2,Cash
ORD4126,2024-12-23,Priya,Pen Set,Stationery,Kolkata,East,5,186.39,931.95,199.07,Cash
ORD4127,2024-01-29,Meera,Laptop,Electronics,Delhi,North,10,60165.83,601658.3,114510.0,Card
ORD4128,2024-08-06,Divya,Monitor,Electronics,Delhi,North,4,13592.94,54371.76,12968.91,UPI
ORD4129,2024-10-18,Sanjay,Notebook,Stationery,Pune,West,9,129.74,1167.66,172.95,UPI
ORD4130,2024-02-13,Vikram,Pen Set,Stationery,Delhi,North,7,201.36,1409.52,323.47,Cash
ORD4131,2024-09-26,Divya,Monitor,Electronics,Bengaluru,South,8,15347.06,122776.48,18359.6,Cash
ORD4132,2024-05-06,Pooja,Desk,Furniture,Hyderabad,South,5,7489.4,37447.0,3038.59,Cash
ORD4133,2024-02-07,Aisha,Desk,Furniture,Pune,West,2,7295.15,14590.3,1955.95,Card
ORD4134,2024-09-07,Vikram,Desk,Furniture,Delhi,North,7,6435.71,45049.97,4000.94,Card
ORD4135,2024-02-01,Arjun,Pen Set,Stationery,Hyderabad,South,2,199.85,399.7,97.93,Net Banking
ORD4136,2024-11-14,Nikhil,Smartphone,Electronics,Hyderabad,South,1,27879.68,27879.68,3811.14,UPI
ORD4137,2024-01-21,Arjun,Notebook,Stationery,Mumbai,West,9,119.62,1076.58,124.55,Cash
ORD4138,2024-08-17,Sneha,Backpack,Accessories,Hyderabad,South,5,1926.64,9633.2,1279.16,UPI
ORD4139,2024-09-30,Divya,Keyboard,Electronics,Ahmedabad,West,7,1357.7,9503.9,1971.72,Card
ORD4140,2024-12-20,Sanjay,Monitor,Electronics,Delhi,North,2,16269.01,32538.02,7497.58,Net Banking
ORD4141,2024-08-29,Aisha,Office Chair,Furniture,Delhi,North,2,8971.57,17943.14,3290.97,UPI
ORD4142,2024-12-02,Priya,Backpack,Accessories,Delhi,North,2,1794.0,3588.0,432.75,Cash
ORD4143,2024-01-19,Rohit,Smartphone,Electronics,Pune,West,6,29301.16,175806.96,43102.96,UPI
ORD4144,2024-02-10,Nikhil,Printer,Electronics,Delhi,North,9,10803.49,97231.41,13502.9,UPI
ORD4145,2024-07-19,Aisha,Mouse,Electronics,Ahmedabad,West,5,763.4,3817.0,824.97,Cash
ORD4146,2024-08-30,Ananya,Monitor,Electronics,Chennai,South,7,13640.67,95484.69,15623.44,UPI
ORD4147,2024-01-07,Nikhil,Keyboard,Electronics,Bengaluru,South,10,1423.75,14237.5,3145.19,Cash
ORD4148,2024-05-07,Rohit,Mouse,Electronics,Pune,West,2,806.33,1612.66,398.97,Card
ORD4149,2024-07-14,Divya,Headphones,Electronics,Chennai,South,9,2262.07,20358.63,2352.05,Card
ORD4150,2024-10-05,Meera,Backpack,Accessories,Bengaluru,South,4,1804.95,7219.8,1701.04,Net Banking
ORD4151,2024-01-07,Priya,Pen Set,Stationery,Pune,West,1,206.4,206.4,35.26,Net Banking
ORD4152,2024-07-14,Sneha,Mouse,Electronics,Hyderabad,South,10,831.65,8316.5,793.33,Net Banking
ORD4153,2024-08-01,Priya,Backpack,Accessories,Mumbai,West,4,1880.05,7520.2,1039.54,Card
ORD4154,2024-01-11,Meera,Laptop,Electronics,Mumbai,West,10,60339.99,603399.9,79043.44,UPI
ORD4155,2024-10-12,Vikram,Office Chair,Furniture,Ahmedabad,West,1,8509.5,8509.5,2076.68,UPI
ORD4156,2024-11-02,Nikhil,Notebook,Stationery,Hyderabad,South,1,131.5,131.5,26.52,UPI
ORD4157,2024-03-15,Pooja,Printer,Electronics,Pune,West,4,10989.27,43957.08,5008.81,Net Banking
ORD4158,2024-06-22,Meera,Office Chair,Furniture,Chennai,South,2,8219.99,16439.98,2085.66,UPI
ORD4159,2024-02-27,Rohit,Mouse,Electronics,Hyderabad,South,7,758.56,5309.92,1018.89,Net Banking
ORD4160,2024-03-22,Priya,Laptop,Electronics,Pune,West,8,58285.92,466287.36,90590.34,UPI
ORD4161,2024-08-31,Vikram,Mouse,Electronics,Mumbai,West,10,864.8,8648.0,1688.79,Cash
ORD4162,2024-01-30,Sanjay,Mouse,Electronics,Pune,West,5,796.84,3984.2,791.65,Card
ORD4163,2024-07-18,Nikhil,Pen Set,Stationery,Mumbai,West,2,197.75,395.5,35.91,UPI
ORD4164,2024-09-05,Pooja,Notebook,Stationery,Delhi,North,4,121.84,487.36,73.89,Net Banking
ORD4165,2024-10-22,Divya,Office Chair,Furniture,Hyderabad,South,7,7955.66,55689.62,7548.28,UPI
ORD4166,2024-09-30,Sneha,Mouse,Electronics,Mumbai,West,1,742.06,742.06,107.85,UPI
ORD4167,2024-01-04,Arjun,Headphones,Electronics,Delhi,North,8,2656.48,21251.84,4977.75,Net Banking
ORD4168,2024-07-20,Arjun,Printer,Electronics,Kolkata,East,1,11593.55,11593.55,2529.04,UPI
ORD4169,2024-01-23,Priya,Office Chair,Furniture,Kolkata,East,4,8387.75,33551.0,2731.78,UPI
ORD4170,2024-10-27,Rahul,Pen Set,Stationery,Kolkata,East,5,213.5,1067.5,198.61,UPI
ORD4171,2024-05-01,Aisha,Monitor,Electronics,Bengaluru,South,10,13854.8,138548.0,14967.96,UPI
ORD4172,2024-03-21,Nikhil,Headphones,Electronics,Delhi,North,3,2261.65,6784.95,845.33,Card
ORD4173,2024-04-28,Sanjay,Desk,Furniture,Delhi,North,10,6954.49,69544.9,12627.09,UPI
ORD4174,2024-09-30,Divya,Notebook,Stationery,Hyderabad,South,7,109.0,763.0,141.89,UPI
ORD4175,2024-05-31,Aisha,Headphones,Electronics,Ahmedabad,West,6,2708.62,16251.72,3917.95,Cash
ORD4176,2024-05-26,Nikhil,Keyboard,Electronics,Pune,West,10,1635.55,16355.5,1430.35,Cash
ORD4177,2024-10-12,Ananya,Backpack,Accessories,Pune,West,6,1701.05,10206.3,973.64,UPI
ORD4178,2024-05-25,Neha,Backpack,Accessories,Kolkata,East,6,1846.53,11079.18,1883.42,Cash
ORD4179,2024-12-17,Kiran,Mouse,Electronics,Kolkata,East,7,745.1,5215.7,566.1,Card
ORD4180,2024-07-27,Divya,Smartphone,Electronics,Ahmedabad,West,10,29970.25,299702.5,40020.04,UPI
ORD4181,2024-06-07,Meera,Monitor,Electronics,Kolkata,East,2,15932.58,31865.16,7101.49,Net Banking
ORD4182,2024-03-19,Pooja,Laptop,Electronics,Ahmedabad,West,1,52759.66,52759.66,11967.36,Net Banking
ORD4183,2024-02-02,Kiran,Office Chair,Furniture,Bengaluru,South,3,7984.46,23953.38,5173.02,Cash
ORD4184,2024-02-04,Vikram,Laptop,Electronics,Chennai,South,6,60003.82,360022.92,70475.28,Card
ORD4185,2024-08-04,Ananya,Pen Set,Stationery,Chennai,South,7,199.88,1399.16,134.27,Cash
ORD4186,2024-05-10,Sneha,Printer,Electronics,Ahmedabad,West,10,10948.41,109484.1,11158.76,UPI
ORD4187,2024-05-15,Ananya,Monitor,Electronics,Mumbai,West,10,14479.19,144791.9,22471.33,Net Banking
ORD4188,2024-12-21,Neha,Keyboard,Electronics,Delhi,North,4,1379.12,5516.48,1202.49,Net Banking
ORD4189,2024-02-10,Pooja,Notebook,Stationery,Bengaluru,South,6,125.34,752.04,75.9,Net Banking
ORD4190,2024-07-17,Neha,Office Chair,Furniture,Pune,West,7,8637.25,60460.75,9253.31,UPI
ORD4191,2024-09-10,Sneha,Printer,Electronics,Mumbai,West,4,12914.66,51658.64,10398.48,Net Banking
ORD4192,2024-04-05,Arjun,Office Chair,Furniture,Bengaluru,South,6,8817.33,52903.98,4674.59,Net Banking
ORD4193,2024-11-24,Rahul,Desk,Furniture,Chennai,South,9,6671.5,60043.5,13536.3,Card
ORD4194,2024-04-21,Arjun,Headphones,Electronics,Bengaluru,South,10,2429.94,24299.4,3963.42,Card
ORD4195,2024-10-16,Sanjay,Backpack,Accessories,Ahmedabad,West,4,1903.01,7612.04,781.41,Net Banking
ORD4196,2024-03-09,Kiran,Keyboard,Electronics,Pune,West,1,1405.81,1405.81,246.46,Card
ORD4197,2024-11-30,Priya,Headphones,Electronics,Kolkata,East,8,2438.03,19504.24,4410.09,Cash
ORD4198,2024-12-29,Priya,Headphones,Electronics,Ahmedabad,West,8,2709.22,21673.76,4025.5,Card
ORD4199,2024-04-03,Ananya,Backpack,Accessories,Delhi,North,3,1636.82,4910.46,591.76,UPI
ORD4200,2024-03-30,Meera,Keyboard,Electronics,Bengaluru,South,2,1476.98,2953.96,331.18,Cash
ORD4201,2024-02-06,Rohit,Keyboard,Electronics,Hyderabad,South,4,1638.46,6553.84,1075.42,Card
ORD4202,2024-02-13,Kiran,Notebook,Stationery,Bengaluru,South,8,115.95,927.6,124.84,Cash
ORD4203,2024-08-14,Kiran,Backpack,Accessories,Delhi,North,3,1942.81,5828.43,523.33,Net Banking
ORD4204,2024-01-16,Ananya,Notebook,Stationery,Chennai,South,4,121.23,484.92,57.02,Net Banking
ORD4205,2024-08-09,Aisha,Keyboard,Electronics,Mumbai,West,4,1552.03,6208.12,691.16,Card
ORD4206,2024-02-08,Divya,Headphones,Electronics,Ahmedabad,West,8,2483.72,19869.76,2327.12,UPI
ORD4207,2024-08-14,Ananya,Office Chair,Furniture,Kolkata,East,5,8891.19,44455.95,3770.18,Card
ORD4208,2024-06-20,Rohit,Printer,Electronics,Delhi,North,1,11371.3,11371.3,2451.5,Cash
ORD4209,2024-01-20,Aisha,Headphones,Electronics,Pune,West,3,2565.09,7695.27,726.58,Net Banking
ORD4210,2024-01-10,Aisha,Backpack,Accessories,Pune,West,1,1667.62,1667.62,274.04,Net Banking
ORD4211,2024-03-11,Kiran,Desk,Furniture,Delhi,North,9,6533.81,58804.29,9237.29,UPI
ORD4212,2024-07-26,Arjun,Office Chair,Furniture,Hyderabad,South,1,9082.71,9082.71,1105.08,Cash
ORD4213,2024-05-24,Rohit,Pen Set,Stationery,Kolkata,East,5,217.83,1089.15,222.1,Net Banking
ORD4214,2024-02-23,Meera,Keyboard,Electronics,Delhi,North,10,1495.71,14957.1,2687.1,Card
ORD4215,2024-11-02,Pooja,Notebook,Stationery,Ahmedabad,West,10,128.13,1281.3,256.74,UPI
ORD4216,2024-06-10,Sanjay,Keyboard,Electronics,Kolkata,East,1,1526.78,1526.78,283.12,Cash
ORD4217,2024-03-14,Sanjay,Laptop,Electronics,Pune,West,10,57224.2,572242.0,110163.8,Net Banking
ORD4218,2024-10-29,Sneha,Office Chair,Furniture,Pune,West,4,7866.85,31467.4,6504.35,Net Banking
ORD4219,2024-12-26,Neha,Smartphone,Electronics,Hyderabad,South,2,27941.69,55883.38,9677.27,UPI
ORD4220,2024-06-22,Arjun,Pen Set,Stationery,Chennai,South,6,204.64,1227.84,215.62,Cash
ORD4221,2024-12-23,Neha,Laptop,Electronics,Bengaluru,South,2,51506.98,103013.96,16129.22,Card
ORD4222,2024-06-04,Vikram,Headphones,Electronics,Mumbai,West,10,2736.08,27360.8,5459.68,Cash
ORD4223,2024-09-15,Nikhil,Headphones,Electronics,Hyderabad,South,6,2448.85,14693.1,2327.18,Net Banking
ORD4224,2024-10-06,Aisha,Smartphone,Electronics,Hyderabad,South,3,28230.18,84690.54,14346.25,Net Banking
ORD4225,2024-07-17,Meera,Laptop,Electronics,Delhi,North,9,60197.84,541780.56,70063.56,UPI
ORD4226,2024-11-24,Kiran,Office Chair,Furniture,Chennai,South,4,8836.44,35345.76,4362.41,Net Banking
ORD4227,2024-05-18,Divya,Keyboard,Electronics,Ahmedabad,West,10,1529.84,15298.4,3752.99,UPI
ORD4228,2024-05-17,Rohit,Pen Set,Stationery,Delhi,North,9,197.14,1774.26,275.81,Net Banking
ORD4229,2024-08-15,Priya,Monitor,Electronics,Mumbai,West,1,16068.95,16068.95,3629.55,Card
ORD4230,2024-03-13,Divya,Office Chair,Furniture,Chennai,South,1,9077.0,9077.0,817.75,UPI
ORD4231,2024-07-01,Neha,Office Chair,Furniture,Kolkata,East,3,7662.6,22987.8,3475.25,Cash
ORD4232,2024-09-12,Aisha,Backpack,Accessories,Ahmedabad,West,9,1766.29,15896.61,2022.42,Net Banking
ORD4233,2024-03-29,Sneha,Mouse,Electronics,Delhi,North,6,862.15,5172.9,723.44,Net Banking
ORD4234,2024-08-16,Kiran,Office Chair,Furniture,Pune,West,1,7661.64,7661.64,1116.23,Net Banking
ORD4235,2024-07-31,Divya,Printer,Electronics,Hyderabad,South,5,12439.9,62199.5,8755.22,Cash
ORD4236,2024-06-03,Sneha,Keyboard,Electronics,Delhi,North,2,1396.17,2792.34,646.71,UPI
ORD4237,2024-04-13,Arjun,Printer,Electronics,Ahmedabad,West,5,10811.85,54059.25,11692.2,Net Banking
ORD4238,2024-06-11,Sanjay,Printer,Electronics,Kolkata,East,1,12030.14,12030.14,1439.7,Net Banking
ORD4239,2024-04-09,Ananya,Laptop,Electronics,Chennai,South,8,49718.68,397749.44,48396.39,Cash
ORD4240,2024-03-29,Ananya,Keyboard,Electronics,Hyderabad,South,4,1503.81,6015.24,901.72,Cash
ORD4241,2024-01-16,Rohit,Backpack,Accessories,Bengaluru,South,9,1840.13,16561.17,2830.21,Cash
ORD4242,2024-10-25,Pooja,Backpack,Accessories,Chennai,South,4,1716.88,6867.52,1224.66,Net Banking
ORD4243,2024-10-21,Neha,Pen Set,Stationery,Chennai,South,10,199.03,1990.3,323.25,Net Banking
ORD4244,2024-02-26,Arjun,Headphones,Electronics,Pune,West,6,2745.02,16470.12,2872.23,Cash
ORD4245,2024-01-22,Vikram,Office Chair,Furniture,Pune,West,9,7672.41,69051.69,9254.41,Card
ORD4246,2024-01-08,Rohit,Mouse,Electronics,Kolkata,East,8,767.86,6142.88,1023.43,Cash
ORD4247,2024-06-21,Rohit,Desk,Furniture,Mumbai,West,10,6651.7,66517.0,5534.38,UPI
ORD4248,2024-05-18,Priya,Headphones,Electronics,Kolkata,East,1,2334.29,2334.29,431.58,UPI
ORD4249,2024-03-12,Kiran,Monitor,Electronics,Chennai,South,6,16234.04,97404.24,17735.27,Cash
ORD4250,2024-01-21,Arjun,Notebook,Stationery,Bengaluru,South,8,112.59,900.72,119.86,UPI
ORD4251,2024-08-23,Kiran,Notebook,Stationery,Ahmedabad,West,8,119.31,954.48,162.78,Cash
ORD4252,2024-05-16,Neha,Smartphone,Electronics,Pune,West,2,30080.91,60161.82,9163.33,Card
ORD4253,2024-11-06,Kiran,Monitor,Electronics,Bengaluru,South,9,15065.95,135593.55,27534.24,Net Banking
ORD4254,2024-11-27,Pooja,Backpack,Accessories,Pune,West,2,1825.4,3650.8,390.85,Card
ORD4255,2024-10-07,Divya,Headphones,Electronics,Kolkata,East,1,2618.41,2618.41,369.98,Cash
ORD4256,2024-09-21,Arjun,Headphones,Electronics,Ahmedabad,West,7,2669.32,18685.24,2424.06,UPI
ORD4257,2024-10-29,Arjun,Desk,Furniture,Mumbai,West,1,6837.53,6837.53,758.32,UPI
ORD4258,2024-02-16,Vikram,Mouse,Electronics,Chennai,South,9,867.73,7809.57,1684.52,Card
ORD4259,2024-10-15,Sneha,Keyboard,Electronics,Hyderabad,South,7,1597.0,11179.0,2455.91,Net Banking
ORD4260,2024-08-23,Nikhil,Notebook,Stationery,Bengaluru,South,7,130.27,911.89,109.47,Card
ORD4261,2024-10-23,Ananya,Monitor,Electronics,Ahmedabad,West,2,14850.93,29701.86,4913.87,Card
ORD4262,2024-01-19,Nikhil,Headphones,Electronics,Mumbai,West,8,2589.65,20717.2,3676.17,Net Banking
ORD4263,2024-12-09,Neha,Mouse,Electronics,Pune,West,9,820.43,7383.87,1153.09,Cash
ORD4264,2024-11-17,Pooja,Desk,Furniture,Ahmedabad,West,10,6752.15,67521.5,8380.32,Net Banking
ORD4265,2024-02-09,Sanjay,Office Chair,Furniture,Ahmedabad,West,6,8183.59,49101.54,8880.96,UPI
ORD4266,2024-02-03,Kiran,Desk,Furniture,Mumbai,West,8,7019.86,56158.88,7860.35,Net Banking
ORD4267,2024-11-07,Pooja,Notebook,Stationery,Bengaluru,South,9,121.94,1097.46,156.75,Net Banking
ORD4268,2024-09-19,Vikram,Headphones,Electronics,Kolkata,East,9,2355.05,21195.45,2645.35,Net Banking
ORD4269,2024-07-23,Rahul,Monitor,Electronics,Bengaluru,South,3,16378.45,49135.35,9654.71,Card
ORD4270,2024-12-07,Rohit,Monitor,Electronics,Kolkata,East,2,14041.22,28082.44,6713.42,UPI
ORD4271,2024-02-21,Priya,Pen Set,Stationery,Delhi,North,2,201.89,403.78,87.72,Net Banking
ORD4272,2024-01-14,Aisha,Pen Set,Stationery,Chennai,South,9,210.68,1896.12,414.55,Net Banking
ORD4273,2024-11-01,Ananya,Laptop,Electronics,Kolkata,East,7,57367.95,401575.65,90140.74,UPI
ORD4274,2024-03-16,Rohit,Laptop,Electronics,Ahmedabad,West,10,50951.51,509515.1,82428.38,Card
ORD4275,2024-12-05,Neha,Office Chair,Furniture,Mumbai,West,4,8117.33,32469.32,6496.94,Net Banking
ORD4276,2024-05-04,Nikhil,Pen Set,Stationery,Pune,West,10,216.08,2160.8,511.3,Cash
ORD4277,2024-07-30,Sanjay,Laptop,Electronics,Kolkata,East,8,53106.94,424855.52,70897.99,Card
ORD4278,2024-09-06,Vikram,Monitor,Electronics,Delhi,North,6,15571.55,93429.3,7685.11,Card
ORD4279,2024-04-21,Rahul,Backpack,Accessories,Chennai,South,3,1922.35,5767.05,1106.66,Cash
ORD4280,2024-08-13,Aisha,Mouse,Electronics,Delhi,North,1,829.02,829.02,174.51,UPI
ORD4281,2024-12-11,Neha,Mouse,Electronics,Hyderabad,South,2,803.97,1607.94,297.53,Card
ORD4282,2024-09-17,Meera,Printer,Electronics,Pune,West,5,11432.18,57160.9,7596.71,Card
ORD4283,2024-01-27,Aisha,Smartphone,Electronics,Chennai,South,5,27383.35,136916.75,31616.8,UPI
ORD4284,2024-10-01,Vikram,Headphones,Electronics,Mumbai,West,6,2675.42,16052.52,1825.76,UPI
ORD4285,2024-10-25,Aisha,Mouse,Electronics,Kolkata,East,9,816.28,7346.52,1516.48,Net Banking
ORD4286,2024-04-28,Aisha,Desk,Furniture,Ahmedabad,West,9,6374.81,57373.29,13197.1,Cash
ORD4287,2024-07-29,Vikram,Pen Set,Stationery,Pune,West,6,197.05,1182.3,153.26,Cash
ORD4288,2024-06-01,Sanjay,Laptop,Electronics,Mumbai,West,7,57481.92,402373.44,61416.83,UPI
ORD4289,2024-09-02,Arjun,Smartphone,Electronics,Kolkata,East,4,32625.79,130503.16,24043.45,Net Banking
ORD4290,2024-07-06,Vikram,Printer,Electronics,Mumbai,West,2,11652.16,23304.32,5607.8,Card
ORD4291,2024-10-13,Pooja,Notebook,Stationery,Hyderabad,South,8,113.6,908.8,151.35,Card
ORD4292,2024-10-13,Kiran,Backpack,Accessories,Bengaluru,South,3,1823.38,5470.14,520.12,Cash
ORD4293,2024-07-11,Sanjay,Pen Set,Stationery,Hyderabad,South,4,189.07,756.28,99.08,Cash
ORD4294,2024-07-18,Ananya,Smartphone,Electronics,Delhi,North,5,30225.26,151126.3,27070.23,Net Banking
ORD4295,2024-12-29,Sneha,Monitor,Electronics,Pune,West,5,15884.13,79420.65,17783.48,Net Banking
ORD4296,2024-10-05,Sneha,Headphones,Electronics,Chennai,South,6,2621.51,15729.06,2788.63,UPI
ORD4297,2024-11-08,Rahul,Pen Set,Stationery,Ahmedabad,West,5,209.63,1048.15,248.38,Net Banking
ORD4298,2024-03-25,Rahul,Smartphone,Electronics,Ahmedabad,West,1,29020.02,29020.02,6999.97,UPI
ORD4299,2024-06-02,Sanjay,Office Chair,Furniture,Chennai,South,5,9165.11,45825.55,4436.37,Cash
ORD4300,2024-10-29,Sneha,Pen Set,Stationery,Ahmedabad,West,7,207.96,1455.72,130.95,Card
ORD4301,2024-03-06,Rohit,Backpack,Accessories,Ahmedabad,West,8,1723.61,13788.88,2828.24,Card
ORD4302,2024-04-13,Pooja,Printer,Electronics,Kolkata,East,5,12394.65,61973.25,15460.87,UPI
ORD4303,2024-10-21,Nikhil,Headphones,Electronics,Kolkata,East,6,2734.62,16407.72,3402.1,Net Banking
ORD4304,2024-07-12,Vikram,Backpack,Accessories,Hyderabad,South,2,1820.82,3641.64,408.09,Net Banking
ORD4305,2024-01-01,Priya,Smartphone,Electronics,Kolkata,East,7,29483.18,206382.26,49930.66,Cash
ORD4306,2024-01-17,Priya,Backpack,Accessories,Kolkata,East,4,1720.04,6880.16,1499.34,Card
ORD4307,2024-02-07,Neha,Headphones,Electronics,Mumbai,West,5,2556.86,12784.3,2205.51,Card
ORD4308,2024-09-06,Kiran,Backpack,Accessories,Ahmedabad,West,7,1819.34,12735.38,2948.08,UPI
ORD4309,2024-11-21,Sneha,Smartphone,Electronics,Ahmedabad,West,8,30685.61,245484.88,33301.9,Cash
ORD4310,2024-04-18,Arjun,Office Chair,Furniture,Chennai,South,5,8149.4,40747.0,7532.2,Cash
ORD4311,2024-08-10,Neha,Smartphone,Electronics,Ahmedabad,West,5,32108.8,160544.0,37624.15,Cash
ORD4312,2024-09-07,Pooja,Headphones,Electronics,Kolkata,East,1,2305.02,2305.02,334.77,Card
ORD4313,2024-07-01,Nikhil,Office Chair,Furniture,Mumbai,West,2,8614.94,17229.88,3669.79,Net Banking
ORD4314,2024-04-03,Vikram,Notebook,Stationery,Delhi,North,6,121.98,731.88,78.2,Net Banking
ORD4315,2024-04-20,Neha,Office Chair,Furniture,Pune,West,2,8157.67,16315.34,1429.99,Cash
ORD4316,2024-04-16,Sanjay,Laptop,Electronics,Hyderabad,South,6,53276.03,319656.18,65166.15,Cash
ORD4317,2024-09-30,Neha,Keyboard,Electronics,Pune,West,9,1469.8,13228.2,1374.62,Card
ORD4318,2024-04-29,Rahul,Notebook,Stationery,Bengaluru,South,5,119.25,596.25,72.15,Cash
ORD4319,2024-07-10,Aisha,Mouse,Electronics,Pune,West,7,836.99,5858.93,1161.7,Net Banking
ORD4320,2024-12-22,Pooja,Keyboard,Electronics,Mumbai,West,3,1457.28,4371.84,434.81,Net Banking
ORD4321,2024-03-09,Sanjay,Printer,Electronics,Ahmedabad,West,10,12777.36,127773.6,14862.83,UPI
ORD4322,2024-09-10,Aisha,Keyboard,Electronics,Bengaluru,South,10,1446.67,14466.7,1757.07,Net Banking
ORD4323,2024-07-10,Meera,Office Chair,Furniture,Chennai,South,9,7980.34,71823.06,14272.83,UPI
ORD4324,2024-06-08,Arjun,Laptop,Electronics,Chennai,South,9,54784.66,493061.94,59830.84,UPI
ORD4325,2024-09-30,Divya,Mouse,Electronics,Chennai,South,2,760.03,1520.06,233.53,Card
ORD4326,2024-10-07,Vikram,Pen Set,Stationery,Chennai,South,1,199.44,199.44,34.55,UPI
ORD4327,2024-06-18,Pooja,Laptop,Electronics,Kolkata,East,9,53020.92,477188.28,62608.39,Net Banking
ORD4328,2024-08-07,Sanjay,Laptop,Electronics,Kolkata,East,9,56668.68,510018.12,41000.83,Card
ORD4329,2024-04-10,Ananya,Monitor,Electronics,Chennai,South,6,16326.2,97957.2,10820.84,Net Banking
ORD4330,2024-09-14,Divya,Laptop,Electronics,Bengaluru,South,3,51647.61,154942.83,17268.89,Cash
ORD4331,2024-03-11,Priya,Pen Set,Stationery,Delhi,North,1,207.01,207.01,48.78,Cash
ORD4332,2024-07-25,Divya,Backpack,Accessories,Chennai,South,2,1724.14,3448.28,365.79,Net Banking
ORD4333,2024-10-28,Rohit,Laptop,Electronics,Chennai,South,6,50329.27,301975.62,40573.13,Card
ORD4334,2024-09-22,Priya,Laptop,Electronics,Chennai,South,7,54168.56,379179.92,46439.79,Card
ORD4335,2024-04-28,Sanjay,Headphones,Electronics,Hyderabad,South,5,2268.68,11343.4,2818.91,Card
ORD4336,2024-01-15,Rahul,Headphones,Electronics,Hyderabad,South,1,2436.22,2436.22,252.81,UPI
ORD4337,2024-04-24,Rohit,Smartphone,Electronics,Chennai,South,4,28536.16,114144.64,15083.88,UPI
ORD4338,2024-02-29,Pooja,Monitor,Electronics,Mumbai,West,3,14590.85,43772.55,7349.15,Card
ORD4339,2024-07-29,Aisha,Headphones,Electronics,Mumbai,West,10,2377.08,23770.8,5265.44,Cash
ORD4340,2024-06-01,Pooja,Mouse,Electronics,Hyderabad,South,4,768.68,3074.72,507.64,Cash
ORD4341,2024-10-25,Meera,Notebook,Stationery,Ahmedabad,West,7,127.03,889.21,97.33,Net Banking
ORD4342,2024-10-25,Kiran,Office Chair,Furniture,Mumbai,West,5,7945.57,39727.85,3546.37,Card
ORD4343,2024-05-04,Sneha,Office Chair,Furniture,Ahmedabad,West,8,8712.67,69701.36,15849.03,Cash
ORD4344,2024-02-17,Kiran,Headphones,Electronics,Ahmedabad,West,4,2428.11,9712.44,2155.41,Card
ORD4345,2024-02-03,Sneha,Office Chair,Furniture,Kolkata,East,6,9033.93,54203.58,9521.54,Net Banking
ORD4346,2024-09-18,Ananya,Office Chair,Furniture,Hyderabad,South,6,8988.81,53932.86,12312.73,Net Banking
ORD4347,2024-07-08,Arjun,Office Chair,Furniture,Pune,West,2,8103.22,16206.44,3453.08,Card
ORD4348,2024-05-18,Neha,Office Chair,Furniture,Delhi,North,3,8140.52,24421.56,3786.82,Net Banking
ORD4349,2024-12-23,Nikhil,Office Chair,Furniture,Delhi,North,4,8224.71,32898.84,5770.55,Net Banking
ORD4350,2024-12-28,Pooja,Headphones,Electronics,Delhi,North,4,2327.05,9308.2,1065.17,Net Banking
ORD4351,2024-03-21,Aisha,Desk,Furniture,Hyderabad,South,5,6444.56,32222.8,5178.83,Net Banking
ORD4352,2024-04-24,Kiran,Pen Set,Stationery,Kolkata,East,4,209.8,839.2,145.18,Cash
ORD4353,2024-08-07,Arjun,Monitor,Electronics,Pune,West,7,15145.59,106019.13,17496.96,UPI
ORD4354,2024-10-16,Vikram,Office Chair,Furniture,Chennai,South,7,8892.24,62245.68,6536.39,Card
ORD4355,2024-12-10,Meera,Notebook,Stationery,Chennai,South,7,110.31,772.17,174.72,UPI
ORD4356,2024-02-15,Ananya,Smartphone,Electronics,Kolkata,East,9,30934.67,278412.03,55150.22,Card
ORD4357,2024-08-29,Nikhil,Laptop,Electronics,Ahmedabad,West,4,54713.82,218855.28,31629.34,Card
ORD4358,2024-09-03,Meera,Laptop,Electronics,Chennai,South,5,55399.36,276996.8,42107.42,UPI
ORD4359,2024-03-01,Priya,Printer,Electronics,Hyderabad,South,7,12556.6,87896.2,15606.23,UPI
ORD4360,2024-08-14,Divya,Keyboard,Electronics,Kolkata,East,4,1527.65,6110.6,798.26,Card
ORD4361,2024-11-20,Priya,Mouse,Electronics,Pune,West,3,839.79,2519.37,626.2,Net Banking
ORD4362,2024-04-07,Rohit,Backpack,Accessories,Pune,West,6,1890.23,11341.38,1302.78,UPI
ORD4363,2024-06-02,Ananya,Desk,Furniture,Hyderabad,South,10,7504.8,75048.0,13513.69,Card
ORD4364,2024-12-07,Rahul,Office Chair,Furniture,Pune,West,9,9089.02,81801.18,7655.53,Card
ORD4365,2024-02-15,Rohit,Pen Set,Stationery,Kolkata,East,7,208.74,1461.18,257.78,Net Banking
ORD4366,2024-04-21,Kiran,Desk,Furniture,Bengaluru,South,7,7254.7,50782.9,8816.91,Card
ORD4367,2024-03-27,Kiran,Notebook,Stationery,Chennai,South,1,110.52,110.52,16.16,UPI
ORD4368,2024-10-26,Ananya,Smartphone,Electronics,Kolkata,East,4,30406.12,121624.48,15356.12,UPI
ORD4369,2024-08-31,Neha,Monitor,Electronics,Mumbai,West,4,14316.53,57266.12,7228.27,Net Banking
ORD4370,2024-01-24,Sanjay,Desk,Furniture,Mumbai,West,5,7046.87,35234.35,3420.07,Cash
ORD4371,2024-04-20,Ananya,Smartphone,Electronics,Bengaluru,South,2,32189.85,64379.7,10552.87,UPI
ORD4372,2024-10-23,Aisha,Keyboard,Electronics,Chennai,South,2,1470.14,2940.28,722.73,UPI
ORD4373,2024-01-20,Priya,Laptop,Electronics,Bengaluru,South,5,56717.73,283588.65,67170.57,Net Banking
ORD4374,2024-02-07,Neha,Office Chair,Furniture,Chennai,South,7,9207.16,64450.12,16104.33,UPI
ORD4375,2024-04-12,Sneha,Monitor,Electronics,Pune,West,3,13865.98,41597.94,9307.85,Cash
ORD4376,2024-04-11,Rahul,Keyboard,Electronics,Pune,West,3,1648.92,4946.76,571.94,Net Banking
ORD4377,2024-10-29,Rahul,Laptop,Electronics,Ahmedabad,West,10,60328.07,603280.7,58125.26,Card
ORD4378,2024-02-20,Sanjay,Printer,Electronics,Kolkata,East,1,10991.61,10991.61,2350.28,UPI
ORD4379,2024-02-20,Rohit,Desk,Furniture,Chennai,South,4,7527.67,30110.68,6415.3,Cash
ORD4380,2024-01-03,Priya,Laptop,Electronics,Hyderabad,South,5,59468.33,297341.65,57604.35,UPI
ORD4381,2024-11-19,Sneha,Keyboard,Electronics,Chennai,South,2,1389.76,2779.52,474.51,Cash
ORD4382,2024-08-11,Vikram,Headphones,Electronics,Ahmedabad,West,2,2636.3,5272.6,966.4,Cash
ORD4383,2024-02-06,Arjun,Desk,Furniture,Kolkata,East,5,7504.26,37521.3,4197.84,UPI
ORD4384,2024-07-13,Rahul,Laptop,Electronics,Ahmedabad,West,5,56261.33,281306.65,27822.29,Cash
ORD4385,2024-01-25,Rahul,Headphones,Electronics,Mumbai,West,3,2309.49,6928.47,888.74,Card
ORD4386,2024-12-05,Divya,Smartphone,Electronics,Delhi,North,4,28988.98,115955.92,17377.62,Card
ORD4387,2024-06-21,Priya,Office Chair,Furniture,Chennai,South,7,8581.37,60069.59,13119.52,Cash
ORD4388,2024-11-20,Kiran,Headphones,Electronics,Ahmedabad,West,5,2696.71,13483.55,1083.31,Cash
ORD4389,2024-11-10,Sneha,Desk,Furniture,Chennai,South,8,7117.25,56938.0,10335.72,Cash
ORD4390,2024-11-02,Arjun,Office Chair,Furniture,Kolkata,East,10,8129.96,81299.6,14384.84,UPI
ORD4391,2024-06-23,Divya,Laptop,Electronics,Delhi,North,2,55999.32,111998.64,20929.59,Net Banking
ORD4392,2024-05-31,Neha,Mouse,Electronics,Kolkata,East,4,778.5,3114.0,661.13,Card
ORD4393,2024-03-09,Pooja,Headphones,Electronics,Ahmedabad,West,2,2477.84,4955.68,724.78,Cash
ORD4394,2024-08-31,Ananya,Office Chair,Furniture,Delhi,North,1,8090.28,8090.28,1849.23,UPI
ORD4395,2024-07-12,Meera,Smartphone,Electronics,Pune,West,5,27667.39,138336.95,16299.13,Net Banking
ORD4396,2024-02-22,Neha,Headphones,Electronics,Pune,West,1,2643.73,2643.73,441.59,UPI
ORD4397,2024-05-19,Pooja,Laptop,Electronics,Kolkata,East,7,55456.45,388195.15,34948.85,UPI
ORD4398,2024-03-27,Arjun,Desk,Furniture,Hyderabad,South,9,6497.01,58473.09,9366.87,UPI
ORD4399,2024-03-16,Priya,Smartphone,Electronics,Delhi,North,3,27840.04,83520.12,8709.5,Card
ORD4400,2024-06-16,Sanjay,Printer,Electronics,Hyderabad,South,5,10831.61,54158.05,6889.56,Card
ORD4401,2024-06-01,Ananya,Printer,Electronics,Mumbai,West,6,13199.82,79198.92,14293.77,UPI
ORD4402,2024-08-19,Rohit,Keyboard,Electronics,Chennai,South,1,1567.89,1567.89,273.16,UPI
ORD4403,2024-06-26,Aisha,Monitor,Electronics,Delhi,North,2,15613.59,31227.18,7467.11,UPI
ORD4404,2024-03-15,Priya,Mouse,Electronics,Mumbai,West,6,874.75,5248.5,1261.87,Card
ORD4405,2024-12-06,Kiran,Laptop,Electronics,Kolkata,East,5,50794.26,253971.3,50549.31,Net Banking
ORD4406,2024-01-15,Priya,Printer,Electronics,Bengaluru,South,10,12622.01,126220.1,21345.39,UPI
ORD4407,2024-12-30,Kiran,Smartphone,Electronics,Bengaluru,South,5,27613.96,138069.8,17798.4,Card
ORD4408,2024-09-18,Pooja,Keyboard,Electronics,Chennai,South,10,1449.87,14498.7,3030.8,UPI
ORD4409,2024-08-20,Sneha,Pen Set,Stationery,Pune,West,5,198.78,993.9,148.79,Card
ORD4410,2024-10-11,Neha,Printer,Electronics,Bengaluru,South,3,11004.01,33012.03,5502.77,Card
ORD4411,2024-10-13,Aisha,Laptop,Electronics,Kolkata,East,4,57816.1,231264.4,38069.06,UPI
ORD4412,2024-12-07,Priya,Pen Set,Stationery,Mumbai,West,8,202.33,1618.64,342.23,UPI
ORD4413,2024-07-25,Rohit,Monitor,Electronics,Ahmedabad,West,5,16293.49,81467.45,19035.37,UPI
ORD4414,2024-09-09,Pooja,Mouse,Electronics,Delhi,North,9,771.71,6945.39,962.37,Cash
ORD4415,2024-10-21,Neha,Notebook,Stationery,Pune,West,1,121.07,121.07,15.41,UPI
ORD4416,2024-07-02,Neha,Office Chair,Furniture,Kolkata,East,10,8733.98,87339.8,17224.28,Card
ORD4417,2024-07-17,Kiran,Printer,Electronics,Kolkata,East,1,11705.43,11705.43,2384.88,Net Banking
ORD4418,2024-08-15,Neha,Desk,Furniture,Mumbai,West,4,6933.29,27733.16,3507.49,UPI
ORD4419,2024-04-24,Divya,Smartphone,Electronics,Kolkata,East,6,27863.41,167180.46,25151.24,UPI
ORD4420,2024-09-19,Sneha,Keyboard,Electronics,Bengaluru,South,3,1457.31,4371.93,821.72,Card
ORD4421,2024-07-22,Sneha,Desk,Furniture,Kolkata,East,10,7159.29,71592.9,13518.54,Cash
ORD4422,2024-01-05,Meera,Keyboard,Electronics,Ahmedabad,West,8,1607.9,12863.2,1423.44,Cash
ORD4423,2024-03-30,Arjun,Pen Set,Stationery,Hyderabad,South,4,209.76,839.04,195.63,Cash
ORD4424,2024-03-05,Sneha,Printer,Electronics,Bengaluru,South,1,11457.38,11457.38,1801.59,UPI
ORD4425,2024-11-03,Rahul,Backpack,Accessories,Delhi,North,6,1708.78,10252.68,2342.0,Cash
ORD4426,2024-10-26,Neha,Printer,Electronics,Delhi,North,6,11900.49,71402.94,15979.52,UPI
ORD4427,2024-03-24,Sneha,Office Chair,Furniture,Hyderabad,South,8,8607.27,68858.16,9943.12,Card
ORD4428,2024-04-23,Aisha,Mouse,Electronics,Ahmedabad,West,1,758.27,758.27,159.0,Card
ORD4429,2024-04-23,Sanjay,Notebook,Stationery,Delhi,North,10,114.99,1149.9,127.43,UPI
ORD4430,2024-01-11,Neha,Mouse,Electronics,Hyderabad,South,9,781.9,7037.1,618.11,Card
ORD4431,2024-11-12,Rohit,Notebook,Stationery,Kolkata,East,7,112.41,786.87,180.9,UPI
ORD4432,2024-11-03,Priya,Desk,Furniture,Hyderabad,South,2,6979.52,13959.04,3374.14,Card
ORD4433,2024-03-31,Neha,Laptop,Electronics,Pune,West,2,53979.98,107959.96,18576.41,UPI
ORD4434,2024-11-05,Arjun,Mouse,Electronics,Mumbai,West,10,748.17,7481.7,1115.08,Net Banking
ORD4435,2024-01-17,Arjun,Laptop,Electronics,Kolkata,East,4,60348.23,241392.92,52937.26,UPI
ORD4436,2024-07-02,Ananya,Monitor,Electronics,Hyderabad,South,9,13635.47,122719.23,20908.73,Card
ORD4437,2024-02-24,Rohit,Headphones,Electronics,Bengaluru,South,7,2297.61,16083.27,2886.25,Card
ORD4438,2024-11-05,Vikram,Pen Set,Stationery,Mumbai,West,4,194.95,779.8,92.3,UPI
ORD4439,2024-12-28,Rohit,Notebook,Stationery,Bengaluru,South,1,109.4,109.4,9.16,Cash
ORD4440,2024-07-11,Nikhil,Office Chair,Furniture,Chennai,South,7,7898.58,55290.06,12334.48,Cash
ORD4441,2024-11-03,Sneha,Backpack,Accessories,Ahmedabad,West,2,1805.08,3610.16,514.95,UPI
ORD4442,2024-03-14,Arjun,Backpack,Accessories,Ahmedabad,West,10,1979.1,19791.0,4314.88,UPI
ORD4443,2024-07-16,Aisha,Keyboard,Electronics,Delhi,North,4,1391.01,5564.04,666.78,Net Banking
ORD4444,2024-05-27,Sanjay,Desk,Furniture,Chennai,South,5,6764.1,33820.5,4370.84,Card
ORD4445,2024-06-29,Arjun,Desk,Furniture,Bengaluru,South,2,7160.91,14321.82,3446.5,UPI
ORD4446,2024-08-07,Kiran,Smartphone,Electronics,Ahmedabad,West,8,29567.45,236539.6,35841.05,UPI
ORD4447,2024-02-04,Priya,Mouse,Electronics,Hyderabad,South,8,823.7,6589.6,1378.17,UPI
ORD4448,2024-06-13,Vikram,Notebook,Stationery,Hyderabad,South,9,110.08,990.72,197.2,UPI
ORD4449,2024-02-05,Aisha,Office Chair,Furniture,Chennai,South,10,7751.79,77517.9,7941.53,UPI
ORD4450,2024-07-16,Aisha,Office Chair,Furniture,Ahmedabad,West,9,8805.58,79250.22,12292.17,Net Banking
ORD4451,2024-04-11,Aisha,Pen Set,Stationery,Kolkata,East,4,193.41,773.64,79.71,Net Banking
ORD4452,2024-07-12,Sanjay,Smartphone,Electronics,Delhi,North,10,27931.87,279318.7,63609.47,Cash
ORD4453,2024-02-12,Sneha,Pen Set,Stationery,Delhi,North,7,188.83,1321.81,217.64,Card
ORD4454,2024-05-05,Vikram,Notebook,Stationery,Pune,West,4,108.52,434.08,36.86,Cash
ORD4455,2024-03-14,Sneha,Monitor,Electronics,Hyderabad,South,4,15609.12,62436.48,5771.34,Net Banking
ORD4456,2024-09-02,Pooja,Mouse,Electronics,Kolkata,East,7,818.02,5726.14,581.53,Cash
ORD4457,2024-07-30,Kiran,Smartphone,Electronics,Ahmedabad,West,9,28210.23,253892.07,49791.26,UPI
ORD4458,2024-05-20,Aisha,Mouse,Electronics,Mumbai,West,9,742.31,6680.79,641.5,UPI
ORD4459,2024-04-04,Divya,Office Chair,Furniture,Delhi,North,3,8840.56,26521.68,3893.28,Net Banking
ORD4460,2024-05-23,Kiran,Monitor,Electronics,Delhi,North,2,15916.45,31832.9,5186.69,Cash
ORD4461,2024-07-19,Kiran,Monitor,Electronics,Mumbai,West,8,16350.55,130804.4,18590.36,Net Banking
ORD4462,2024-05-30,Rohit,Notebook,Stationery,Ahmedabad,West,7,114.24,799.68,123.97,Net Banking
ORD4463,2024-12-28,Kiran,Headphones,Electronics,Hyderabad,South,5,2657.07,13285.35,2367.7,UPI
ORD4464,2024-07-30,Rohit,Laptop,Electronics,Pune,West,7,56380.22,394661.54,52700.43,Card
ORD4465,2024-02-26,Priya,Notebook,Stationery,Kolkata,East,6,117.19,703.14,167.28,UPI
ORD4466,2024-04-01,Rohit,Office Chair,Furniture,Hyderabad,South,8,9138.89,73111.12,14685.36,Card
ORD4467,2024-04-20,Sneha,Backpack,Accessories,Delhi,North,1,1841.0,1841.0,330.15,Cash
ORD4468,2024-12-02,Kiran,Headphones,Electronics,Chennai,South,3,2537.76,7613.28,998.84,UPI
ORD4469,2024-10-08,Sanjay,Headphones,Electronics,Hyderabad,South,4,2396.35,9585.4,1570.88,UPI
ORD4470,2024-03-11,Kiran,Keyboard,Electronics,Delhi,North,8,1566.91,12535.28,1990.84,UPI
ORD4471,2024-11-28,Rohit,Printer,Electronics,Pune,West,1,11901.49,11901.49,1364.08,Card
ORD4472,2024-03-14,Pooja,Smartphone,Electronics,Pune,West,8,30333.0,242664.0,54101.67,Card
ORD4473,2024-12-23,Nikhil,Monitor,Electronics,Ahmedabad,West,3,15580.25,46740.75,11100.88,Cash
ORD4474,2024-08-15,Ananya,Mouse,Electronics,Chennai,South,7,798.12,5586.84,1174.41,Net Banking
ORD4475,2024-09-23,Divya,Monitor,Electronics,Kolkata,East,4,15512.71,62050.84,13916.73,Card
ORD4476,2024-03-18,Ananya,Laptop,Electronics,Chennai,South,2,60372.83,120745.66,27790.55,UPI
ORD4477,2024-05-09,Pooja,Backpack,Accessories,Pune,West,9,1950.52,17554.68,1781.89,Card
ORD4478,2024-07-14,Ananya,Monitor,Electronics,Mumbai,West,7,16047.35,112331.45,21889.82,Card
ORD4479,2024-12-23,Arjun,Backpack,Accessories,Kolkata,East,8,1880.56,15044.48,2835.63,Net Banking
ORD4480,2024-08-10,Neha,Laptop,Electronics,Delhi,North,5,56172.49,280862.45,36126.45,Card
ORD4481,2024-01-27,Rahul,Laptop,Electronics,Delhi,North,7,52579.25,368054.75,74193.47,Card
ORD4482,2024-10-15,Neha,Headphones,Electronics,Pune,West,10,2434.8,24348.0,5537.18,Card
ORD4483,2024-05-29,Divya,Mouse,Electronics,Bengaluru,South,1,732.39,732.39,170.51,UPI
ORD4484,2024-11-24,Ananya,Desk,Furniture,Delhi,North,9,7301.55,65713.95,15250.77,UPI
ORD4485,2024-05-24,Ananya,Monitor,Electronics,Bengaluru,South,5,14265.84,71329.2,6532.57,Cash
ORD4486,2024-06-23,Rahul,Monitor,Electronics,Chennai,South,6,14717.0,88302.0,20478.67,Card
ORD4487,2024-09-20,Aisha,Mouse,Electronics,Mumbai,West,9,821.49,7393.41,720.97,Card
ORD4488,2024-04-10,Ananya,Desk,Furniture,Pune,West,8,6747.61,53980.88,8959.02,UPI
ORD4489,2024-08-17,Rahul,Smartphone,Electronics,Kolkata,East,9,32588.38,293295.42,42481.98,Net Banking
ORD4490,2024-01-20,Priya,Desk,Furniture,Pune,West,1,6427.69,6427.69,1527.31,Net Banking
ORD4491,2024-10-13,Aisha,Pen Set,Stationery,Chennai,South,7,215.9,1511.3,256.33,Card
ORD4492,2024-07-18,Divya,Desk,Furniture,Chennai,South,7,6430.77,45015.39,6400.66,Net Banking
ORD4493,2024-07-16,Vikram,Smartphone,Electronics,Chennai,South,10,30427.72,304277.2,67099.91,Cash
ORD4494,2024-01-22,Nikhil,Notebook,Stationery,Mumbai,West,4,111.84,447.36,40.78,Cash
ORD4495,2024-07-01,Aisha,Laptop,Electronics,Delhi,North,9,51781.17,466030.53,52302.85,UPI
ORD4496,2024-10-06,Kiran,Notebook,Stationery,Delhi,North,7,115.85,810.95,162.15,Card
ORD4497,2024-09-17,Priya,Mouse,Electronics,Mumbai,West,4,812.56,3250.24,587.82,Cash
ORD4498,2024-12-24,Vikram,Headphones,Electronics,Kolkata,East,7,2579.73,18058.11,1734.03,Cash
ORD4499,2024-05-17,Neha,Printer,Electronics,Bengaluru,South,2,12435.17,24870.34,4270.3,Net Banking
ORD4500,2024-04-13,Ananya,Office Chair,Furniture,Ahmedabad,West,10,9127.31,91273.1,7368.58,Card
ORD4501,2024-04-01,Vikram,Printer,Electronics,Delhi,North,4,11178.22,44712.88,9853.57,Net Banking
ORD4502,2024-12-29,Ananya,Office Chair,Furniture,Mumbai,West,5,8188.31,40941.55,7715.65,Card
ORD4503,2024-02-24,Arjun,Mouse,Electronics,Hyderabad,South,9,779.3,7013.7,918.59,UPI
ORD4504,2024-10-15,Neha,Printer,Electronics,Ahmedabad,West,4,13059.3,52237.2,4246.95,Net Banking
ORD4505,2024-03-26,Vikram,Headphones,Electronics,Bengaluru,South,8,2632.76,21062.08,2486.15,Net Banking
ORD4506,2024-05-29,Priya,Desk,Furniture,Ahmedabad,West,2,6469.22,12938.44,2706.62,Cash
ORD4507,2024-11-04,Ananya,Headphones,Electronics,Ahmedabad,West,9,2710.77,24396.93,2774.7,UPI
ORD4508,2024-05-22,Priya,Desk,Furniture,Chennai,South,3,6402.46,19207.38,4237.87,Card
ORD4509,2024-01-27,Kiran,Keyboard,Electronics,Pune,West,8,1414.98,11319.84,2209.95,Net Banking
ORD4510,2024-12-30,Neha,Backpack,Accessories,Ahmedabad,West,8,1653.82,13230.56,2450.79,Net Banking
ORD4511,2024-08-10,Kiran,Smartphone,Electronics,Ahmedabad,West,2,29257.19,58514.38,11741.61,Net Banking
ORD4512,2024-12-14,Divya,Office Chair,Furniture,Ahmedabad,West,7,8153.19,57072.33,10457.56,Card
ORD4513,2024-07-06,Priya,Monitor,Electronics,Pune,West,5,13548.23,67741.15,12501.55,Card
ORD4514,2024-08-22,Rohit,Keyboard,Electronics,Hyderabad,South,7,1554.65,10882.55,1545.0,Card
ORD4515,2024-05-12,Arjun,Backpack,Accessories,Hyderabad,South,3,1921.6,5764.8,1029.06,UPI
ORD4516,2024-05-04,Divya,Desk,Furniture,Bengaluru,South,6,7270.59,43623.54,7036.52,UPI
ORD4517,2024-02-12,Neha,Smartphone,Electronics,Delhi,North,8,31731.54,253852.32,45629.05,Cash
ORD4518,2024-03-18,Divya,Laptop,Electronics,Chennai,South,1,50261.67,50261.67,10077.6,UPI
ORD4519,2024-04-16,Aisha,Laptop,Electronics,Bengaluru,South,3,53914.58,161743.74,28351.94,Cash
ORD4520,2024-04-14,Arjun,Desk,Furniture,Delhi,North,10,6938.0,69380.0,12111.8,Cash
ORD4521,2024-04-05,Rahul,Keyboard,Electronics,Mumbai,West,6,1497.6,8985.6,855.2,Cash
ORD4522,2024-07-15,Arjun,Notebook,Stationery,Kolkata,East,8,121.68,973.44,213.28,Net Banking
ORD4523,2024-03-20,Ananya,Pen Set,Stationery,Kolkata,East,5,207.15,1035.75,125.13,Card
ORD4524,2024-07-05,Priya,Smartphone,Electronics,Ahmedabad,West,3,31903.72,95711.16,14290.02,Card
ORD4525,2024-10-30,Neha,Keyboard,Electronics,Kolkata,East,9,1449.92,13049.28,2948.0,Card
ORD4526,2024-01-18,Nikhil,Backpack,Accessories,Ahmedabad,West,3,1724.44,5173.32,448.51,Card
ORD4527,2024-07-12,Pooja,Laptop,Electronics,Kolkata,East,1,50449.97,50449.97,9752.57,UPI
ORD4528,2024-05-23,Arjun,Mouse,Electronics,Chennai,South,10,723.85,7238.5,1521.3,Card
ORD4529,2024-01-30,Neha,Desk,Furniture,Chennai,South,7,7636.1,53452.7,6120.13,Card
ORD4530,2024-07-14,Rohit,Monitor,Electronics,Delhi,North,7,16035.05,112245.35,26335.9,Card
ORD4531,2024-01-27,Meera,Laptop,Electronics,Chennai,South,1,50125.51,50125.51,4331.43,Card
ORD4532,2024-06-07,Sanjay,Smartphone,Electronics,Ahmedabad,West,9,27683.75,249153.75,20082.73,UPI
ORD4533,2024-06-20,Meera,Headphones,Electronics,Mumbai,West,6,2599.51,15597.06,1986.68,Card
ORD4534,2024-05-14,Nikhil,Notebook,Stationery,Bengaluru,South,10,125.75,1257.5,111.15,Card
ORD4535,2024-08-01,Divya,Pen Set,Stationery,Ahmedabad,West,7,196.99,1378.93,167.15,Card
ORD4536,2024-03-11,Aisha,Printer,Electronics,Bengaluru,South,9,12693.29,114239.61,10738.42,Net Banking
ORD4537,2024-10-19,Sneha,Printer,Electronics,Chennai,South,6,12847.32,77083.92,17504.75,Net Banking
ORD4538,2024-04-22,Rahul,Backpack,Accessories,Pune,West,8,1924.85,15398.8,3514.14,UPI
ORD4539,2024-05-05,Ananya,Laptop,Electronics,Delhi,North,9,59915.65,539240.85,104956.94,Net Banking
ORD4540,2024-03-12,Rahul,Desk,Furniture,Mumbai,West,10,6927.01,69270.1,11474.76,UPI
ORD4541,2024-08-30,Divya,Backpack,Accessories,Pune,West,3,1860.22,5580.66,1021.76,Cash
ORD4542,2024-09-02,Nikhil,Pen Set,Stationery,Bengaluru,South,2,196.22,392.44,63.81,UPI
ORD4543,2024-12-02,Meera,Printer,Electronics,Ahmedabad,West,8,11755.51,94044.08,21879.37,Card
ORD4544,2024-12-07,Kiran,Office Chair,Furniture,Mumbai,West,7,8576.07,60032.49,14049.33,UPI
ORD4545,2024-10-30,Priya,Smartphone,Electronics,Kolkata,East,3,29759.34,89278.02,13236.19,Card
ORD4546,2024-09-20,Ananya,Office Chair,Furniture,Kolkata,East,7,8404.55,58831.85,13015.75,Card
ORD4547,2024-06-15,Priya,Desk,Furniture,Kolkata,East,2,7629.44,15258.88,3787.51,Card
ORD4548,2024-06-11,Rohit,Printer,Electronics,Bengaluru,South,8,11499.44,91995.52,16488.77,UPI
ORD4549,2024-03-18,Divya,Headphones,Electronics,Delhi,North,6,2561.24,15367.44,2484.09,Cash
ORD4550,2024-04-06,Neha,Notebook,Stationery,Ahmedabad,West,7,115.11,805.77,139.67,Cash
ORD4551,2024-12-29,Neha,Backpack,Accessories,Bengaluru,South,6,1630.56,9783.36,903.15,Cash
ORD4552,2024-06-17,Vikram,Smartphone,Electronics,Ahmedabad,West,2,32351.65,64703.3,13763.71,Card
ORD4553,2024-06-29,Sanjay,Notebook,Stationery,Chennai,South,3,122.17,366.51,88.45,Net Banking
ORD4554,2024-02-28,Sanjay,Mouse,Electronics,Chennai,South,9,805.26,7247.34,678.69,Cash
ORD4555,2024-01-23,Ananya,Printer,Electronics,Kolkata,East,1,10934.6,10934.6,2085.81,Card
ORD4556,2024-08-16,Meera,Keyboard,Electronics,Pune,West,10,1561.2,15612.0,1729.2,Net Banking
ORD4557,2024-03-13,Rohit,Mouse,Electronics,Ahmedabad,West,1,820.23,820.23,155.22,Card
ORD4558,2024-11-20,Ananya,Laptop,Electronics,Chennai,South,2,57541.95,115083.9,12139.89,UPI
ORD4559,2024-01-12,Divya,Pen Set,Stationery,Kolkata,East,1,199.74,199.74,21.78,Cash
ORD4560,2024-11-05,Arjun,Headphones,Electronics,Hyderabad,South,3,2363.53,7090.59,795.11,UPI
ORD4561,2024-09-12,Aisha,Pen Set,Stationery,Bengaluru,South,7,186.73,1307.11,113.87,Card
ORD4562,2024-11-29,Nikhil,Laptop,Electronics,Hyderabad,South,5,58140.46,290702.3,67965.83,Net Banking
ORD4563,2024-11-21,Sneha,Headphones,Electronics,Pune,West,10,2475.62,24756.2,2987.26,UPI
ORD4564,2024-11-24,Pooja,Backpack,Accessories,Delhi,North,8,1938.29,15506.32,3060.4,Cash
ORD4565,2024-09-10,Sneha,Keyboard,Electronics,Kolkata,East,10,1460.24,14602.4,2181.03,UPI
ORD4566,2024-07-04,Aisha,Backpack,Accessories,Kolkata,East,9,1945.16,17506.44,3748.61,Cash
ORD4567,2024-05-23,Divya,Keyboard,Electronics,Delhi,North,4,1426.32,5705.28,1159.17,Net Banking
ORD4568,2024-12-07,Nikhil,Printer,Electronics,Kolkata,East,6,13025.95,78155.7,13083.21,Cash
ORD4569,2024-12-04,Neha,Printer,Electronics,Mumbai,West,5,12147.75,60738.75,13699.35,Cash
ORD4570,2024-04-20,Divya,Pen Set,Stationery,Kolkata,East,3,214.19,642.57,142.3,Net Banking
ORD4571,2024-08-23,Vikram,Keyboard,Electronics,Delhi,North,4,1396.28,5585.12,1264.0,Cash
ORD4572,2024-05-28,Arjun,Printer,Electronics,Ahmedabad,West,1,13018.35,13018.35,3035.69,Card
ORD4573,2024-11-28,Sneha,Pen Set,Stationery,Kolkata,East,10,202.43,2024.3,388.0,Cash
ORD4574,2024-01-17,Kiran,Monitor,Electronics,Kolkata,East,10,15571.53,155715.3,35395.41,UPI
ORD4575,2024-01-17,Rohit,Backpack,Accessories,Pune,West,6,1907.9,11447.4,1618.67,Card
ORD4576,2024-01-05,Ananya,Printer,Electronics,Pune,West,7,11912.35,83386.45,17059.1,Net Banking
ORD4577,2024-04-10,Rohit,Monitor,Electronics,Pune,West,3,16253.3,48759.9,10185.3,UPI
ORD4578,2024-03-13,Sanjay,Backpack,Accessories,Ahmedabad,West,8,1701.82,13614.56,2797.95,Cash
ORD4579,2024-02-02,Divya,Keyboard,Electronics,Delhi,North,1,1422.51,1422.51,337.58,Card
ORD4580,2024-12-18,Nikhil,Mouse,Electronics,Delhi,North,2,776.7,1553.4,302.94,UPI
ORD4581,2024-02-18,Sneha,Keyboard,Electronics,Delhi,North,1,1547.38,1547.38,376.17,Card
ORD4582,2024-05-15,Pooja,Mouse,Electronics,Mumbai,West,2,742.28,1484.56,235.87,Card
ORD4583,2024-04-06,Rahul,Monitor,Electronics,Ahmedabad,West,10,16075.42,160754.2,33586.94,UPI
ORD4584,2024-05-20,Sanjay,Smartphone,Electronics,Hyderabad,South,4,30940.92,123763.68,22022.23,Card
ORD4585,2024-03-17,Meera,Office Chair,Furniture,Delhi,North,3,9154.36,27463.08,6011.93,Net Banking
ORD4586,2024-12-20,Ananya,Pen Set,Stationery,Kolkata,East,3,212.24,636.72,88.17,Cash
ORD4587,2024-06-28,Kiran,Desk,Furniture,Mumbai,West,9,6569.41,59124.69,11915.7,Cash
ORD4588,2024-01-21,Pooja,Mouse,Electronics,Chennai,South,5,821.11,4105.55,629.53,UPI
ORD4589,2024-06-04,Kiran,Notebook,Stationery,Mumbai,West,6,110.25,661.5,106.52,Cash
ORD4590,2024-08-01,Priya,Mouse,Electronics,Mumbai,West,8,831.77,6654.16,1577.35,Net Banking
ORD4591,2024-05-08,Divya,Headphones,Electronics,Chennai,South,7,2477.81,17344.67,2117.21,UPI
ORD4592,2024-08-04,Nikhil,Headphones,Electronics,Chennai,South,6,2665.23,15991.38,2297.54,Card
ORD4593,2024-09-20,Sneha,Office Chair,Furniture,Pune,West,2,7945.46,15890.92,2417.54,UPI
ORD4594,2024-01-31,Divya,Printer,Electronics,Ahmedabad,West,7,11183.48,78284.36,14103.43,Card
ORD4595,2024-11-12,Rohit,Smartphone,Electronics,Kolkata,East,4,27121.07,108484.28,24245.59,Cash
ORD4596,2024-01-17,Nikhil,Smartphone,Electronics,Kolkata,East,8,32646.15,261169.2,34691.1,Cash
ORD4597,2024-08-02,Vikram,Backpack,Accessories,Hyderabad,South,3,1949.18,5847.54,1167.54,Card
ORD4598,2024-04-27,Sanjay,Pen Set,Stationery,Chennai,South,3,218.09,654.27,76.29,UPI
ORD4599,2024-01-30,Priya,Keyboard,Electronics,Delhi,North,2,1547.27,3094.54,589.62,Cash
ORD4600,2024-12-13,Priya,Notebook,Stationery,Mumbai,West,7,115.15,806.05,70.81,Card
ORD4601,2024-07-04,Pooja,Backpack,Accessories,Mumbai,West,2,1708.67,3417.34,350.37,Cash
ORD4602,2024-02-26,Nikhil,Desk,Furniture,Kolkata,East,8,6558.73,52469.84,9635.44,Cash
ORD4603,2024-02-13,Meera,Keyboard,Electronics,Bengaluru,South,5,1538.61,7693.05,869.27,Card
ORD4604,2024-04-25,Neha,Pen Set,Stationery,Pune,West,4,197.44,789.76,145.76,UPI
ORD4605,2024-11-24,Rahul,Laptop,Electronics,Hyderabad,South,10,54821.9,548219.0,54920.25,Cash
ORD4606,2024-12-10,Neha,Laptop,Electronics,Kolkata,East,3,57016.52,171049.56,17019.04,Net Banking
ORD4607,2024-02-02,Neha,Notebook,Stationery,Hyderabad,South,7,129.68,907.76,220.76,Net Banking
ORD4608,2024-12-16,Rohit,Monitor,Electronics,Hyderabad,South,9,13834.63,124511.67,19006.87,UPI
ORD4609,2024-03-20,Priya,Backpack,Accessories,Bengaluru,South,9,1796.1,16164.9,3546.85,UPI
ORD4610,2024-06-13,Vikram,Notebook,Stationery,Mumbai,West,7,121.61,851.27,79.03,Card
ORD4611,2024-01-14,Kiran,Pen Set,Stationery,Ahmedabad,West,7,211.12,1477.84,146.84,Card
ORD4612,2024-06-26,Sanjay,Notebook,Stationery,Ahmedabad,West,8,108.02,864.16,163.66,UPI
ORD4613,2024-01-06,Pooja,Mouse,Electronics,Mumbai,West,1,760.69,760.69,101.95,Card
ORD4614,2024-10-13,Vikram,Laptop,Electronics,Hyderabad,South,7,57666.41,403664.87,68028.16,UPI
ORD4615,2024-06-10,Meera,Monitor,Electronics,Pune,West,6,16141.49,96848.94,10548.51,Net Banking
ORD4616,2024-05-19,Ananya,Desk,Furniture,Kolkata,East,1,6632.84,6632.84,1409.14,Card
ORD4617,2024-02-05,Meera,Keyboard,Electronics,Kolkata,East,8,1553.83,12430.64,1623.34,Card
ORD4618,2024-05-04,Sanjay,Monitor,Electronics,Kolkata,East,9,15014.97,135134.73,11836.6,Card
ORD4619,2024-02-21,Arjun,Desk,Furniture,Hyderabad,South,2,6367.86,12735.72,2643.4,Card
ORD4620,2024-03-17,Ananya,Keyboard,Electronics,Kolkata,East,1,1380.17,1380.17,183.27,UPI
ORD4621,2024-10-08,Nikhil,Monitor,Electronics,Hyderabad,South,6,15888.28,95329.68,10443.19,Card
ORD4622,2024-11-22,Divya,Pen Set,Stationery,Chennai,South,7,200.92,1406.44,285.54,Card
ORD4623,2024-12-14,Rahul,Office Chair,Furniture,Bengaluru,South,4,8563.7,34254.8,6681.24,Net Banking
ORD4624,2024-10-30,Nikhil,Monitor,Electronics,Kolkata,East,10,13537.89,135378.9,28070.09,Cash
ORD4625,2024-01-12,Kiran,Pen Set,Stationery,Ahmedabad,West,7,199.29,1395.03,122.55,Card
ORD4626,2024-01-05,Vikram,Smartphone,Electronics,Pune,West,2,31683.26,63366.52,15481.01,UPI
ORD4627,2024-01-15,Pooja,Office Chair,Furniture,Mumbai,West,5,8603.07,43015.35,9813.15,Cash
ORD4628,2024-02-11,Pooja,Smartphone,Electronics,Hyderabad,South,4,29752.67,119010.68,20225.23,UPI
ORD4629,2024-07-04,Sneha,Notebook,Stationery,Chennai,South,10,114.36,1143.6,216.41,Cash
ORD4630,2024-07-18,Sanjay,Office Chair,Furniture,Ahmedabad,West,3,8698.62,26095.86,3614.27,UPI
ORD4631,2024-08-12,Vikram,Notebook,Stationery,Hyderabad,South,8,118.27,946.16,88.28,UPI
ORD4632,2024-06-30,Divya,Backpack,Accessories,Kolkata,East,3,1924.72,5774.16,698.03,UPI
ORD4633,2024-04-22,Ananya,Headphones,Electronics,Kolkata,East,7,2711.83,18982.81,2940.54,Cash
ORD4634,2024-09-25,Vikram,Mouse,Electronics,Ahmedabad,West,4,793.4,3173.6,359.42,Cash
ORD4635,2024-05-27,Aisha,Laptop,Electronics,Hyderabad,South,3,51891.57,155674.71,29795.68,Net Banking
ORD4636,2024-03-31,Vikram,Smartphone,Electronics,Pune,West,5,31724.75,158623.75,36574.97,Net Banking
ORD4637,2024-02-06,Pooja,Monitor,Electronics,Mumbai,West,1,14390.57,14390.57,2814.74,Net Banking
ORD4638,2024-07-10,Priya,Office Chair,Furniture,Chennai,South,5,7946.0,39730.0,7710.01,Cash
ORD4639,2024-08-03,Arjun,Printer,Electronics,Mumbai,West,2,12242.32,24484.64,6080.99,Net Banking
ORD4640,2024-07-12,Meera,Keyboard,Electronics,Ahmedabad,West,1,1602.52,1602.52,233.99,Net Banking
ORD4641,2024-04-28,Ananya,Notebook,Stationery,Ahmedabad,West,1,113.19,113.19,19.66,UPI
ORD4642,2024-04-26,Divya,Keyboard,Electronics,Mumbai,West,8,1554.87,12438.96,2941.7,Card
ORD4643,2024-03-15,Pooja,Backpack,Accessories,Chennai,South,6,1827.6,10965.6,1214.89,UPI
ORD4644,2024-11-02,Arjun,Pen Set,Stationery,Hyderabad,South,8,217.4,1739.2,252.46,Cash
ORD4645,2024-12-17,Priya,Smartphone,Electronics,Bengaluru,South,5,27299.28,136496.4,28156.55,UPI
ORD4646,2024-09-02,Rahul,Smartphone,Electronics,Ahmedabad,West,3,27769.69,83309.07,8886.52,Card
ORD4647,2024-07-24,Aisha,Laptop,Electronics,Chennai,South,9,50756.34,456807.06,90634.61,UPI
ORD4648,2024-09-23,Aisha,Desk,Furniture,Delhi,North,8,7036.15,56289.2,11480.0,Cash
ORD4649,2024-11-03,Ananya,Notebook,Stationery,Ahmedabad,West,5,121.96,609.8,95.31,Cash
ORD4650,2024-10-06,Sanjay,Headphones,Electronics,Hyderabad,South,2,2495.17,4990.34,492.87,Net Banking
ORD4651,2024-11-13,Meera,Mouse,Electronics,Kolkata,East,6,802.69,4816.14,463.01,UPI
ORD4652,2024-12-16,Sanjay,Laptop,Electronics,Kolkata,East,2,54917.68,109835.36,20584.6,Cash
ORD4653,2024-02-18,Priya,Office Chair,Furniture,Mumbai,West,2,9338.36,18676.72,2129.52,Net Banking
ORD4654,2024-07-31,Rahul,Mouse,Electronics,Delhi,North,8,850.88,6807.04,1406.5,Net Banking
ORD4655,2024-10-14,Meera,Notebook,Stationery,Pune,West,10,117.85,1178.5,192.05,UPI
ORD4656,2024-11-27,Rohit,Smartphone,Electronics,Mumbai,West,9,32117.67,289059.03,58040.06,UPI
ORD4657,2024-01-07,Vikram,Office Chair,Furniture,Hyderabad,South,1,7843.51,7843.51,903.74,UPI
ORD4658,2024-03-28,Rahul,Office Chair,Furniture,Ahmedabad,West,6,7970.49,47822.94,9380.73,Net Banking
ORD4659,2024-05-03,Rahul,Monitor,Electronics,Mumbai,West,7,16262.77,113839.39,24634.41,Net Banking
ORD4660,2024-01-24,Sneha,Notebook,Stationery,Delhi,North,5,121.88,609.4,126.9,UPI
ORD4661,2024-07-09,Meera,Monitor,Electronics,Ahmedabad,West,3,15304.13,45912.39,9524.75,Cash
ORD4662,2024-04-30,Aisha,Printer,Electronics,Mumbai,West,6,12467.63,74805.78,17478.14,UPI
ORD4663,2024-11-19,Priya,Headphones,Electronics,Ahmedabad,West,5,2749.6,13748.0,1608.94,Card
ORD4664,2024-11-03,Nikhil,Mouse,Electronics,Delhi,North,2,790.07,1580.14,199.57,Card
ORD4665,2024-04-01,Neha,Mouse,Electronics,Chennai,South,5,853.13,4265.65,970.43,UPI
ORD4666,2024-12-22,Meera,Backpack,Accessories,Hyderabad,South,4,1766.09,7064.36,609.97,Net Banking
ORD4667,2024-10-11,Sneha,Monitor,Electronics,Pune,West,6,14274.62,85647.72,18861.21,Cash
ORD4668,2024-11-04,Arjun,Monitor,Electronics,Chennai,South,6,14668.84,88013.04,18651.44,UPI
ORD4669,2024-11-14,Ananya,Desk,Furniture,Kolkata,East,9,7226.07,65034.63,8936.07,Net Banking
ORD4670,2024-08-25,Priya,Backpack,Accessories,Pune,West,6,1937.49,11624.94,2074.82,Cash
ORD4671,2024-03-31,Nikhil,Backpack,Accessories,Bengaluru,South,9,1974.7,17772.3,3268.64,UPI
ORD4672,2024-02-17,Divya,Desk,Furniture,Ahmedabad,West,4,6760.07,27040.28,6510.5,Net Banking
ORD4673,2024-11-14,Vikram,Printer,Electronics,Chennai,South,2,12905.63,25811.26,3011.78,Card
ORD4674,2024-09-02,Aisha,Office Chair,Furniture,Ahmedabad,West,1,8462.97,8462.97,872.82,Card
ORD4675,2024-03-08,Aisha,Backpack,Accessories,Pune,West,1,1874.28,1874.28,207.38,Card
ORD4676,2024-04-27,Pooja,Pen Set,Stationery,Hyderabad,South,5,183.76,918.8,169.83,UPI
ORD4677,2024-06-06,Neha,Office Chair,Furniture,Mumbai,West,3,8896.98,26690.94,4103.99,UPI
ORD4678,2024-10-10,Sanjay,Smartphone,Electronics,Chennai,South,5,28741.14,143705.7,15605.48,Cash
ORD4679,2024-07-07,Ananya,Headphones,Electronics,Bengaluru,South,3,2596.56,7789.68,947.15,Cash
ORD4680,2024-03-01,Aisha,Desk,Furniture,Kolkata,East,6,7282.17,43693.02,10462.58,Net Banking
ORD4681,2024-11-09,Pooja,Pen Set,Stationery,Chennai,South,6,196.66,1179.96,149.35,Cash
ORD4682,2024-11-13,Nikhil,Smartphone,Electronics,Pune,West,8,29109.32,232874.56,43214.42,UPI
ORD4683,2024-03-09,Sneha,Monitor,Electronics,Ahmedabad,West,1,14459.76,14459.76,3199.06,Cash
ORD4684,2024-02-08,Aisha,Smartphone,Electronics,Bengaluru,South,9,32455.79,292102.11,32260.98,UPI
ORD4685,2024-04-02,Nikhil,Laptop,Electronics,Mumbai,West,6,53716.64,322299.84,59562.78,Card
ORD4686,2024-08-09,Rohit,Laptop,Electronics,Hyderabad,South,4,54783.13,219132.52,44021.81,Net Banking
ORD4687,2024-10-02,Divya,Notebook,Stationery,Hyderabad,South,3,121.68,365.04,43.71,UPI
ORD4688,2024-10-04,Pooja,Notebook,Stationery,Pune,West,2,128.03,256.06,47.7,Card
ORD4689,2024-06-05,Priya,Notebook,Stationery,Bengaluru,South,10,127.03,1270.3,270.81,Cash
ORD4690,2024-03-31,Meera,Pen Set,Stationery,Hyderabad,South,5,180.09,900.45,137.04,Card
ORD4691,2024-09-21,Meera,Keyboard,Electronics,Kolkata,East,4,1410.47,5641.88,739.0,Card
ORD4692,2024-09-26,Divya,Monitor,Electronics,Pune,West,4,14917.92,59671.68,5813.79,Net Banking
ORD4693,2024-07-04,Pooja,Notebook,Stationery,Pune,West,1,120.19,120.19,25.47,Cash
ORD4694,2024-11-13,Priya,Headphones,Electronics,Pune,West,4,2613.73,10454.92,1150.26,Cash
ORD4695,2024-01-12,Rohit,Mouse,Electronics,Bengaluru,South,8,763.04,6104.32,841.2,Cash
ORD4696,2024-09-02,Sanjay,Headphones,Electronics,Delhi,North,10,2385.99,23859.9,5906.17,UPI
ORD4697,2024-06-16,Arjun,Monitor,Electronics,Kolkata,East,10,16120.87,161208.7,24460.42,Cash
ORD4698,2024-08-22,Rahul,Notebook,Stationery,Chennai,South,8,117.72,941.76,82.51,Card
ORD4699,2024-03-10,Meera,Laptop,Electronics,Bengaluru,South,10,58279.87,582798.7,80331.75,Net Banking
ORD4700,2024-07-24,Aisha,Monitor,Electronics,Pune,West,5,15718.72,78593.6,14444.6,Net Banking
ORD4701,2024-10-23,Sneha,Printer,Electronics,Kolkata,East,7,11879.94,83159.58,14271.18,Net Banking
ORD4702,2024-11-24,Ananya,Laptop,Electronics,Kolkata,East,2,54533.34,109066.68,24547.63,Net Banking
ORD4703,2024-02-12,Rahul,Notebook,Stationery,Bengaluru,South,2,128.31,256.62,47.63,UPI
ORD4704,2024-07-02,Divya,Monitor,Electronics,Pune,West,8,13807.89,110463.12,16201.86,Net Banking
ORD4705,2024-09-15,Divya,Backpack,Accessories,Delhi,North,1,1854.94,1854.94,172.54,UPI
ORD4706,2024-10-15,Neha,Pen Set,Stationery,Chennai,South,7,199.66,1397.62,181.31,Card
ORD4707,2024-11-23,Divya,Monitor,Electronics,Pune,West,4,16408.97,65635.88,9356.35,Cash
ORD4708,2024-06-20,Pooja,Laptop,Electronics,Pune,West,6,57854.16,347124.96,28751.88,Net Banking
ORD4709,2024-12-30,Nikhil,Office Chair,Furniture,Mumbai,West,8,8233.36,65866.88,5779.52,Cash
ORD4710,2024-10-27,Priya,Headphones,Electronics,Kolkata,East,2,2485.81,4971.62,991.89,Cash
ORD4711,2024-06-18,Ananya,Desk,Furniture,Chennai,South,5,7642.55,38212.75,8542.93,Card
ORD4712,2024-07-11,Sanjay,Printer,Electronics,Delhi,North,8,11826.8,94614.4,10342.59,Cash
ORD4713,2024-11-27,Sneha,Printer,Electronics,Chennai,South,7,12625.42,88377.94,10816.8,Card
ORD4714,2024-04-10,Kiran,Backpack,Accessories,Kolkata,East,9,1932.54,17392.86,3375.94,Cash
ORD4715,2024-03-13,Vikram,Monitor,Electronics,Bengaluru,South,2,13565.21,27130.42,2536.95,Net Banking
ORD4716,2024-04-16,Ananya,Notebook,Stationery,Delhi,North,2,131.2,262.4,48.22,Cash
ORD4717,2024-09-07,Vikram,Pen Set,Stationery,Delhi,North,3,216.26,648.78,151.57,Cash
ORD4718,2024-06-16,Divya,Printer,Electronics,Kolkata,East,8,10917.05,87336.4,10197.39,Card
ORD4719,2024-05-24,Arjun,Laptop,Electronics,Mumbai,West,7,51871.95,363103.65,47816.24,Cash
ORD4720,2024-12-11,Priya,Office Chair,Furniture,Kolkata,East,4,8045.47,32181.88,5513.62,Card
ORD4721,2024-12-31,Sanjay,Monitor,Electronics,Delhi,North,8,15538.88,124311.04,11821.0,UPI
ORD4722,2024-07-01,Vikram,Desk,Furniture,Mumbai,West,2,7540.27,15080.54,1979.28,Net Banking
ORD4723,2024-07-19,Vikram,Office Chair,Furniture,Hyderabad,South,7,9163.33,64143.31,9363.71,Cash
ORD4724,2024-11-05,Vikram,Backpack,Accessories,Bengaluru,South,9,1841.13,16570.17,3887.58,Net Banking
ORD4725,2024-11-28,Arjun,Keyboard,Electronics,Ahmedabad,West,6,1533.98,9203.88,1806.75,Cash
ORD4726,2024-08-16,Nikhil,Printer,Electronics,Delhi,North,3,12209.84,36629.52,8213.62,Net Banking
ORD4727,2024-10-12,Vikram,Keyboard,Electronics,Bengaluru,South,4,1492.86,5971.44,950.5,Cash
ORD4728,2024-08-03,Vikram,Laptop,Electronics,Pune,West,3,49747.8,149243.4,33925.71,Cash
ORD4729,2024-02-15,Rahul,Smartphone,Electronics,Pune,West,10,29670.91,296709.1,33810.78,Cash
ORD4730,2024-01-17,Aisha,Desk,Furniture,Mumbai,West,4,6383.15,25532.6,4596.41,UPI
ORD4731,2024-07-01,Nikhil,Notebook,Stationery,Pune,West,1,127.11,127.11,18.22,Card
ORD4732,2024-06-19,Aisha,Monitor,Electronics,Pune,West,5,14530.22,72651.1,12300.32,Net Banking
ORD4733,2024-12-12,Priya,Mouse,Electronics,Mumbai,West,6,872.61,5235.66,1232.18,Net Banking
ORD4734,2024-08-26,Ananya,Office Chair,Furniture,Bengaluru,South,1,9114.89,9114.89,786.24,UPI
ORD4735,2024-12-06,Kiran,Smartphone,Electronics,Bengaluru,South,4,31889.6,127558.4,22888.5,Net Banking
ORD4736,2024-10-17,Rohit,Smartphone,Electronics,Chennai,South,10,31136.61,311366.1,56555.04,Net Banking
ORD4737,2024-06-11,Meera,Mouse,Electronics,Chennai,South,2,807.62,1615.24,316.72,Card
ORD4738,2024-06-05,Vikram,Backpack,Accessories,Ahmedabad,West,5,1764.65,8823.25,820.61,Net Banking
ORD4739,2024-09-18,Vikram,Office Chair,Furniture,Chennai,South,9,8742.82,78685.38,14961.61,UPI
ORD4740,2024-07-15,Meera,Keyboard,Electronics,Ahmedabad,West,10,1473.48,14734.8,2860.12,Card
ORD4741,2024-06-24,Rohit,Backpack,Accessories,Bengaluru,South,6,1876.33,11257.98,1606.58,Cash
ORD4742,2024-12-20,Arjun,Laptop,Electronics,Chennai,South,5,57401.62,287008.1,57182.12,UPI
ORD4743,2024-05-26,Sanjay,Backpack,Accessories,Hyderabad,South,10,1873.57,18735.7,3079.86,UPI
ORD4744,2024-08-04,Priya,Mouse,Electronics,Pune,West,8,828.87,6630.96,1232.92,Card
ORD4745,2024-02-15,Meera,Smartphone,Electronics,Pune,West,1,29127.32,29127.32,3401.13,Net Banking
ORD4746,2024-05-04,Arjun,Office Chair,Furniture,Bengaluru,South,5,8473.74,42368.7,6638.39,UPI
ORD4747,2024-06-02,Sanjay,Keyboard,Electronics,Ahmedabad,West,9,1451.88,13066.92,1625.47,Cash
ORD4748,2024-02-22,Ananya,Headphones,Electronics,Bengaluru,South,4,2413.66,9654.64,1203.14,Card
ORD4749,2024-07-01,Rahul,Backpack,Accessories,Mumbai,West,9,1793.11,16137.99,1910.13,Net Banking
ORD4750,2024-02-16,Arjun,Office Chair,Furniture,Pune,West,8,8464.41,67715.28,6516.72,Cash
ORD4751,2024-04-10,Sneha,Smartphone,Electronics,Mumbai,West,1,27848.13,27848.13,4661.77,Net Banking
ORD4752,2024-09-26,Pooja,Mouse,Electronics,Chennai,South,6,753.61,4521.66,839.85,Cash
ORD4753,2024-06-24,Neha,Pen Set,Stationery,Hyderabad,South,2,199.56,399.12,72.8,UPI
ORD4754,2024-10-10,Divya,Notebook,Stationery,Pune,West,2,130.0,260.0,63.72,Cash
ORD4755,2024-04-01,Arjun,Mouse,Electronics,Chennai,South,7,793.71,5555.97,1160.32,Card
ORD4756,2024-02-16,Meera,Smartphone,Electronics,Mumbai,West,5,30194.96,150974.8,36578.32,UPI
ORD4757,2024-05-12,Sanjay,Backpack,Accessories,Bengaluru,South,4,1965.79,7863.16,715.98,Net Banking
ORD4758,2024-03-29,Sneha,Monitor,Electronics,Pune,West,3,15610.73,46832.19,11564.98,Card
ORD4759,2024-01-27,Sanjay,Smartphone,Electronics,Delhi,North,10,29779.86,297798.6,66409.47,UPI
ORD4760,2024-04-08,Sneha,Headphones,Electronics,Chennai,South,9,2407.2,21664.8,3472.24,UPI
ORD4761,2024-06-19,Neha,Smartphone,Electronics,Pune,West,7,27528.73,192701.11,23588.15,Cash
ORD4762,2024-01-20,Arjun,Mouse,Electronics,Mumbai,West,1,872.36,872.36,117.35,UPI
ORD4763,2024-12-09,Nikhil,Keyboard,Electronics,Pune,West,1,1484.93,1484.93,253.3,UPI
ORD4764,2024-06-09,Kiran,Laptop,Electronics,Kolkata,East,6,56253.03,337518.18,44391.56,Net Banking
ORD4765,2024-06-04,Rahul,Office Chair,Furniture,Kolkata,East,4,8923.83,35695.32,4709.02,Card
ORD4766,2024-11-02,Sneha,Notebook,Stationery,Chennai,South,3,117.76,353.28,65.13,Cash
ORD4767,2024-11-12,Neha,Headphones,Electronics,Bengaluru,South,7,2403.39,16823.73,1580.52,UPI
ORD4768,2024-11-24,Divya,Laptop,Electronics,Kolkata,East,2,59594.9,119189.8,24695.68,UPI
ORD4769,2024-05-08,Priya,Laptop,Electronics,Bengaluru,South,9,56500.93,508508.37,54515.32,UPI
ORD4770,2024-03-18,Aisha,Office Chair,Furniture,Hyderabad,South,7,9051.19,63358.33,15032.36,UPI
ORD4771,2024-11-28,Pooja,Pen Set,Stationery,Ahmedabad,West,6,217.11,1302.66,193.26,Net Banking
ORD4772,2024-05-18,Vikram,Notebook,Stationery,Kolkata,East,3,108.73,326.19,36.83,UPI
ORD4773,2024-12-04,Pooja,Backpack,Accessories,Bengaluru,South,1,1744.29,1744.29,207.86,Cash
ORD4774,2024-12-26,Arjun,Desk,Furniture,Hyderabad,South,3,7071.78,21215.34,3341.35,Card
ORD4775,2024-05-16,Meera,Headphones,Electronics,Bengaluru,South,1,2730.08,2730.08,525.19,Cash
ORD4776,2024-08-25,Rahul,Notebook,Stationery,Ahmedabad,West,3,114.1,342.3,38.52,Card
ORD4777,2024-01-23,Kiran,Notebook,Stationery,Delhi,North,2,115.09,230.18,25.7,UPI
ORD4778,2024-01-23,Sneha,Backpack,Accessories,Hyderabad,South,9,1763.8,15874.2,3445.06,UPI
ORD4779,2024-06-02,Neha,Headphones,Electronics,Hyderabad,South,5,2256.4,11282.0,2404.64,Net Banking
ORD4780,2024-06-23,Ananya,Keyboard,Electronics,Ahmedabad,West,7,1557.78,10904.46,1997.56,UPI
ORD4781,2024-06-18,Divya,Keyboard,Electronics,Chennai,South,9,1641.62,14774.58,2649.85,Net Banking
ORD4782,2024-06-17,Aisha,Backpack,Accessories,Pune,West,4,1632.7,6530.8,1522.32,Cash
ORD4783,2024-09-17,Neha,Office Chair,Furniture,Hyderabad,South,4,8525.2,34100.8,5581.05,Net Banking
ORD4784,2024-11-10,Rohit,Backpack,Accessories,Kolkata,East,6,1773.2,10639.2,2628.21,Card
ORD4785,2024-11-27,Priya,Smartphone,Electronics,Mumbai,West,7,30954.01,216678.07,19266.87,Card
ORD4786,2024-04-09,Meera,Notebook,Stationery,Bengaluru,South,2,131.81,263.62,56.91,Net Banking
ORD4787,2024-08-16,Neha,Laptop,Electronics,Pune,West,8,58637.79,469102.32,59625.73,UPI
ORD4788,2024-03-03,Pooja,Notebook,Stationery,Bengaluru,South,4,120.21,480.84,55.41,Cash
ORD4789,2024-10-18,Sneha,Printer,Electronics,Delhi,North,4,12144.29,48577.16,11737.48,Cash
ORD4790,2024-01-25,Kiran,Smartphone,Electronics,Chennai,South,5,29757.61,148788.05,26152.6,Card
ORD4791,2024-02-17,Nikhil,Keyboard,Electronics,Ahmedabad,West,3,1518.24,4554.72,820.07,Net Banking
ORD4792,2024-04-23,Priya,Desk,Furniture,Mumbai,West,1,7448.1,7448.1,1015.44,Net Banking
ORD4793,2024-09-21,Divya,Desk,Furniture,Bengaluru,South,9,6658.19,59923.71,9994.71,Net Banking
ORD4794,2024-12-05,Aisha,Mouse,Electronics,Kolkata,East,3,814.88,2444.64,264.89,Card
ORD4795,2024-02-26,Meera,Headphones,Electronics,Hyderabad,South,9,2700.54,24304.86,5085.14,Card
ORD4796,2024-09-18,Meera,Headphones,Electronics,Mumbai,West,6,2354.83,14128.98,2179.45,Cash
ORD4797,2024-09-10,Meera,Office Chair,Furniture,Pune,West,7,8474.43,59321.01,8875.36,UPI
ORD4798,2024-09-02,Sneha,Notebook,Stationery,Kolkata,East,5,115.77,578.85,100.59,Cash
ORD4799,2024-04-28,Kiran,Notebook,Stationery,Delhi,North,10,119.4,1194.0,125.27,Card
ORD4800,2024-12-29,Kiran,Smartphone,Electronics,Ahmedabad,West,6,32383.34,194300.04,38126.61,Card
ORD4801,2024-05-21,Rahul,Printer,Electronics,Ahmedabad,West,5,12089.88,60449.4,9535.9,UPI
ORD4802,2024-03-21,Divya,Backpack,Accessories,Pune,West,9,1758.88,15829.92,3654.26,Net Banking
ORD4803,2024-08-05,Sneha,Mouse,Electronics,Chennai,South,2,846.39,1692.78,313.5,Cash
ORD4804,2024-02-06,Pooja,Monitor,Electronics,Pune,West,10,14718.78,147187.8,31470.54,Cash
ORD4805,2024-08-13,Meera,Pen Set,Stationery,Kolkata,East,5,215.47,1077.35,198.16,Net Banking
ORD4806,2024-09-15,Sanjay,Monitor,Electronics,Bengaluru,South,1,15197.17,15197.17,1749.39,Card
ORD4807,2024-02-13,Pooja,Laptop,Electronics,Chennai,South,7,58127.12,406889.84,90456.09,Cash
ORD4808,2024-03-05,Meera,Notebook,Stationery,Ahmedabad,West,3,112.14,336.42,42.97,Cash
ORD4809,2024-09-02,Divya,Printer,Electronics,Mumbai,West,5,12653.5,63267.5,11516.86,Net Banking
ORD4810,2024-08-11,Aisha,Printer,Electronics,Bengaluru,South,10,12308.23,123082.3,25880.48,UPI
ORD4811,2024-06-02,Meera,Smartphone,Electronics,Bengaluru,South,5,27048.64,135243.2,15509.26,UPI
ORD4812,2024-09-26,Divya,Smartphone,Electronics,Delhi,North,4,29631.8,118527.2,14358.6,Net Banking
ORD4813,2024-05-19,Divya,Backpack,Accessories,Ahmedabad,West,2,1954.28,3908.56,529.49,UPI
ORD4814,2024-11-10,Neha,Mouse,Electronics,Mumbai,West,10,744.68,7446.8,1093.2,Net Banking
ORD4815,2024-03-10,Ananya,Desk,Furniture,Pune,West,7,7186.19,50303.33,5202.55,Cash
ORD4816,2024-06-02,Rohit,Backpack,Accessories,Mumbai,West,7,1953.06,13671.42,3075.2,UPI
ORD4817,2024-08-15,Nikhil,Smartphone,Electronics,Hyderabad,South,9,31926.07,287334.63,40035.51,Card
ORD4818,2024-07-01,Kiran,Printer,Electronics,Delhi,North,1,11209.71,11209.71,1059.69,Card
ORD4819,2024-06-12,Meera,Printer,Electronics,Mumbai,West,1,12416.59,12416.59,1951.62,Card
ORD4820,2024-11-06,Kiran,Smartphone,Electronics,Hyderabad,South,7,28094.36,196660.52,24419.27,Net Banking
ORD4821,2024-10-14,Rohit,Desk,Furniture,Pune,West,5,7347.74,36738.7,2954.88,UPI
ORD4822,2024-12-22,Rohit,Desk,Furniture,Delhi,North,2,7232.83,14465.66,3355.03,UPI
ORD4823,2024-03-19,Rohit,Notebook,Stationery,Chennai,South,8,119.6,956.8,136.78,Cash
ORD4824,2024-04-15,Aisha,Keyboard,Electronics,Chennai,South,5,1531.2,7656.0,827.51,UPI
ORD4825,2024-12-10,Pooja,Office Chair,Furniture,Pune,West,10,8570.55,85705.5,14433.0,Card
ORD4826,2024-08-10,Kiran,Printer,Electronics,Delhi,North,10,11942.08,119420.8,18485.83,Net Banking
ORD4827,2024-11-09,Sneha,Mouse,Electronics,Bengaluru,South,8,723.0,5784.0,783.41,Card
ORD4828,2024-08-29,Aisha,Pen Set,Stationery,Pune,West,4,219.36,877.44,134.62,Net Banking
ORD4829,2024-03-13,Nikhil,Smartphone,Electronics,Delhi,North,7,31804.22,222629.54,24423.05,UPI
ORD4830,2024-07-26,Nikhil,Notebook,Stationery,Pune,West,10,128.61,1286.1,114.64,Card
ORD4831,2024-08-26,Rahul,Keyboard,Electronics,Chennai,South,6,1413.15,8478.9,1534.14,UPI
ORD4832,2024-05-09,Vikram,Pen Set,Stationery,Bengaluru,South,2,184.92,369.84,50.53,Net Banking
ORD4833,2024-02-06,Sanjay,Monitor,Electronics,Pune,West,10,16382.82,163828.2,19801.36,Cash
ORD4834,2024-08-27,Meera,Backpack,Accessories,Ahmedabad,West,3,1682.26,5046.78,1212.44,Cash
ORD4835,2024-11-20,Vikram,Office Chair,Furniture,Pune,West,2,8029.53,16059.06,2022.83,Cash
ORD4836,2024-08-27,Arjun,Smartphone,Electronics,Kolkata,East,9,28972.79,260755.11,49616.28,Cash
ORD4837,2024-06-27,Meera,Headphones,Electronics,Mumbai,West,3,2518.2,7554.6,1845.93,UPI
ORD4838,2024-09-06,Kiran,Pen Set,Stationery,Delhi,North,8,209.87,1678.96,220.35,UPI
ORD4839,2024-09-28,Pooja,Pen Set,Stationery,Kolkata,East,7,181.77,1272.39,272.11,Cash
ORD4840,2024-12-01,Pooja,Pen Set,Stationery,Chennai,South,4,196.42,785.68,94.69,Cash
ORD4841,2024-07-24,Pooja,Desk,Furniture,Bengaluru,South,5,6325.54,31627.7,3077.36,Net Banking
ORD4842,2024-10-29,Vikram,Pen Set,Stationery,Chennai,South,5,209.18,1045.9,171.28,Card
ORD4843,2024-06-23,Ananya,Keyboard,Electronics,Chennai,South,9,1454.79,13093.11,1758.25,Card
ORD4844,2024-03-03,Vikram,Desk,Furniture,Pune,West,6,7299.44,43796.64,6499.94,UPI
ORD4845,2024-11-11,Aisha,Monitor,Electronics,Kolkata,East,2,13557.88,27115.76,4290.25,UPI
ORD4846,2024-07-15,Vikram,Pen Set,Stationery,Bengaluru,South,2,197.53,395.06,33.97,Cash
ORD4847,2024-04-01,Meera,Notebook,Stationery,Bengaluru,South,8,121.03,968.24,192.8,Cash
ORD4848,2024-07-05,Rohit,Mouse,Electronics,Chennai,South,7,864.62,6052.34,644.79,Card
ORD4849,2024-04-11,Pooja,Pen Set,Stationery,Kolkata,East,8,196.07,1568.56,192.15,Net Banking
ORD4850,2024-12-26,Meera,Desk,Furniture,Mumbai,West,6,7530.87,45185.22,9726.08,Net Banking
ORD4851,2024-10-02,Arjun,Laptop,Electronics,Ahmedabad,West,1,54499.0,54499.0,5590.65,Cash
ORD4852,2024-04-09,Rohit,Smartphone,Electronics,Mumbai,West,4,31805.07,127220.28,27918.03,UPI
ORD4853,2024-06-07,Priya,Smartphone,Electronics,Pune,West,4,27282.77,109131.08,17414.73,Net Banking
ORD4854,2024-12-10,Neha,Pen Set,Stationery,Pune,West,10,189.07,1890.7,281.49,Card
ORD4855,2024-02-02,Nikhil,Mouse,Electronics,Ahmedabad,West,10,786.25,7862.5,1656.36,Cash
ORD4856,2024-12-07,Ananya,Printer,Electronics,Bengaluru,South,4,12488.62,49954.48,11250.06,UPI
ORD4857,2024-07-05,Meera,Desk,Furniture,Mumbai,West,6,7383.85,44303.1,6835.17,Card
ORD4858,2024-04-02,Aisha,Office Chair,Furniture,Bengaluru,South,9,7945.98,71513.82,16052.43,Net Banking
ORD4859,2024-02-04,Priya,Monitor,Electronics,Ahmedabad,West,10,16337.93,163379.3,32721.96,Net Banking
ORD4860,2024-04-10,Pooja,Office Chair,Furniture,Chennai,South,2,9027.42,18054.84,3507.64,Card
ORD4861,2024-07-12,Rahul,Smartphone,Electronics,Pune,West,3,28933.63,86800.89,9291.28,UPI
ORD4862,2024-06-19,Pooja,Notebook,Stationery,Ahmedabad,West,9,121.62,1094.58,269.63,Cash
ORD4863,2024-05-19,Divya,Office Chair,Furniture,Delhi,North,8,9288.39,74307.12,13892.47,Cash
ORD4864,2024-05-23,Sneha,Backpack,Accessories,Mumbai,West,3,1754.92,5264.76,1154.17,UPI
ORD4865,2024-12-22,Kiran,Smartphone,Electronics,Chennai,South,9,30994.4,278949.6,58570.33,UPI
ORD4866,2024-12-17,Kiran,Monitor,Electronics,Kolkata,East,8,14062.74,112501.92,27482.32,Card
ORD4867,2024-02-21,Nikhil,Laptop,Electronics,Mumbai,West,9,58580.82,527227.38,99851.38,Card
ORD4868,2024-05-23,Sanjay,Desk,Furniture,Kolkata,East,9,6721.27,60491.43,5864.76,Net Banking
ORD4869,2024-02-08,Sneha,Smartphone,Electronics,Pune,West,7,31024.56,217171.92,23495.42,Card
ORD4870,2024-02-19,Rahul,Monitor,Electronics,Mumbai,West,6,14300.89,85805.34,7734.76,Card
ORD4871,2024-04-10,Ananya,Desk,Furniture,Hyderabad,South,9,6589.88,59308.92,8668.5,Net Banking
ORD4872,2024-10-20,Ananya,Office Chair,Furniture,Pune,West,8,9193.49,73547.92,6461.6,Net Banking
ORD4873,2024-08-26,Divya,Pen Set,Stationery,Ahmedabad,West,7,184.34,1290.38,222.45,Card
ORD4874,2024-12-18,Sanjay,Backpack,Accessories,Delhi,North,1,1793.95,1793.95,343.03,UPI
ORD4875,2024-01-22,Sneha,Pen Set,Stationery,Kolkata,East,3,218.34,655.02,107.97,Net Banking
ORD4876,2024-10-21,Arjun,Printer,Electronics,Bengaluru,South,5,11047.15,55235.75,8080.34,UPI
ORD4877,2024-07-24,Sneha,Monitor,Electronics,Hyderabad,South,7,16034.85,112243.95,21465.31,Net Banking
ORD4878,2024-01-19,Kiran,Desk,Furniture,Pune,West,2,7124.35,14248.7,1341.71,Card
ORD4879,2024-10-18,Ananya,Notebook,Stationery,Bengaluru,South,7,126.83,887.81,108.78,Net Banking
ORD4880,2024-12-04,Rahul,Pen Set,Stationery,Bengaluru,South,4,191.93,767.72,105.31,Net Banking
ORD4881,2024-07-10,Meera,Pen Set,Stationery,Bengaluru,South,2,202.09,404.18,83.0,UPI
ORD4882,2024-01-06,Vikram,Monitor,Electronics,Kolkata,East,9,13926.6,125339.4,18364.0,Cash
ORD4883,2024-05-07,Aisha,Headphones,Electronics,Chennai,South,6,2711.14,16266.84,1486.58,Net Banking
ORD4884,2024-01-02,Priya,Backpack,Accessories,Hyderabad,South,6,1962.94,11777.64,1746.15,Card
ORD4885,2024-10-08,Nikhil,Smartphone,Electronics,Kolkata,East,10,31409.82,314098.2,65534.8,Net Banking
ORD4886,2024-11-04,Arjun,Mouse,Electronics,Pune,West,9,721.67,6495.03,1474.52,Card
ORD4887,2024-11-14,Aisha,Mouse,Electronics,Mumbai,West,9,852.41,7671.69,864.3,UPI
ORD4888,2024-06-16,Sanjay,Laptop,Electronics,Kolkata,East,6,54434.98,326609.88,75288.87,UPI
ORD4889,2024-04-21,Pooja,Desk,Furniture,Pune,West,6,7585.59,45513.54,6561.0,Cash
ORD4890,2024-02-15,Priya,Smartphone,Electronics,Bengaluru,South,3,31406.43,94219.29,12410.93,Card
ORD4891,2024-11-21,Rohit,Monitor,Electronics,Chennai,South,10,14491.26,144912.6,24236.43,Net Banking
ORD4892,2024-11-04,Vikram,Notebook,Stationery,Bengaluru,South,4,116.13,464.52,97.05,UPI
ORD4893,2024-04-08,Ananya,Desk,Furniture,Ahmedabad,West,2,7499.83,14999.66,2983.04,Cash
ORD4894,2024-03-07,Sneha,Office Chair,Furniture,Ahmedabad,West,1,9168.53,9168.53,1206.48,Net Banking
ORD4895,2024-04-28,Pooja,Laptop,Electronics,Delhi,North,2,60094.94,120189.88,14792.12,Cash
ORD4896,2024-10-12,Vikram,Monitor,Electronics,Mumbai,West,8,14655.55,117244.4,14539.18,Net Banking
ORD4897,2024-05-23,Arjun,Desk,Furniture,Ahmedabad,West,7,7500.79,52505.53,4284.26,Cash
ORD4898,2024-08-29,Pooja,Mouse,Electronics,Ahmedabad,West,4,854.84,3419.36,645.02,Card
ORD4899,2024-08-03,Nikhil,Laptop,Electronics,Mumbai,West,4,51447.52,205790.08,36759.15,Net Banking
ORD4900,2024-01-01,Sneha,Mouse,Electronics,Ahmedabad,West,5,879.13,4395.65,605.93,Cash
ORD4901,2024-08-12,Nikhil,Printer,Electronics,Bengaluru,South,10,11528.33,115283.3,26336.68,Card
ORD4902,2024-05-28,Priya,Smartphone,Electronics,Chennai,South,6,29322.1,175932.6,39689.65,Net Banking
ORD4903,2024-07-03,Sanjay,Laptop,Electronics,Ahmedabad,West,10,58073.96,580739.6,104083.02,Cash
ORD4904,2024-10-21,Vikram,Desk,Furniture,Kolkata,East,2,6447.26,12894.52,1143.85,Net Banking
ORD4905,2024-08-02,Kiran,Keyboard,Electronics,Ahmedabad,West,6,1436.98,8621.88,1779.04,Net Banking
ORD4906,2024-04-17,Sneha,Headphones,Electronics,Ahmedabad,West,3,2333.21,6999.63,1372.84,Cash
ORD4907,2024-05-12,Aisha,Keyboard,Electronics,Bengaluru,South,4,1523.99,6095.96,1118.64,Net Banking
ORD4908,2024-10-29,Nikhil,Printer,Electronics,Delhi,North,7,10827.38,75791.66,11653.61,Card
ORD4909,2024-07-28,Pooja,Pen Set,Stationery,Kolkata,East,2,188.74,377.48,38.68,Net Banking
ORD4910,2024-07-10,Vikram,Laptop,Electronics,Ahmedabad,West,8,59294.08,474352.64,73351.8,UPI
ORD4911,2024-03-14,Divya,Pen Set,Stationery,Mumbai,West,10,202.6,2026.0,446.37,Card
ORD4912,2024-08-15,Rahul,Desk,Furniture,Ahmedabad,West,10,6557.23,65572.3,13555.3,UPI
ORD4913,2024-10-10,Rohit,Laptop,Electronics,Ahmedabad,West,4,60371.92,241487.68,24376.84,Net Banking
ORD4914,2024-11-30,Neha,Headphones,Electronics,Hyderabad,South,1,2453.43,2453.43,599.53,Card
ORD4915,2024-05-03,Ananya,Keyboard,Electronics,Mumbai,West,3,1419.55,4258.65,836.19,Card
ORD4916,2024-07-24,Sanjay,Monitor,Electronics,Mumbai,West,5,14339.77,71698.85,6010.86,UPI
ORD4917,2024-11-09,Kiran,Office Chair,Furniture,Pune,West,4,8806.09,35224.36,2831.76,Card
ORD4918,2024-03-12,Rohit,Monitor,Electronics,Delhi,North,8,15113.06,120904.48,17725.07,Cash
ORD4919,2024-01-25,Ananya,Smartphone,Electronics,Hyderabad,South,9,29061.81,261556.29,42373.95,Net Banking
ORD4920,2024-05-27,Meera,Keyboard,Electronics,Pune,West,9,1615.73,14541.57,2537.02,Net Banking
ORD4921,2024-09-23,Pooja,Mouse,Electronics,Mumbai,West,2,738.63,1477.26,263.5,UPI
ORD4922,2024-03-14,Meera,Keyboard,Electronics,Hyderabad,South,6,1455.02,8730.12,1160.0,UPI
ORD4923,2024-03-08,Kiran,Mouse,Electronics,Mumbai,West,8,785.63,6285.04,1564.16,Cash
ORD4924,2024-10-08,Meera,Laptop,Electronics,Ahmedabad,West,9,58956.04,530604.36,128248.89,Net Banking
ORD4925,2024-10-29,Priya,Printer,Electronics,Kolkata,East,1,12428.97,12428.97,1083.15,Card
ORD4926,2024-02-17,Rohit,Smartphone,Electronics,Mumbai,West,2,32502.32,65004.64,5578.12,Cash
ORD4927,2024-10-22,Aisha,Printer,Electronics,Kolkata,East,7,13014.01,91098.07,22022.18,Card
ORD4928,2024-09-22,Vikram,Printer,Electronics,Ahmedabad,West,10,12058.76,120587.6,19569.7,Card
ORD4929,2024-10-17,Kiran,Backpack,Accessories,Chennai,South,5,1908.52,9542.6,2070.23,Net Banking
ORD4930,2024-06-07,Sneha,Headphones,Electronics,Chennai,South,8,2707.86,21662.88,3859.55,UPI
ORD4931,2024-10-12,Meera,Office Chair,Furniture,Bengaluru,South,4,7980.99,31923.96,3545.72,UPI
ORD4932,2024-04-01,Meera,Desk,Furniture,Bengaluru,South,1,6753.85,6753.85,1345.83,Net Banking
ORD4933,2024-12-14,Priya,Keyboard,Electronics,Delhi,North,2,1395.02,2790.04,233.26,UPI
ORD4934,2024-02-04,Divya,Smartphone,Electronics,Ahmedabad,West,6,28785.34,172712.04,41625.26,Cash
ORD4935,2024-02-04,Ananya,Printer,Electronics,Ahmedabad,West,10,11129.97,111299.7,25268.48,Cash
ORD4936,2024-01-10,Pooja,Office Chair,Furniture,Kolkata,East,3,9136.56,27409.68,3681.71,UPI
ORD4937,2024-05-09,Sneha,Mouse,Electronics,Hyderabad,South,7,828.95,5802.65,1027.63,Card
ORD4938,2024-06-23,Sneha,Laptop,Electronics,Mumbai,West,7,50109.42,350765.94,59936.83,Card
ORD4939,2024-09-09,Priya,Monitor,Electronics,Bengaluru,South,10,16402.79,164027.9,27279.0,Card
ORD4940,2024-08-06,Ananya,Backpack,Accessories,Mumbai,West,7,1812.57,12687.99,2404.69,UPI
ORD4941,2024-03-09,Divya,Keyboard,Electronics,Delhi,North,8,1643.35,13146.8,1394.87,Net Banking
ORD4942,2024-11-13,Aisha,Smartphone,Electronics,Pune,West,9,29053.44,261480.96,52198.95,Net Banking
ORD4943,2024-08-09,Vikram,Laptop,Electronics,Chennai,South,6,49987.13,299922.78,29442.15,Net Banking
ORD4944,2024-10-19,Priya,Pen Set,Stationery,Hyderabad,South,1,204.7,204.7,28.57,UPI
ORD4945,2024-05-01,Arjun,Smartphone,Electronics,Hyderabad,South,9,31342.94,282086.46,39486.85,Card
ORD4946,2024-04-11,Pooja,Notebook,Stationery,Ahmedabad,West,1,127.95,127.95,22.75,Net Banking
ORD4947,2024-06-24,Meera,Notebook,Stationery,Delhi,North,9,111.88,1006.92,236.24,Cash
ORD4948,2024-11-05,Aisha,Mouse,Electronics,Chennai,South,2,788.7,1577.4,182.78,Net Banking
ORD4949,2024-08-26,Kiran,Smartphone,Electronics,Pune,West,10,27989.24,279892.4,23314.35,Net Banking
ORD4950,2024-08-27,Sanjay,Keyboard,Electronics,Chennai,South,5,1624.42,8122.1,1062.65,Card
ORD4951,2024-02-10,Meera,Notebook,Stationery,Kolkata,East,3,117.25,351.75,48.82,Card
ORD4952,2024-08-28,Nikhil,Backpack,Accessories,Chennai,South,3,1728.14,5184.42,921.62,Net Banking
ORD4953,2024-05-12,Sneha,Monitor,Electronics,Kolkata,East,8,14940.05,119520.4,27479.85,Card
ORD4954,2024-06-04,Rohit,Pen Set,Stationery,Pune,West,4,205.19,820.76,113.46,Net Banking
ORD4955,2024-07-04,Vikram,Printer,Electronics,Ahmedabad,West,3,12248.64,36745.92,8355.71,UPI
ORD4956,2024-12-12,Aisha,Mouse,Electronics,Kolkata,East,5,755.65,3778.25,635.31,UPI
ORD4957,2024-01-10,Aisha,Headphones,Electronics,Bengaluru,South,4,2385.11,9540.44,1629.22,Cash
ORD4958,2024-01-26,Aisha,Headphones,Electronics,Pune,West,8,2540.59,20324.72,3072.88,UPI
ORD4959,2024-08-02,Nikhil,Backpack,Accessories,Bengaluru,South,10,1723.35,17233.5,3140.62,Cash
ORD4960,2024-03-26,Divya,Desk,Furniture,Mumbai,West,8,6881.28,55050.24,7099.13,Net Banking
ORD4961,2024-01-17,Arjun,Backpack,Accessories,Hyderabad,South,3,1751.75,5255.25,951.01,Net Banking
ORD4962,2024-05-17,Neha,Notebook,Stationery,Mumbai,West,1,122.29,122.29,11.54,UPI
ORD4963,2024-12-29,Rahul,Smartphone,Electronics,Delhi,North,3,29800.57,89401.71,8804.7,Net Banking
ORD4964,2024-09-08,Sanjay,Headphones,Electronics,Hyderabad,South,7,2405.37,16837.59,1535.45,Cash
ORD4965,2024-03-05,Neha,Office Chair,Furniture,Bengaluru,South,1,8728.03,8728.03,1472.33,Card
ORD4966,2024-08-17,Pooja,Monitor,Electronics,Delhi,North,10,15082.46,150824.6,30961.8,Cash
ORD4967,2024-11-27,Pooja,Headphones,Electronics,Hyderabad,South,10,2519.35,25193.5,3053.47,Cash
ORD4968,2024-09-01,Pooja,Notebook,Stationery,Kolkata,East,7,129.88,909.16,147.12,UPI
ORD4969,2024-08-08,Pooja,Mouse,Electronics,Mumbai,West,10,723.18,7231.8,786.08,Card
ORD4970,2024-06-15,Ananya,Backpack,Accessories,Pune,West,8,1882.29,15058.32,1809.52,UPI
ORD4971,2024-01-20,Nikhil,Backpack,Accessories,Mumbai,West,3,1837.84,5513.52,455.98,UPI
ORD4972,2024-11-26,Sneha,Office Chair,Furniture,Pune,West,8,8341.18,66729.44,15147.12,Cash
ORD4973,2024-12-27,Kiran,Headphones,Electronics,Ahmedabad,West,9,2494.45,22450.05,5009.64,Cash
ORD4974,2024-07-24,Rohit,Keyboard,Electronics,Bengaluru,South,5,1402.81,7014.05,857.53,Net Banking
ORD4975,2024-07-05,Pooja,Notebook,Stationery,Hyderabad,South,1,125.63,125.63,19.51,Cash
ORD4976,2024-12-16,Rohit,Notebook,Stationery,Mumbai,West,10,112.71,1127.1,273.34,Net Banking
ORD4977,2024-12-09,Rohit,Notebook,Stationery,Bengaluru,South,5,115.67,578.35,67.11,Card
ORD4978,2024-04-23,Kiran,Backpack,Accessories,Delhi,North,3,1804.82,5414.46,946.71,Net Banking
ORD4979,2024-01-11,Neha,Monitor,Electronics,Mumbai,West,9,13795.82,124162.38,14604.42,Net Banking
ORD4980,2024-12-13,Arjun,Monitor,Electronics,Pune,West,6,14245.66,85473.96,19888.5,UPI
ORD4981,2024-03-19,Sneha,Headphones,Electronics,Mumbai,West,7,2405.11,16835.77,3765.7,Net Banking
ORD4982,2024-08-22,Priya,Keyboard,Electronics,Bengaluru,South,10,1511.62,15116.2,1699.8,UPI
ORD4983,2024-07-23,Ananya,Monitor,Electronics,Mumbai,West,6,13634.47,81806.82,19281.48,Card
ORD4984,2024-12-28,Rahul,Monitor,Electronics,Hyderabad,South,6,13787.51,82725.06,7016.52,Cash
ORD4985,2024-10-27,Sneha,Mouse,Electronics,Delhi,North,9,857.47,7717.23,688.4,UPI
ORD4986,2024-12-11,Sneha,Keyboard,Electronics,Hyderabad,South,3,1618.61,4855.83,1063.57,Cash
ORD4987,2024-07-09,Sanjay,Office Chair,Furniture,Pune,West,2,7783.78,15567.56,2887.95,Cash
ORD4988,2024-01-19,Vikram,Smartphone,Electronics,Hyderabad,South,6,28395.42,170372.52,36823.18,UPI
ORD4989,2024-06-25,Neha,Notebook,Stationery,Chennai,South,4,127.74,510.96,104.53,UPI
ORD4990,2024-02-05,Rohit,Mouse,Electronics,Mumbai,West,5,817.8,4089.0,503.63,Net Banking
ORD4991,2024-09-11,Rahul,Smartphone,Electronics,Delhi,North,8,32149.93,257199.44,34307.84,Net Banking
ORD4992,2024-03-08,Sneha,Office Chair,Furniture,Mumbai,West,3,9279.95,27839.85,5217.37,Net Banking
ORD4993,2024-02-08,Aisha,Monitor,Electronics,Bengaluru,South,7,13860.97,97026.79,14533.44,Cash
ORD4994,2024-01-01,Vikram,Backpack,Accessories,Kolkata,East,4,1733.74,6934.96,565.71,Net Banking
ORD4995,2024-11-06,Meera,Smartphone,Electronics,Delhi,North,1,28734.97,28734.97,2566.17,Net Banking
ORD4996,2024-02-09,Sneha,Printer,Electronics,Delhi,North,7,12229.55,85606.85,13551.43,Card
ORD4997,2024-01-22,Nikhil,Pen Set,Stationery,Mumbai,West,7,180.96,1266.72,302.31,UPI
ORD4998,2024-08-01,Nikhil,Smartphone,Electronics,Bengaluru,South,2,32498.76,64997.52,13655.94,UPI
ORD4999,2024-09-25,Meera,Laptop,Electronics,Mumbai,West,10,51136.79,511367.9,113155.42,UPI
ORD5000,2024-07-19,Aisha,Printer,Electronics,Mumbai,West,1,11474.51,11474.51,2817.54,UPI
ORD5001,2024-09-17,Vikram,Office Chair,Furniture,Mumbai,West,9,8539.1,76851.9,11473.79,Cash
ORD5002,2024-06-28,Aisha,Smartphone,Electronics,Delhi,North,7,32585.78,228100.46,20021.93,UPI
ORD5003,2024-10-01,Pooja,Pen Set,Stationery,Kolkata,East,6,219.73,1318.38,275.52,Card
ORD5004,2024-03-20,Nikhil,Office Chair,Furniture,Ahmedabad,West,3,8540.81,25622.43,2102.2,Net Banking
ORD5005,2024-05-28,Vikram,Headphones,Electronics,Bengaluru,South,9,2306.13,20755.17,4020.07,Card
ORD5006,2024-01-10,Vikram,Pen Set,Stationery,Mumbai,West,8,188.43,1507.44,228.22,Card
ORD5007,2024-11-05,Vikram,Backpack,Accessories,Bengaluru,South,9,1699.9,15299.1,3223.06,Cash
ORD5008,2024-04-14,Divya,Smartphone,Electronics,Pune,West,6,32861.65,197169.9,36138.49,Net Banking
ORD5009,2024-08-10,Divya,Smartphone,Electronics,Pune,West,7,29884.84,209193.88,36803.64,Net Banking
ORD5010,2024-09-08,Neha,Desk,Furniture,Delhi,North,2,7515.76,15031.52,2065.28,UPI
ORD5011,2024-12-08,Rohit,Smartphone,Electronics,Kolkata,East,5,29125.94,145629.7,12775.18,Cash
ORD5012,2024-09-14,Ananya,Office Chair,Furniture,Mumbai,West,5,8073.2,40366.0,8379.34,Net Banking
ORD5013,2024-09-27,Sanjay,Monitor,Electronics,Hyderabad,South,1,15659.28,15659.28,1611.33,Cash
ORD5014,2024-09-01,Vikram,Office Chair,Furniture,Delhi,North,4,8058.38,32233.52,5152.64,Card
ORD5015,2024-09-03,Rahul,Laptop,Electronics,Mumbai,West,2,53663.81,107327.62,21130.36,Card
ORD5016,2024-03-19,Ananya,Office Chair,Furniture,Chennai,South,6,8131.39,48788.34,7888.23,UPI
ORD5017,2024-05-28,Kiran,Headphones,Electronics,Pune,West,1,2319.25,2319.25,333.37,Cash
ORD5018,2024-09-16,Nikhil,Laptop,Electronics,Bengaluru,South,6,52753.66,316521.96,78729.74,UPI
ORD5019,2024-08-22,Arjun,Pen Set,Stationery,Mumbai,West,10,213.87,2138.7,317.06,Net Banking
ORD5020,2024-04-13,Pooja,Headphones,Electronics,Pune,West,7,2298.7,16090.9,1874.18,Cash
ORD5021,2024-05-29,Arjun,Monitor,Electronics,Mumbai,West,1,13582.49,13582.49,2426.44,Cash
ORD5022,2024-09-08,Nikhil,Headphones,Electronics,Pune,West,10,2718.42,27184.2,6730.96,Cash
ORD5023,2024-06-09,Sneha,Smartphone,Electronics,Ahmedabad,West,10,30398.36,303983.6,57589.41,Net Banking
ORD5024,2024-07-02,Rahul,Office Chair,Furniture,Hyderabad,South,9,8702.64,78323.76,15495.71,Net Banking
ORD5025,2024-11-19,Divya,Headphones,Electronics,Hyderabad,South,6,2327.6,13965.6,2964.31,UPI
ORD5026,2024-05-26,Ananya,Laptop,Electronics,Hyderabad,South,3,52247.93,156743.79,15993.93,Cash
ORD5027,2024-02-22,Priya,Office Chair,Furniture,Ahmedabad,West,8,9100.3,72802.4,17898.54,Cash
ORD5028,2024-05-14,Rahul,Smartphone,Electronics,Delhi,North,9,30383.17,273448.53,23897.1,Card
ORD5029,2024-01-23,Nikhil,Printer,Electronics,Bengaluru,South,6,10966.68,65800.08,9766.9,UPI
ORD5030,2024-05-30,Pooja,Headphones,Electronics,Mumbai,West,10,2313.54,23135.4,3924.34,Cash
ORD5031,2024-08-01,Rahul,Desk,Furniture,Bengaluru,South,10,7079.62,70796.2,15287.86,Cash
ORD5032,2024-05-24,Sneha,Headphones,Electronics,Ahmedabad,West,7,2555.75,17890.25,3952.88,Cash
ORD5033,2024-12-21,Meera,Headphones,Electronics,Bengaluru,South,3,2330.04,6990.12,1720.29,Card
ORD5034,2024-08-24,Arjun,Keyboard,Electronics,Kolkata,East,4,1567.26,6269.04,761.9,Net Banking
ORD5035,2024-02-26,Neha,Smartphone,Electronics,Pune,West,6,27249.31,163495.86,39290.3,UPI
ORD5036,2024-03-03,Neha,Backpack,Accessories,Hyderabad,South,7,1864.45,13051.15,2444.75,Cash
ORD5037,2024-01-13,Sneha,Smartphone,Electronics,Mumbai,West,10,29452.59,294525.9,42750.41,Net Banking
ORD5038,2024-11-11,Priya,Smartphone,Electronics,Chennai,South,2,31887.5,63775.0,13821.34,Cash
ORD5039,2024-10-09,Aisha,Office Chair,Furniture,Hyderabad,South,5,8884.68,44423.4,6644.19,Card
ORD5040,2024-02-17,Arjun,Keyboard,Electronics,Chennai,South,1,1416.13,1416.13,132.19,UPI
ORD5041,2024-10-14,Aisha,Printer,Electronics,Chennai,South,2,13065.28,26130.56,6530.07,UPI
ORD5042,2024-04-28,Priya,Keyboard,Electronics,Bengaluru,South,6,1626.49,9758.94,1937.73,Cash
ORD5043,2024-06-07,Sneha,Pen Set,Stationery,Chennai,South,8,214.95,1719.6,333.0,Net Banking
ORD5044,2024-01-25,Pooja,Laptop,Electronics,Delhi,North,7,49515.0,346605.0,71616.5,Net Banking
ORD5045,2024-09-26,Arjun,Desk,Furniture,Chennai,South,5,7224.82,36124.1,5980.92,UPI
ORD5046,2024-07-18,Sneha,Laptop,Electronics,Mumbai,West,2,52389.44,104778.88,22761.2,Cash
ORD5047,2024-08-29,Rohit,Desk,Furniture,Hyderabad,South,3,6940.81,20822.43,4007.0,Cash
ORD5048,2024-08-18,Sneha,Laptop,Electronics,Ahmedabad,West,5,49800.54,249002.7,29012.57,Cash
ORD5049,2024-11-07,Rahul,Notebook,Stationery,Ahmedabad,West,1,122.5,122.5,14.58,Card
ORD5050,2024-06-02,Rahul,Office Chair,Furniture,Pune,West,2,7965.9,15931.8,2981.04,UPI
ORD5051,2024-08-18,Kiran,Office Chair,Furniture,Bengaluru,South,4,7935.31,31741.24,6635.29,Card
ORD5052,2024-05-03,Rahul,Smartphone,Electronics,Bengaluru,South,6,29933.46,179600.76,43311.04,UPI
ORD5053,2024-05-31,Divya,Smartphone,Electronics,Bengaluru,South,9,30615.36,275538.24,52209.32,UPI
ORD5054,2024-05-27,Ananya,Headphones,Electronics,Delhi,North,4,2448.08,9792.32,1430.12,UPI
ORD5055,2024-11-02,Sneha,Keyboard,Electronics,Ahmedabad,West,5,1635.17,8175.85,1210.03,Net Banking
ORD5056,2024-01-07,Neha,Pen Set,Stationery,Pune,West,9,190.09,1710.81,157.03,Card
ORD5057,2024-08-21,Pooja,Office Chair,Furniture,Chennai,South,1,9329.99,9329.99,2207.76,Net Banking
ORD5058,2024-04-23,Aisha,Laptop,Electronics,Chennai,South,8,54849.15,438793.2,106397.88,Net Banking
ORD5059,2024-01-19,Vikram,Mouse,Electronics,Pune,West,10,751.56,7515.6,859.32,UPI
ORD5060,2024-08-04,Sanjay,Smartphone,Electronics,Chennai,South,8,27639.7,221117.6,44133.38,UPI
ORD5061,2024-05-17,Sneha,Laptop,Electronics,Pune,West,10,49759.89,497598.9,117794.26,Cash
ORD5062,2024-05-23,Arjun,Smartphone,Electronics,Delhi,North,6,32095.25,192571.5,29249.41,Card
ORD5063,2024-06-24,Kiran,Monitor,Electronics,Pune,West,10,15691.23,156912.3,38826.0,Card
ORD5064,2024-04-18,Nikhil,Monitor,Electronics,Chennai,South,8,15828.46,126627.68,10700.97,Card
ORD5065,2024-06-08,Rohit,Mouse,Electronics,Mumbai,West,1,860.23,860.23,179.54,Card
ORD5066,2024-02-27,Nikhil,Office Chair,Furniture,Kolkata,East,6,8014.55,48087.3,7001.79,Net Banking
ORD5067,2024-10-17,Sanjay,Pen Set,Stationery,Ahmedabad,West,4,184.15,736.6,115.83,Cash
ORD5068,2024-03-18,Neha,Office Chair,Furniture,Hyderabad,South,5,8511.16,42555.8,8596.34,Card
ORD5069,2024-12-04,Arjun,Backpack,Accessories,Delhi,North,9,1755.4,15798.6,2149.03,Card
ORD5070,2024-12-25,Rahul,Desk,Furniture,Kolkata,East,9,6934.53,62410.77,5974.15,Card
ORD5071,2024-11-07,Divya,Keyboard,Electronics,Mumbai,West,2,1618.36,3236.72,523.94,Net Banking
ORD5072,2024-02-21,Vikram,Laptop,Electronics,Kolkata,East,1,53518.2,53518.2,9369.25,Card
ORD5073,2024-03-03,Divya,Mouse,Electronics,Ahmedabad,West,10,740.05,7400.5,1700.21,Card
ORD5074,2024-11-09,Arjun,Mouse,Electronics,Bengaluru,South,7,831.6,5821.2,1047.04,Cash
ORD5075,2024-09-30,Nikhil,Keyboard,Electronics,Kolkata,East,5,1470.19,7350.95,1612.31,Net Banking
ORD5076,2024-06-16,Kiran,Laptop,Electronics,Chennai,South,5,56788.84,283944.2,53048.35,Net Banking
ORD5077,2024-03-08,Vikram,Laptop,Electronics,Mumbai,West,10,57390.82,573908.2,70356.19,UPI
ORD5078,2024-03-18,Kiran,Backpack,Accessories,Kolkata,East,7,1963.36,13743.52,2462.05,Cash
ORD5079,2024-07-18,Ananya,Headphones,Electronics,Bengaluru,South,6,2261.93,13571.58,3217.36,UPI
ORD5080,2024-02-12,Sanjay,Laptop,Electronics,Chennai,South,2,56839.45,113678.9,23585.39,Cash
ORD5081,2024-04-08,Meera,Office Chair,Furniture,Chennai,South,7,7769.7,54387.9,9763.79,Cash
ORD5082,2024-01-01,Ananya,Keyboard,Electronics,Chennai,South,3,1634.27,4902.81,1105.19,Card
ORD5083,2024-07-11,Sanjay,Pen Set,Stationery,Mumbai,West,9,214.15,1927.35,372.41,UPI
ORD5084,2024-04-21,Rahul,Pen Set,Stationery,Kolkata,East,8,185.11,1480.88,288.11,UPI
ORD5085,2024-08-26,Aisha,Keyboard,Electronics,Pune,West,9,1387.46,12487.14,2434.56,Card
ORD5086,2024-02-05,Rohit,Pen Set,Stationery,Kolkata,East,6,218.78,1312.68,266.72,Card
ORD5087,2024-01-11,Divya,Headphones,Electronics,Chennai,South,9,2523.48,22711.32,5209.83,Card
ORD5088,2024-11-22,Aisha,Smartphone,Electronics,Kolkata,East,5,27729.39,138646.95,20152.21,Card
ORD5089,2024-12-19,Aisha,Laptop,Electronics,Hyderabad,South,4,54048.06,216192.24,45395.64,Net Banking
ORD5090,2024-11-16,Rohit,Notebook,Stationery,Mumbai,West,7,120.16,841.12,112.6,UPI
ORD5091,2024-03-16,Arjun,Office Chair,Furniture,Ahmedabad,West,7,8115.66,56809.62,12624.36,UPI
ORD5092,2024-09-30,Priya,Backpack,Accessories,Mumbai,West,3,1971.9,5915.7,613.96,Net Banking
ORD5093,2024-08-24,Rohit,Desk,Furniture,Chennai,South,3,6832.75,20498.25,3739.4,Cash
ORD5094,2024-11-10,Divya,Notebook,Stationery,Delhi,North,3,130.47,391.41,52.14,Cash
ORD5095,2024-11-18,Divya,Keyboard,Electronics,Pune,West,9,1433.53,12901.77,3140.86,Net Banking
ORD5096,2024-04-23,Arjun,Printer,Electronics,Chennai,South,2,10978.53,21957.06,4679.84,UPI
ORD5097,2024-06-13,Meera,Office Chair,Furniture,Pune,West,1,8678.5,8678.5,1461.07,Net Banking
ORD5098,2024-12-11,Aisha,Desk,Furniture,Chennai,South,6,6744.17,40465.02,5629.19,UPI
ORD5099,2024-11-08,Ananya,Pen Set,Stationery,Kolkata,East,3,211.2,633.6,107.85,Card
ORD5100,2024-07-18,Arjun,Mouse,Electronics,Chennai,South,3,722.53,2167.59,442.31,Net Banking
ORD5101,2024-07-22,Divya,Headphones,Electronics,Chennai,South,7,2339.29,16375.03,3326.77,UPI
ORD5102,2024-10-01,Pooja,Monitor,Electronics,Hyderabad,South,4,14472.0,57888.0,7553.38,UPI
ORD5103,2024-09-07,Vikram,Headphones,Electronics,Delhi,North,6,2578.95,15473.7,2788.43,Card
ORD5104,2024-09-07,Sanjay,Backpack,Accessories,Ahmedabad,West,10,1690.4,16904.0,3739.14,Cash
ORD5105,2024-05-10,Nikhil,Mouse,Electronics,Chennai,South,10,873.87,8738.7,1911.51,Net Banking
ORD5106,2024-07-19,Neha,Keyboard,Electronics,Chennai,South,2,1369.32,2738.64,533.54,Net Banking
ORD5107,2024-07-20,Aisha,Laptop,Electronics,Mumbai,West,9,54182.66,487643.94,118702.84,Net Banking
ORD5108,2024-05-29,Nikhil,Office Chair,Furniture,Chennai,South,2,7922.53,15845.06,3821.4,Card
ORD5109,2024-07-04,Divya,Monitor,Electronics,Mumbai,West,1,15889.45,15889.45,2738.02,Card
ORD5110,2024-11-22,Meera,Laptop,Electronics,Hyderabad,South,10,60104.08,601040.8,112278.85,Card
ORD5111,2024-03-28,Pooja,Printer,Electronics,Ahmedabad,West,4,13107.72,52430.88,11668.77,UPI
ORD5112,2024-11-21,Vikram,Laptop,Electronics,Ahmedabad,West,9,55272.4,497451.6,46834.16,Card
ORD5113,2024-06-27,Priya,Backpack,Accessories,Kolkata,East,6,1894.5,11367.0,1470.93,Card
ORD5114,2024-01-12,Meera,Laptop,Electronics,Ahmedabad,West,3,49572.42,148717.26,27500.95,Cash
ORD5115,2024-12-15,Nikhil,Headphones,Electronics,Ahmedabad,West,5,2664.8,13324.0,1223.01,Card
ORD5116,2024-03-21,Rohit,Desk,Furniture,Kolkata,East,4,7180.92,28723.68,3890.97,Cash
ORD5117,2024-07-05,Neha,Mouse,Electronics,Delhi,North,2,829.51,1659.02,138.22,UPI
ORD5118,2024-05-11,Nikhil,Laptop,Electronics,Chennai,South,10,52839.32,528393.2,90577.29,Card
ORD5119,2024-04-17,Divya,Headphones,Electronics,Kolkata,East,3,2354.0,7062.0,622.17,UPI
ORD5120,2024-11-30,Meera,Desk,Furniture,Hyderabad,South,3,6636.88,19910.64,1722.44,Card
ORD5121,2024-11-23,Sneha,Laptop,Electronics,Mumbai,West,5,57010.83,285054.15,65310.58,Card
ORD5122,2024-10-20,Priya,Desk,Furniture,Delhi,North,4,7104.04,28416.16,7010.38,UPI
ORD5123,2024-08-04,Sanjay,Notebook,Stationery,Chennai,South,7,125.03,875.21,102.92,Net Banking
ORD5124,2024-01-05,Arjun,Notebook,Stationery,Kolkata,East,9,119.31,1073.79,209.31,Card
ORD5125,2024-01-10,Divya,Laptop,Electronics,Pune,West,6,52562.93,315377.58,38779.64,UPI
ORD5126,2024-12-17,Meera,Office Chair,Furniture,Kolkata,East,5,8636.48,43182.4,3486.04,Cash
ORD5127,2024-12-01,Rahul,Keyboard,Electronics,Delhi,North,9,1358.24,12224.16,1662.04,Net Banking
ORD5128,2024-12-20,Priya,Office Chair,Furniture,Pune,West,3,8636.18,25908.54,3891.17,UPI
ORD5129,2024-06-11,Sanjay,Notebook,Stationery,Hyderabad,South,5,110.3,551.5,77.75,UPI
ORD5130,2024-02-20,Nikhil,Pen Set,Stationery,Kolkata,East,10,202.93,2029.3,405.58,Card
ORD5131,2024-12-23,Arjun,Smartphone,Electronics,Delhi,North,3,31250.09,93750.27,13436.4,Card
ORD5132,2024-08-21,Aisha,Headphones,Electronics,Bengaluru,South,6,2501.61,15009.66,2599.71,Net Banking
ORD5133,2024-01-30,Nikhil,Pen Set,Stationery,Pune,West,4,193.99,775.96,97.83,Cash
ORD5134,2024-12-12,Arjun,Desk,Furniture,Kolkata,East,3,7613.79,22841.37,4724.64,Cash
ORD5135,2024-03-22,Sanjay,Laptop,Electronics,Chennai,South,2,50773.93,101547.86,13813.97,Cash
ORD5136,2024-10-09,Meera,Mouse,Electronics,Kolkata,East,3,794.08,2382.24,475.74,Card
ORD5137,2024-09-29,Rohit,Office Chair,Furniture,Bengaluru,South,4,7790.18,31160.72,4850.92,UPI
ORD5138,2024-09-30,Neha,Monitor,Electronics,Bengaluru,South,5,16225.43,81127.15,11437.84,UPI
ORD5139,2024-06-07,Sanjay,Backpack,Accessories,Ahmedabad,West,2,1921.24,3842.48,589.44,Card
ORD5140,2024-12-20,Pooja,Headphones,Electronics,Mumbai,West,6,2728.64,16371.84,2223.97,Cash
ORD5141,2024-06-29,Rohit,Pen Set,Stationery,Delhi,North,10,215.17,2151.7,188.67,Net Banking
ORD5142,2024-02-15,Rahul,Desk,Furniture,Delhi,North,8,6994.3,55954.4,10252.83,Card
ORD5143,2024-08-27,Divya,Desk,Furniture,Mumbai,West,1,7292.1,7292.1,1523.77,Card
ORD5144,2024-02-14,Divya,Desk,Furniture,Pune,West,6,7373.88,44243.28,8675.26,UPI
ORD5145,2024-01-20,Pooja,Printer,Electronics,Delhi,North,9,12169.06,109521.54,25733.82,UPI
ORD5146,2024-07-13,Nikhil,Mouse,Electronics,Hyderabad,South,3,738.61,2215.83,254.53,Net Banking
ORD5147,2024-12-14,Nikhil,Laptop,Electronics,Bengaluru,South,9,51653.33,464879.97,73425.97,UPI
ORD5148,2024-05-23,Divya,Headphones,Electronics,Mumbai,West,1,2593.43,2593.43,613.39,UPI
ORD5149,2024-11-23,Vikram,Backpack,Accessories,Chennai,South,4,1882.99,7531.96,1335.28,Card
ORD5150,2024-04-22,Arjun,Desk,Furniture,Chennai,South,6,7274.3,43645.8,10429.47,Net Banking
ORD5151,2024-10-14,Sanjay,Backpack,Accessories,Delhi,North,3,1804.81,5414.43,1108.66,Net Banking
ORD5152,2024-04-30,Rohit,Printer,Electronics,Chennai,South,9,12655.12,113896.08,14111.09,Net Banking
ORD5153,2024-01-05,Aisha,Office Chair,Furniture,Mumbai,West,1,8860.0,8860.0,2059.18,UPI
ORD5154,2024-11-09,Sanjay,Desk,Furniture,Mumbai,West,8,7122.34,56978.72,10520.04,Cash
ORD5155,2024-05-09,Sanjay,Keyboard,Electronics,Delhi,North,8,1555.2,12441.6,2354.41,Cash
ORD5156,2024-03-28,Nikhil,Keyboard,Electronics,Chennai,South,1,1485.57,1485.57,265.71,Net Banking
ORD5157,2024-08-19,Sanjay,Headphones,Electronics,Kolkata,East,6,2392.4,14354.4,1715.12,Cash
ORD5158,2024-05-12,Arjun,Notebook,Stationery,Chennai,South,7,108.74,761.18,164.46,Cash
ORD5159,2024-11-22,Nikhil,Notebook,Stationery,Mumbai,West,10,120.38,1203.8,291.7,UPI
ORD5160,2024-09-16,Pooja,Desk,Furniture,Kolkata,East,6,7008.79,42052.74,5610.61,Card
ORD5161,2024-10-09,Rahul,Pen Set,Stationery,Ahmedabad,West,6,196.67,1180.02,292.24,Net Banking
ORD5162,2024-09-07,Sanjay,Desk,Furniture,Pune,West,4,7687.38,30749.52,5999.92,Card
ORD5163,2024-08-26,Divya,Laptop,Electronics,Ahmedabad,West,2,58370.07,116740.14,26013.62,UPI
ORD5164,2024-01-02,Vikram,Pen Set,Stationery,Mumbai,West,6,206.3,1237.8,234.1,Card
ORD5165,2024-09-13,Kiran,Office Chair,Furniture,Hyderabad,South,3,7974.27,23922.81,4823.66,Cash
ORD5166,2024-06-23,Priya,Laptop,Electronics,Mumbai,West,4,53996.8,215987.2,38864.23,Cash
ORD5167,2024-03-11,Neha,Pen Set,Stationery,Bengaluru,South,3,188.97,566.91,119.08,Net Banking
ORD5168,2024-12-09,Nikhil,Mouse,Electronics,Mumbai,West,3,793.38,2380.14,317.29,Cash
ORD5169,2024-12-19,Ananya,Smartphone,Electronics,Pune,West,10,29702.94,297029.4,37016.36,Card
ORD5170,2024-05-29,Divya,Headphones,Electronics,Hyderabad,South,4,2383.92,9535.68,1552.8,Cash
ORD5171,2024-08-19,Ananya,Laptop,Electronics,Mumbai,West,6,52953.6,317721.6,44034.63,Card
ORD5172,2024-04-09,Divya,Laptop,Electronics,Bengaluru,South,7,50749.01,355243.07,43606.44,Cash
ORD5173,2024-07-19,Rahul,Keyboard,Electronics,Delhi,North,10,1432.23,14322.3,2290.4,Card
ORD5174,2024-09-01,Aisha,Smartphone,Electronics,Mumbai,West,10,27559.46,275594.6,51791.8,UPI
ORD5175,2024-03-19,Priya,Office Chair,Furniture,Delhi,North,1,8393.92,8393.92,1249.75,Card
ORD5176,2024-08-02,Meera,Printer,Electronics,Mumbai,West,1,11675.23,11675.23,1521.59,Cash
ORD5177,2024-06-23,Rohit,Monitor,Electronics,Bengaluru,South,5,14612.94,73064.7,9867.62,Cash
ORD5178,2024-01-04,Vikram,Laptop,Electronics,Hyderabad,South,7,51834.71,362842.97,49557.51,Net Banking
ORD5179,2024-07-28,Sanjay,Desk,Furniture,Pune,West,4,6624.92,26499.68,2736.69,Card
ORD5180,2024-01-15,Meera,Notebook,Stationery,Bengaluru,South,5,124.28,621.4,93.14,Card
ORD5181,2024-03-13,Divya,Backpack,Accessories,Mumbai,West,7,1823.6,12765.2,2585.57,UPI
ORD5182,2024-06-21,Aisha,Headphones,Electronics,Hyderabad,South,3,2281.03,6843.09,1064.11,UPI
ORD5183,2024-11-25,Neha,Office Chair,Furniture,Chennai,South,8,8964.54,71716.32,6189.94,Net Banking
ORD5184,2024-01-29,Arjun,Laptop,Electronics,Chennai,South,6,56960.37,341762.22,37371.49,Card
ORD5185,2024-08-31,Neha,Keyboard,Electronics,Pune,West,10,1359.95,13599.5,2096.93,Card
ORD5186,2024-04-09,Aisha,Smartphone,Electronics,Kolkata,East,3,31368.7,94106.1,16347.13,Card
ORD5187,2024-02-07,Nikhil,Pen Set,Stationery,Mumbai,West,10,209.39,2093.9,471.92,Card
ORD5188,2024-06-21,Arjun,Notebook,Stationery,Kolkata,East,10,111.52,1115.2,89.68,UPI
ORD5189,2024-01-29,Neha,Desk,Furniture,Chennai,South,3,6542.67,19628.01,2964.68,Card
ORD5190,2024-08-20,Pooja,Headphones,Electronics,Mumbai,West,8,2472.24,19777.92,2522.75,UPI
ORD5191,2024-10-04,Meera,Mouse,Electronics,Pune,West,10,809.55,8095.5,1323.37,Net Banking
ORD5192,2024-12-20,Aisha,Headphones,Electronics,Hyderabad,South,1,2450.11,2450.11,258.79,UPI
ORD5193,2024-05-29,Sneha,Smartphone,Electronics,Hyderabad,South,7,32856.24,229993.68,40037.09,Net Banking
ORD5194,2024-05-18,Vikram,Backpack,Accessories,Kolkata,East,6,1801.18,10807.08,1459.9,Net Banking
ORD5195,2024-05-15,Vikram,Laptop,Electronics,Kolkata,East,1,56614.06,56614.06,13057.46,Card
ORD5196,2024-08-19,Meera,Backpack,Accessories,Pune,West,6,1683.68,10102.08,1599.92,Net Banking
ORD5197,2024-05-13,Ananya,Backpack,Accessories,Pune,West,8,1798.13,14385.04,3366.73,Net Banking
ORD5198,2024-01-28,Divya,Laptop,Electronics,Pune,West,7,52998.88,370992.16,59201.99,UPI
ORD5199,2024-09-24,Ananya,Headphones,Electronics,Ahmedabad,West,3,2522.88,7568.64,805.01,Card
ORD5200,2024-11-25,Pooja,Printer,Electronics,Hyderabad,South,7,12448.84,87141.88,8026.13,Net Banking
ORD5201,2024-09-09,Rahul,Keyboard,Electronics,Chennai,South,8,1358.05,10864.4,1500.07,Net Banking
ORD5202,2024-09-20,Ananya,Laptop,Electronics,Delhi,North,7,57514.99,402604.93,59435.93,Card
ORD5203,2024-10-22,Sanjay,Smartphone,Electronics,Kolkata,East,7,28833.69,201835.83,32340.46,Cash
ORD5204,2024-03-04,Neha,Pen Set,Stationery,Chennai,South,3,198.65,595.95,100.73,Card
ORD5205,2024-07-10,Aisha,Keyboard,Electronics,Hyderabad,South,9,1555.41,13998.69,1686.81,Cash
ORD5206,2024-11-11,Meera,Smartphone,Electronics,Kolkata,East,1,27508.44,27508.44,5024.92,Cash
ORD5207,2024-03-01,Vikram,Printer,Electronics,Bengaluru,South,9,11855.98,106703.82,25423.63,UPI
ORD5208,2024-03-28,Ananya,Backpack,Accessories,Kolkata,East,8,1934.0,15472.0,1508.07,Net Banking
ORD5209,2024-05-25,Arjun,Desk,Furniture,Chennai,South,1,6959.81,6959.81,894.26,Card
ORD5210,2024-03-18,Aisha,Office Chair,Furniture,Delhi,North,8,8665.07,69320.56,10884.16,Cash
ORD5211,2024-01-18,Neha,Office Chair,Furniture,Chennai,South,1,8206.79,8206.79,750.54,UPI
ORD5212,2024-07-04,Ananya,Laptop,Electronics,Ahmedabad,West,1,58467.66,58467.66,9611.01,Card
ORD5213,2024-10-16,Vikram,Laptop,Electronics,Delhi,North,1,51134.57,51134.57,9872.6,Card
ORD5214,2024-12-11,Priya,Pen Set,Stationery,Mumbai,West,10,187.03,1870.3,175.67,Net Banking
ORD5215,2024-11-30,Aisha,Mouse,Electronics,Ahmedabad,West,5,823.75,4118.75,801.73,Cash
ORD5216,2024-08-19,Nikhil,Pen Set,Stationery,Mumbai,West,10,196.89,1968.9,356.67,Cash
ORD5217,2024-12-14,Rohit,Keyboard,Electronics,Hyderabad,South,6,1395.4,8372.4,1613.6,Cash
ORD5218,2024-02-27,Kiran,Pen Set,Stationery,Hyderabad,South,1,191.25,191.25,28.45,Card
ORD5219,2024-07-06,Rahul,Desk,Furniture,Pune,West,1,7617.62,7617.62,1628.45,Card
ORD5220,2024-08-04,Pooja,Monitor,Electronics,Ahmedabad,West,10,15802.05,158020.5,35969.84,Net Banking
ORD5221,2024-07-11,Pooja,Backpack,Accessories,Ahmedabad,West,7,1812.09,12684.63,2618.14,UPI
ORD5222,2024-08-22,Sneha,Printer,Electronics,Delhi,North,6,11991.37,71948.22,6837.14,UPI
ORD5223,2024-02-10,Sneha,Mouse,Electronics,Pune,West,10,835.77,8357.7,1402.05,Cash
ORD5224,2024-06-21,Meera,Notebook,Stationery,Bengaluru,South,9,109.4,984.6,238.79,Net Banking
ORD5225,2024-05-15,Kiran,Headphones,Electronics,Pune,West,1,2586.92,2586.92,402.31,UPI
ORD5226,2024-05-04,Kiran,Notebook,Stationery,Kolkata,East,4,112.38,449.52,64.53,Card
ORD5227,2024-01-30,Neha,Desk,Furniture,Chennai,South,2,7561.91,15123.82,1442.66,Cash
ORD5228,2024-09-18,Rohit,Backpack,Accessories,Chennai,South,9,1710.1,15390.9,3003.73,Cash
ORD5229,2024-10-22,Divya,Notebook,Stationery,Mumbai,West,3,109.83,329.49,46.35,UPI
ORD5230,2024-12-21,Arjun,Printer,Electronics,Mumbai,West,1,12764.96,12764.96,2006.31,Cash
ORD5231,2024-08-02,Sneha,Backpack,Accessories,Bengaluru,South,1,1938.51,1938.51,203.79,Card
ORD5232,2024-05-31,Meera,Mouse,Electronics,Ahmedabad,West,3,721.38,2164.14,486.42,Card
ORD5233,2024-03-13,Rahul,Notebook,Stationery,Ahmedabad,West,9,128.75,1158.75,234.19,Cash
ORD5234,2024-06-05,Divya,Desk,Furniture,Pune,West,10,7320.38,73203.8,9341.31,UPI
ORD5235,2024-02-23,Vikram,Keyboard,Electronics,Hyderabad,South,10,1424.37,14243.7,2242.86,Cash
ORD5236,2024-08-22,Priya,Pen Set,Stationery,Ahmedabad,West,3,183.22,549.66,84.13,Net Banking
ORD5237,2024-04-02,Divya,Mouse,Electronics,Bengaluru,South,5,775.06,3875.3,404.93,Net Banking
ORD5238,2024-08-28,Kiran,Office Chair,Furniture,Ahmedabad,West,10,9338.36,93383.6,15800.99,Cash
ORD5239,2024-05-30,Rahul,Keyboard,Electronics,Delhi,North,9,1427.39,12846.51,2014.67,Card
ORD5240,2024-03-10,Nikhil,Keyboard,Electronics,Bengaluru,South,2,1625.42,3250.84,771.93,Card
ORD5241,2024-12-22,Vikram,Office Chair,Furniture,Bengaluru,South,6,9286.35,55718.1,8577.46,Cash
ORD5242,2024-05-07,Meera,Pen Set,Stationery,Chennai,South,10,188.35,1883.5,271.35,UPI
ORD5243,2024-05-30,Vikram,Smartphone,Electronics,Hyderabad,South,5,32048.93,160244.65,27202.75,Card
ORD5244,2024-07-03,Divya,Office Chair,Furniture,Delhi,North,7,7852.01,54964.07,12685.97,Net Banking
ORD5245,2024-08-26,Ananya,Headphones,Electronics,Hyderabad,South,4,2683.91,10735.64,972.19,Net Banking
ORD5246,2024-04-28,Rahul,Mouse,Electronics,Pune,West,9,724.84,6523.56,872.41,Net Banking
ORD5247,2024-05-03,Arjun,Laptop,Electronics,Hyderabad,South,3,54444.62,163333.86,38717.73,UPI
ORD5248,2024-09-08,Rahul,Monitor,Electronics,Ahmedabad,West,3,15925.28,47775.84,11242.15,Net Banking
ORD5249,2024-06-29,Divya,Pen Set,Stationery,Hyderabad,South,5,191.93,959.65,219.06,Card
ORD5250,2024-12-23,Ananya,Smartphone,Electronics,Chennai,South,3,30753.26,92259.78,10669.86,Net Banking
ORD5251,2024-01-25,Neha,Printer,Electronics,Hyderabad,South,9,12969.79,116728.11,20045.68,Net Banking
ORD5252,2024-11-14,Sanjay,Office Chair,Furniture,Chennai,South,6,8834.82,53008.92,6933.42,Cash
ORD5253,2024-12-28,Sanjay,Printer,Electronics,Kolkata,East,7,11355.95,79491.65,12210.83,Cash
ORD5254,2024-09-24,Priya,Smartphone,Electronics,Bengaluru,South,3,30770.87,92312.61,16031.54,Cash
ORD5255,2024-10-03,Divya,Headphones,Electronics,Chennai,South,3,2707.44,8122.32,1372.37,Net Banking
ORD5256,2024-07-18,Rohit,Notebook,Stationery,Bengaluru,South,6,128.02,768.12,141.55,Cash
ORD5257,2024-01-19,Kiran,Headphones,Electronics,Hyderabad,South,9,2745.07,24705.63,3862.26,Card
ORD5258,2024-03-26,Sanjay,Laptop,Electronics,Mumbai,West,2,56868.34,113736.68,25335.41,Net Banking
ORD5259,2024-04-16,Sanjay,Smartphone,Electronics,Hyderabad,South,4,31474.75,125899.0,29718.95,Net Banking
ORD5260,2024-09-03,Meera,Office Chair,Furniture,Kolkata,East,5,7865.52,39327.6,6104.72,Net Banking
ORD5261,2024-04-05,Vikram,Headphones,Electronics,Kolkata,East,9,2601.21,23410.89,4968.38,Card
ORD5262,2024-03-17,Ananya,Printer,Electronics,Ahmedabad,West,7,13155.74,92090.18,18676.24,Net Banking
ORD5263,2024-01-04,Divya,Desk,Furniture,Mumbai,West,5,6912.68,34563.4,3235.1,Card
ORD5264,2024-11-21,Nikhil,Pen Set,Stationery,Mumbai,West,4,190.64,762.56,143.1,Cash
ORD5265,2024-11-28,Priya,Desk,Furniture,Mumbai,West,6,7546.99,45281.94,4958.02,Net Banking
ORD5266,2024-09-28,Kiran,Desk,Furniture,Bengaluru,South,1,6656.57,6656.57,773.52,Net Banking
ORD5267,2024-11-21,Aisha,Monitor,Electronics,Bengaluru,South,3,15827.85,47483.55,5579.62,Card
ORD5268,2024-12-29,Priya,Headphones,Electronics,Delhi,North,8,2711.39,21691.12,1818.79,Cash
ORD5269,2024-07-29,Meera,Laptop,Electronics,Hyderabad,South,6,53264.01,319584.06,41341.44,Card
ORD5270,2024-02-23,Divya,Notebook,Stationery,Ahmedabad,West,8,123.58,988.64,128.36,Net Banking
ORD5271,2024-05-26,Divya,Printer,Electronics,Chennai,South,6,12692.92,76157.52,11547.41,Net Banking
ORD5272,2024-05-22,Meera,Monitor,Electronics,Kolkata,East,6,14640.34,87842.04,7179.07,Cash
ORD5273,2024-12-30,Priya,Backpack,Accessories,Kolkata,East,8,1888.6,15108.8,1740.97,UPI
ORD5274,2024-09-30,Vikram,Backpack,Accessories,Hyderabad,South,5,1815.97,9079.85,1236.22,Net Banking
ORD5275,2024-11-10,Sneha,Laptop,Electronics,Bengaluru,South,7,59302.84,415119.88,50086.63,Cash
ORD5276,2024-07-30,Ananya,Notebook,Stationery,Pune,West,3,118.12,354.36,30.26,Cash
ORD5277,2024-04-25,Sanjay,Monitor,Electronics,Bengaluru,South,2,13886.32,27772.64,5613.68,Card
ORD5278,2024-09-12,Rahul,Notebook,Stationery,Bengaluru,South,2,113.79,227.58,54.78,Net Banking
ORD5279,2024-01-28,Kiran,Headphones,Electronics,Mumbai,West,4,2427.93,9711.72,1684.53,UPI
ORD5280,2024-08-22,Sneha,Laptop,Electronics,Bengaluru,South,2,53525.73,107051.46,12539.81,Card
ORD5281,2024-08-18,Vikram,Mouse,Electronics,Kolkata,East,8,723.39,5787.12,1088.56,Card
ORD5282,2024-07-06,Rohit,Printer,Electronics,Ahmedabad,West,2,13195.16,26390.32,6265.6,Net Banking
ORD5283,2024-05-31,Kiran,Pen Set,Stationery,Delhi,North,8,207.87,1662.96,297.39,Net Banking
ORD5284,2024-01-14,Neha,Mouse,Electronics,Delhi,North,10,811.21,8112.1,1995.29,Cash
ORD5285,2024-02-12,Vikram,Mouse,Electronics,Mumbai,West,7,741.44,5190.08,1041.71,UPI
ORD5286,2024-11-15,Kiran,Keyboard,Electronics,Delhi,North,5,1619.27,8096.35,1417.31,Card
ORD5287,2024-07-06,Priya,Backpack,Accessories,Delhi,North,3,1886.06,5658.18,1090.2,UPI
ORD5288,2024-02-04,Rohit,Desk,Furniture,Hyderabad,South,2,6852.1,13704.2,1826.32,Card
ORD5289,2024-06-12,Priya,Smartphone,Electronics,Pune,West,6,29948.56,179691.36,36080.32,UPI
ORD5290,2024-11-14,Neha,Monitor,Electronics,Bengaluru,South,3,14920.75,44762.25,6516.13,Cash
ORD5291,2024-03-13,Sneha,Desk,Furniture,Mumbai,West,1,7018.05,7018.05,1485.61,UPI
ORD5292,2024-03-27,Nikhil,Monitor,Electronics,Delhi,North,4,14016.91,56067.64,13418.26,Cash
ORD5293,2024-08-11,Arjun,Keyboard,Electronics,Bengaluru,South,3,1524.82,4574.46,1142.58,Cash
ORD5294,2024-02-15,Sanjay,Pen Set,Stationery,Bengaluru,South,10,190.02,1900.2,208.88,UPI
ORD5295,2024-10-17,Ananya,Mouse,Electronics,Hyderabad,South,6,796.51,4779.06,639.86,UPI
ORD5296,2024-12-01,Arjun,Keyboard,Electronics,Ahmedabad,West,10,1623.93,16239.3,1543.58,Card
ORD5297,2024-10-31,Rahul,Mouse,Electronics,Pune,West,7,721.31,5049.17,879.2,UPI
ORD5298,2024-07-06,Vikram,Monitor,Electronics,Pune,West,4,14285.96,57143.84,9451.46,UPI
ORD5299,2024-12-20,Priya,Monitor,Electronics,Mumbai,West,10,15801.41,158014.1,29387.49,Net Banking
ORD5300,2024-03-06,Rahul,Office Chair,Furniture,Kolkata,East,2,7965.59,15931.18,1922.36,UPI
ORD5301,2024-12-28,Arjun,Headphones,Electronics,Bengaluru,South,3,2559.62,7678.86,1766.79,UPI
ORD5302,2024-10-13,Ananya,Monitor,Electronics,Bengaluru,South,2,14370.0,28740.0,6497.56,Card
ORD5303,2024-02-05,Rohit,Notebook,Stationery,Bengaluru,South,9,121.08,1089.72,185.04,Net Banking
ORD5304,2024-02-29,Sanjay,Pen Set,Stationery,Kolkata,East,5,212.38,1061.9,113.44,UPI
ORD5305,2024-04-08,Kiran,Pen Set,Stationery,Bengaluru,South,9,186.16,1675.44,325.07,Net Banking
ORD5306,2024-08-08,Neha,Printer,Electronics,Mumbai,West,2,11861.44,23722.88,2509.23,Net Banking
ORD5307,2024-12-22,Rahul,Desk,Furniture,Bengaluru,South,5,7663.32,38316.6,7700.07,Net Banking
ORD5308,2024-02-17,Rohit,Smartphone,Electronics,Bengaluru,South,4,31144.69,124578.76,29067.37,UPI
ORD5309,2024-01-16,Rahul,Printer,Electronics,Ahmedabad,West,5,10885.84,54429.2,11878.3,Card
ORD5310,2024-05-07,Sneha,Backpack,Accessories,Mumbai,West,3,1628.25,4884.75,1127.65,Cash
ORD5311,2024-05-11,Neha,Notebook,Stationery,Delhi,North,7,108.67,760.69,124.62,Net Banking
ORD5312,2024-06-26,Pooja,Office Chair,Furniture,Delhi,North,1,9054.84,9054.84,1487.79,Card
ORD5313,2024-04-16,Rahul,Mouse,Electronics,Ahmedabad,West,3,756.17,2268.51,499.84,Net Banking
ORD5314,2024-02-09,Rahul,Laptop,Electronics,Mumbai,West,8,60056.49,480451.92,79587.27,UPI
ORD5315,2024-10-20,Rohit,Mouse,Electronics,Ahmedabad,West,1,872.66,872.66,182.51,Net Banking
ORD5316,2024-01-07,Kiran,Monitor,Electronics,Bengaluru,South,7,14696.81,102877.67,16304.22,Cash
ORD5317,2024-03-11,Pooja,Office Chair,Furniture,Kolkata,East,7,8816.91,61718.37,7513.96,Card
ORD5318,2024-12-14,Kiran,Monitor,Electronics,Ahmedabad,West,1,13587.83,13587.83,1336.72,UPI
ORD5319,2024-08-03,Arjun,Laptop,Electronics,Ahmedabad,West,2,52517.83,105035.66,9269.87,Card
ORD5320,2024-07-26,Kiran,Headphones,Electronics,Mumbai,West,5,2357.75,11788.75,1004.47,Net Banking
ORD5321,2024-11-15,Neha,Keyboard,Electronics,Pune,West,9,1558.05,14022.45,2437.8,Card
ORD5322,2024-10-22,Vikram,Monitor,Electronics,Ahmedabad,West,6,15299.34,91796.04,7424.9,Card
ORD5323,2024-07-10,Meera,Headphones,Electronics,Delhi,North,9,2669.23,24023.07,2499.2,Cash
ORD5324,2024-04-18,Rohit,Backpack,Accessories,Pune,West,6,1733.89,10403.34,2371.39,UPI
ORD5325,2024-09-22,Sanjay,Notebook,Stationery,Kolkata,East,1,131.13,131.13,30.98,Card
ORD5326,2024-10-07,Nikhil,Monitor,Electronics,Kolkata,East,8,15127.98,121023.84,28381.16,Net Banking
ORD5327,2024-05-03,Meera,Monitor,Electronics,Kolkata,East,10,16023.56,160235.6,18062.79,UPI
ORD5328,2024-09-22,Sneha,Laptop,Electronics,Pune,West,4,54023.14,216092.56,33413.5,Net Banking
ORD5329,2024-12-30,Sneha,Office Chair,Furniture,Pune,West,9,8382.24,75440.16,12186.1,UPI
ORD5330,2024-07-23,Arjun,Office Chair,Furniture,Mumbai,West,8,8953.43,71627.44,7316.44,UPI
ORD5331,2024-09-03,Divya,Desk,Furniture,Delhi,North,6,7546.37,45278.22,8048.88,UPI
ORD5332,2024-02-22,Rahul,Smartphone,Electronics,Pune,West,6,30080.31,180481.86,14588.0,Cash
ORD5333,2024-12-27,Sneha,Keyboard,Electronics,Chennai,South,6,1481.82,8890.92,1533.58,Card
ORD5334,2024-03-01,Rahul,Backpack,Accessories,Kolkata,East,2,1646.17,3292.34,565.07,Cash
ORD5335,2024-09-21,Rohit,Office Chair,Furniture,Bengaluru,South,4,9141.67,36566.68,3398.57,Card
ORD5336,2024-05-18,Divya,Office Chair,Furniture,Bengaluru,South,6,8230.88,49385.28,9905.56,Cash
ORD5337,2024-09-16,Pooja,Keyboard,Electronics,Hyderabad,South,7,1500.23,10501.61,1280.73,Cash
ORD5338,2024-01-14,Arjun,Monitor,Electronics,Ahmedabad,West,8,13768.51,110148.08,13809.92,Cash
ORD5339,2024-10-17,Kiran,Pen Set,Stationery,Pune,West,6,191.23,1147.38,157.71,Net Banking
ORD5340,2024-02-14,Rahul,Office Chair,Furniture,Bengaluru,South,1,8042.47,8042.47,652.89,Net Banking
ORD5341,2024-04-22,Meera,Pen Set,Stationery,Hyderabad,South,3,199.86,599.58,63.24,Net Banking
ORD5342,2024-11-29,Sanjay,Notebook,Stationery,Ahmedabad,West,5,124.49,622.45,122.86,Net Banking
ORD5343,2024-07-07,Aisha,Backpack,Accessories,Mumbai,West,7,1907.22,13350.54,1594.03,UPI
ORD5344,2024-04-09,Sneha,Notebook,Stationery,Delhi,North,8,108.52,868.16,186.05,UPI
ORD5345,2024-01-17,Meera,Backpack,Accessories,Chennai,South,7,1865.87,13061.09,3058.52,UPI
ORD5346,2024-01-10,Arjun,Smartphone,Electronics,Mumbai,West,7,31821.17,222748.19,47762.23,Cash
ORD5347,2024-08-30,Sanjay,Printer,Electronics,Pune,West,9,11452.82,103075.38,23519.0,Net Banking
ORD5348,2024-10-19,Kiran,Laptop,Electronics,Bengaluru,South,7,51399.93,359799.51,58572.63,Cash
ORD5349,2024-06-30,Sneha,Backpack,Accessories,Chennai,South,5,1912.07,9560.35,1730.1,Cash
ORD5350,2024-02-13,Nikhil,Notebook,Stationery,Kolkata,East,7,121.83,852.81,110.8,Net Banking
ORD5351,2024-09-13,Ananya,Backpack,Accessories,Delhi,North,7,1666.96,11668.72,1613.49,UPI
ORD5352,2024-05-18,Sneha,Smartphone,Electronics,Kolkata,East,2,30890.17,61780.34,9635.32,Net Banking
ORD5353,2024-12-11,Rahul,Notebook,Stationery,Pune,West,6,122.04,732.24,87.74,Net Banking
ORD5354,2024-05-22,Neha,Backpack,Accessories,Mumbai,West,9,1702.06,15318.54,1648.15,Net Banking
ORD5355,2024-08-26,Meera,Backpack,Accessories,Chennai,South,1,1639.09,1639.09,255.11,UPI
ORD5356,2024-05-02,Ananya,Headphones,Electronics,Pune,West,6,2474.24,14845.44,3590.32,Cash
ORD5357,2024-05-27,Priya,Notebook,Stationery,Pune,West,9,114.76,1032.84,205.33,Card
ORD5358,2024-10-04,Arjun,Mouse,Electronics,Delhi,North,3,845.95,2537.85,585.71,Card
ORD5359,2024-07-26,Aisha,Desk,Furniture,Hyderabad,South,9,7433.55,66901.95,13460.68,Net Banking
ORD5360,2024-06-15,Divya,Notebook,Stationery,Chennai,South,4,109.16,436.64,45.21,Cash
ORD5361,2024-09-22,Meera,Pen Set,Stationery,Ahmedabad,West,8,183.83,1470.64,138.35,Card
ORD5362,2024-01-20,Aisha,Backpack,Accessories,Chennai,South,9,1931.51,17383.59,4228.08,Cash
ORD5363,2024-08-01,Rahul,Smartphone,Electronics,Bengaluru,South,8,31366.33,250930.64,25228.47,UPI
ORD5364,2024-02-11,Rahul,Keyboard,Electronics,Kolkata,East,5,1426.37,7131.85,1434.47,Card
ORD5365,2024-06-03,Sanjay,Laptop,Electronics,Ahmedabad,West,6,58302.69,349816.14,38241.38,Net Banking
ORD5366,2024-12-08,Vikram,Monitor,Electronics,Delhi,North,3,14223.53,42670.59,10667.57,Cash
ORD5367,2024-10-13,Neha,Printer,Electronics,Ahmedabad,West,8,10811.36,86490.88,13811.6,UPI
ORD5368,2024-02-18,Priya,Pen Set,Stationery,Hyderabad,South,6,189.69,1138.14,155.74,UPI
ORD5369,2024-07-26,Vikram,Pen Set,Stationery,Bengaluru,South,9,218.76,1968.84,410.19,UPI
ORD5370,2024-10-04,Divya,Notebook,Stationery,Kolkata,East,7,117.89,825.23,68.76,Cash
ORD5371,2024-11-27,Kiran,Backpack,Accessories,Mumbai,West,9,1977.39,17796.51,3931.62,Net Banking
ORD5372,2024-09-28,Priya,Smartphone,Electronics,Kolkata,East,5,29415.07,147075.35,32400.2,UPI
ORD5373,2024-08-29,Ananya,Backpack,Accessories,Bengaluru,South,1,1688.01,1688.01,420.0,UPI
ORD5374,2024-09-27,Aisha,Desk,Furniture,Bengaluru,South,4,6982.39,27929.56,5922.21,Net Banking
ORD5375,2024-12-27,Ananya,Backpack,Accessories,Kolkata,East,10,1700.93,17009.3,1466.53,Card
ORD5376,2024-08-10,Vikram,Keyboard,Electronics,Pune,West,10,1396.37,13963.7,2767.49,Cash
ORD5377,2024-07-28,Kiran,Printer,Electronics,Ahmedabad,West,7,13041.29,91289.03,10034.53,UPI
ORD5378,2024-08-14,Priya,Desk,Furniture,Pune,West,5,7436.9,37184.5,5471.49,Net Banking
ORD5379,2024-11-02,Meera,Desk,Furniture,Kolkata,East,6,7247.77,43486.62,4142.89,Card
ORD5380,2024-09-01,Rohit,Printer,Electronics,Chennai,South,8,13195.05,105560.4,13316.01,Cash
ORD5381,2024-03-17,Ananya,Laptop,Electronics,Bengaluru,South,4,52880.64,211522.56,44420.04,Card
ORD5382,2024-01-30,Arjun,Office Chair,Furniture,Hyderabad,South,7,8689.48,60826.36,14965.62,Card
ORD5383,2024-07-09,Vikram,Backpack,Accessories,Kolkata,East,5,1744.31,8721.55,2110.75,Card
ORD5384,2024-08-24,Pooja,Monitor,Electronics,Bengaluru,South,10,16231.56,162315.6,33927.08,Cash
ORD5385,2024-06-24,Priya,Laptop,Electronics,Kolkata,East,4,53185.13,212740.52,32667.52,Card
ORD5386,2024-03-05,Kiran,Keyboard,Electronics,Ahmedabad,West,7,1573.39,11013.73,1570.3,Card
ORD5387,2024-04-17,Divya,Desk,Furniture,Bengaluru,South,1,7308.17,7308.17,1029.63,Net Banking
ORD5388,2024-04-21,Sneha,Notebook,Stationery,Mumbai,West,4,111.26,445.04,68.47,Card
ORD5389,2024-09-23,Arjun,Headphones,Electronics,Delhi,North,7,2329.67,16307.69,3928.52,Net Banking
ORD5390,2024-10-23,Arjun,Headphones,Electronics,Mumbai,West,8,2587.08,20696.64,2311.0,UPI
ORD5391,2024-12-23,Nikhil,Laptop,Electronics,Mumbai,West,4,57392.07,229568.28,50544.93,UPI
ORD5392,2024-01-18,Arjun,Laptop,Electronics,Pune,West,3,56704.78,170114.34,20867.44,Net Banking
ORD5393,2024-04-10,Aisha,Laptop,Electronics,Pune,West,4,51601.96,206407.84,47632.98,UPI
ORD5394,2024-02-12,Priya,Pen Set,Stationery,Mumbai,West,9,191.24,1721.16,254.33,Cash
ORD5395,2024-08-25,Arjun,Pen Set,Stationery,Ahmedabad,West,9,205.04,1845.36,151.59,Net Banking
ORD5396,2024-12-03,Divya,Smartphone,Electronics,Delhi,North,2,29865.11,59730.22,9052.97,UPI
ORD5397,2024-06-06,Sneha,Pen Set,Stationery,Kolkata,East,5,194.78,973.9,194.8,Card
ORD5398,2024-04-23,Vikram,Smartphone,Electronics,Delhi,North,8,30994.13,247953.04,42572.17,Card
ORD5399,2024-11-18,Sanjay,Office Chair,Furniture,Pune,West,1,8199.46,8199.46,1650.22,Net Banking
ORD5400,2024-05-14,Nikhil,Monitor,Electronics,Kolkata,East,9,15087.96,135791.64,25100.52,Card
ORD5401,2024-11-10,Neha,Printer,Electronics,Mumbai,West,10,10891.24,108912.4,19881.87,Net Banking
ORD5402,2024-05-01,Priya,Pen Set,Stationery,Mumbai,West,4,183.21,732.84,105.01,UPI
ORD5403,2024-06-25,Pooja,Notebook,Stationery,Delhi,North,10,127.78,1277.8,193.59,Cash
ORD5404,2024-08-10,Neha,Smartphone,Electronics,Bengaluru,South,3,28989.73,86969.19,12814.11,Net Banking
ORD5405,2024-06-01,Vikram,Pen Set,Stationery,Bengaluru,South,7,205.85,1440.95,169.94,Net Banking
ORD5406,2024-09-29,Divya,Desk,Furniture,Chennai,South,5,7460.37,37301.85,6643.12,Card
ORD5407,2024-04-28,Meera,Headphones,Electronics,Delhi,North,10,2294.51,22945.1,4685.88,Cash
ORD5408,2024-03-19,Rahul,Headphones,Electronics,Pune,West,3,2678.26,8034.78,1163.38,Cash
ORD5409,2024-04-15,Rohit,Mouse,Electronics,Kolkata,East,4,865.21,3460.84,536.78,Net Banking
ORD5410,2024-01-04,Arjun,Monitor,Electronics,Pune,West,10,14510.45,145104.5,26322.05,Cash
ORD5411,2024-11-30,Kiran,Mouse,Electronics,Pune,West,7,777.97,5445.79,1156.57,Card
ORD5412,2024-01-28,Priya,Smartphone,Electronics,Ahmedabad,West,1,30081.29,30081.29,3517.23,UPI
ORD5413,2024-07-11,Arjun,Laptop,Electronics,Hyderabad,South,8,59840.16,478721.28,69236.88,Card
ORD5414,2024-04-05,Priya,Mouse,Electronics,Kolkata,East,8,752.78,6022.24,1203.01,Card
ORD5415,2024-02-03,Divya,Keyboard,Electronics,Ahmedabad,West,5,1519.28,7596.4,1380.47,Net Banking
ORD5416,2024-06-03,Meera,Laptop,Electronics,Chennai,South,10,50862.27,508622.7,92846.73,Net Banking
ORD5417,2024-03-19,Divya,Office Chair,Furniture,Bengaluru,South,8,8003.38,64027.04,14470.48,Cash
ORD5418,2024-04-11,Aisha,Keyboard,Electronics,Ahmedabad,West,9,1615.97,14543.73,2716.06,Net Banking
ORD5419,2024-02-16,Vikram,Printer,Electronics,Delhi,North,10,11671.36,116713.6,27976.91,Net Banking
ORD5420,2024-07-31,Sneha,Laptop,Electronics,Bengaluru,South,10,51676.1,516761.0,49838.33,Cash
ORD5421,2024-05-06,Nikhil,Pen Set,Stationery,Chennai,South,1,191.42,191.42,39.76,Cash
ORD5422,2024-09-09,Pooja,Office Chair,Furniture,Kolkata,East,10,9070.17,90701.7,11187.15,Card
ORD5423,2024-01-30,Nikhil,Backpack,Accessories,Mumbai,West,9,1778.57,16007.13,2774.79,Cash
ORD5424,2024-02-14,Meera,Headphones,Electronics,Bengaluru,South,6,2444.5,14667.0,2033.01,Card
ORD5425,2024-10-03,Meera,Desk,Furniture,Pune,West,8,6919.56,55356.48,10012.91,Card
ORD5426,2024-11-06,Sanjay,Desk,Furniture,Pune,West,4,7441.4,29765.6,4176.39,Net Banking
ORD5427,2024-03-21,Nikhil,Printer,Electronics,Delhi,North,10,11314.37,113143.7,9831.97,Cash
ORD5428,2024-11-26,Rohit,Laptop,Electronics,Hyderabad,South,4,49995.87,199983.48,45255.77,Net Banking
ORD5429,2024-04-23,Sneha,Keyboard,Electronics,Kolkata,East,10,1635.69,16356.9,1768.47,Card
ORD5430,2024-02-27,Priya,Mouse,Electronics,Pune,West,9,784.91,7064.19,961.41,UPI
ORD5431,2024-08-19,Rahul,Pen Set,Stationery,Delhi,North,7,181.29,1269.03,152.25,UPI
ORD5432,2024-11-14,Sneha,Printer,Electronics,Bengaluru,South,4,11592.28,46369.12,6155.87,Net Banking
ORD5433,2024-09-01,Divya,Office Chair,Furniture,Bengaluru,South,5,8648.59,43242.95,3890.21,Cash
ORD5434,2024-03-03,Aisha,Desk,Furniture,Pune,West,8,6902.44,55219.52,12997.63,UPI
ORD5435,2024-01-23,Pooja,Office Chair,Furniture,Chennai,South,3,7951.61,23854.83,5203.29,Card
ORD5436,2024-07-28,Nikhil,Backpack,Accessories,Kolkata,East,6,1972.45,11834.7,2055.83,UPI
ORD5437,2024-06-09,Meera,Pen Set,Stationery,Bengaluru,South,1,211.51,211.51,27.8,Card
ORD5438,2024-12-31,Nikhil,Monitor,Electronics,Mumbai,West,6,13893.07,83358.42,14374.94,Net Banking
ORD5439,2024-01-01,Pooja,Laptop,Electronics,Chennai,South,4,55171.87,220687.48,29497.33,UPI
ORD5440,2024-02-24,Neha,Headphones,Electronics,Delhi,North,8,2346.51,18772.08,3156.94,UPI
ORD5441,2024-02-18,Meera,Smartphone,Electronics,Hyderabad,South,5,31863.88,159319.4,35933.79,UPI
ORD5442,2024-02-16,Rohit,Mouse,Electronics,Bengaluru,South,7,839.63,5877.41,1123.72,Cash
ORD5443,2024-07-10,Ananya,Notebook,Stationery,Chennai,South,4,129.92,519.68,96.83,Cash
ORD5444,2024-10-30,Arjun,Mouse,Electronics,Chennai,South,10,735.18,7351.8,1604.21,Net Banking
ORD5445,2024-09-09,Rahul,Printer,Electronics,Ahmedabad,West,2,12004.0,24008.0,5165.13,Net Banking
ORD5446,2024-04-14,Nikhil,Laptop,Electronics,Bengaluru,South,5,56213.52,281067.6,29538.11,Card
ORD5447,2024-02-21,Rohit,Printer,Electronics,Delhi,North,1,11976.95,11976.95,2814.61,Net Banking
ORD5448,2024-02-08,Pooja,Smartphone,Electronics,Hyderabad,South,10,28320.02,283200.2,61786.54,Card
ORD5449,2024-05-15,Ananya,Keyboard,Electronics,Delhi,North,3,1638.52,4915.56,428.42,UPI
ORD5450,2024-07-04,Meera,Monitor,Electronics,Ahmedabad,West,2,16306.9,32613.8,5221.51,Cash
ORD5451,2024-07-23,Rahul,Office Chair,Furniture,Hyderabad,South,8,8083.31,64666.48,5249.23,UPI
ORD5452,2024-01-17,Aisha,Backpack,Accessories,Hyderabad,South,7,1904.04,13328.28,2744.45,Card
ORD5453,2024-02-07,Divya,Laptop,Electronics,Kolkata,East,10,60463.05,604630.5,86463.2,Cash
ORD5454,2024-01-25,Sanjay,Desk,Furniture,Chennai,South,3,6454.23,19362.69,3373.8,UPI
ORD5455,2024-12-08,Nikhil,Printer,Electronics,Chennai,South,2,12401.34,24802.68,2539.77,Card
ORD5456,2024-10-25,Sanjay,Pen Set,Stationery,Mumbai,West,4,182.37,729.48,98.61,Net Banking
ORD5457,2024-02-28,Pooja,Notebook,Stationery,Hyderabad,South,1,118.3,118.3,12.49,Cash
ORD5458,2024-09-15,Nikhil,Pen Set,Stationery,Delhi,North,10,197.22,1972.2,378.42,UPI
ORD5459,2024-10-07,Ananya,Laptop,Electronics,Kolkata,East,2,55777.93,111555.86,16596.77,Cash
ORD5460,2024-01-26,Sanjay,Mouse,Electronics,Bengaluru,South,6,746.12,4476.72,407.68,Card
ORD5461,2024-02-22,Nikhil,Office Chair,Furniture,Bengaluru,South,9,7858.16,70723.44,15108.22,UPI
ORD5462,2024-12-25,Rahul,Keyboard,Electronics,Pune,West,7,1601.95,11213.65,2567.87,Net Banking
ORD5463,2024-04-30,Sneha,Smartphone,Electronics,Pune,West,1,31826.65,31826.65,5531.72,Net Banking
ORD5464,2024-01-16,Sanjay,Notebook,Stationery,Delhi,North,5,114.73,573.65,131.25,Net Banking
ORD5465,2024-12-20,Vikram,Laptop,Electronics,Delhi,North,9,49882.05,448938.45,99084.43,Cash
ORD5466,2024-11-12,Aisha,Mouse,Electronics,Kolkata,East,7,815.06,5705.42,670.24,Cash
ORD5467,2024-05-20,Rahul,Notebook,Stationery,Bengaluru,South,8,114.19,913.52,167.56,Cash
ORD5468,2024-11-29,Vikram,Headphones,Electronics,Bengaluru,South,5,2560.15,12800.75,2012.68,Net Banking
ORD5469,2024-05-27,Vikram,Headphones,Electronics,Delhi,North,4,2587.24,10348.96,1931.19,Net Banking
ORD5470,2024-02-19,Divya,Office Chair,Furniture,Chennai,South,10,9020.92,90209.2,10211.02,Cash
ORD5471,2024-08-28,Sneha,Desk,Furniture,Hyderabad,South,9,7672.57,69053.13,10229.89,Net Banking
ORD5472,2024-12-17,Divya,Printer,Electronics,Delhi,North,10,12975.93,129759.3,13353.22,Card
ORD5473,2024-07-17,Priya,Notebook,Stationery,Ahmedabad,West,7,110.04,770.28,160.95,Net Banking
ORD5474,2024-05-18,Pooja,Office Chair,Furniture,Bengaluru,South,4,8174.35,32697.4,5517.88,Net Banking
ORD5475,2024-07-08,Divya,Printer,Electronics,Kolkata,East,8,12361.12,98888.96,10011.43,Card
ORD5476,2024-07-05,Sanjay,Desk,Furniture,Ahmedabad,West,5,6362.73,31813.65,2885.31,Net Banking
ORD5477,2024-03-16,Sneha,Headphones,Electronics,Mumbai,West,2,2608.4,5216.8,548.17,Card
ORD5478,2024-01-18,Ananya,Monitor,Electronics,Delhi,North,3,14524.71,43574.13,8988.09,Cash
ORD5479,2024-04-02,Rahul,Backpack,Accessories,Pune,West,10,1760.57,17605.7,1595.57,Cash
ORD5480,2024-04-26,Kiran,Laptop,Electronics,Delhi,North,3,49590.8,148772.4,21006.17,Card
ORD5481,2024-07-30,Ananya,Smartphone,Electronics,Mumbai,West,2,30090.21,60180.42,8614.79,Cash
ORD5482,2024-03-05,Nikhil,Notebook,Stationery,Mumbai,West,5,123.93,619.65,75.09,UPI
ORD5483,2024-05-12,Neha,Laptop,Electronics,Chennai,South,3,59634.92,178904.76,31911.4,Card
ORD5484,2024-02-08,Sneha,Backpack,Accessories,Chennai,South,5,1947.16,9735.8,1839.24,UPI
ORD5485,2024-04-10,Aisha,Printer,Electronics,Ahmedabad,West,9,11333.87,102004.83,20206.48,Net Banking
ORD5486,2024-02-28,Divya,Desk,Furniture,Hyderabad,South,5,6363.19,31815.95,3348.94,Card
ORD5487,2024-12-14,Neha,Monitor,Electronics,Chennai,South,4,14976.26,59905.04,14368.51,UPI
ORD5488,2024-10-17,Divya,Printer,Electronics,Chennai,South,1,13104.27,13104.27,2839.47,Card
ORD5489,2024-11-11,Pooja,Keyboard,Electronics,Hyderabad,South,7,1453.14,10171.98,1614.68,Net Banking
ORD5490,2024-05-24,Pooja,Monitor,Electronics,Delhi,North,6,15011.8,90070.8,14121.48,Cash
ORD5491,2024-09-24,Meera,Headphones,Electronics,Kolkata,East,4,2633.62,10534.48,1380.93,Card
ORD5492,2024-04-05,Priya,Monitor,Electronics,Ahmedabad,West,3,14443.7,43331.1,5642.69,Cash
ORD5493,2024-09-26,Aisha,Monitor,Electronics,Delhi,North,2,13702.83,27405.66,4363.25,Card
ORD5494,2024-06-21,Kiran,Printer,Electronics,Bengaluru,South,6,10910.55,65463.3,8014.0,Card
ORD5495,2024-05-14,Vikram,Printer,Electronics,Hyderabad,South,9,13109.24,117983.16,12624.49,Net Banking
ORD5496,2024-09-29,Priya,Desk,Furniture,Kolkata,East,7,7581.11,53067.77,10637.99,Net Banking
ORD5497,2024-03-07,Ananya,Keyboard,Electronics,Delhi,North,9,1484.02,13356.18,2710.01,Net Banking
ORD5498,2024-07-18,Meera,Mouse,Electronics,Mumbai,West,2,829.44,1658.88,364.4,Cash
ORD5499,2024-03-10,Divya,Notebook,Stationery,Mumbai,West,2,116.91,233.82,48.52,Card
ORD5500,2024-02-12,Sneha,Smartphone,Electronics,Bengaluru,South,8,32048.38,256387.04,51538.49,Cash
ORD5501,2024-05-22,Neha,Monitor,Electronics,Bengaluru,South,2,13545.68,27091.36,3952.83,Cash
ORD5502,2024-06-05,Kiran,Mouse,Electronics,Hyderabad,South,10,846.15,8461.5,1536.4,Net Banking
ORD5503,2024-11-09,Sanjay,Keyboard,Electronics,Pune,West,4,1414.06,5656.24,1024.78,Net Banking
ORD5504,2024-05-21,Pooja,Smartphone,Electronics,Chennai,South,6,28360.69,170164.14,37296.05,Net Banking
ORD5505,2024-01-24,Nikhil,Headphones,Electronics,Kolkata,East,10,2483.7,24837.0,2376.4,Card
ORD5506,2024-09-11,Kiran,Pen Set,Stationery,Pune,West,4,191.78,767.12,139.58,Cash
ORD5507,2024-02-17,Sanjay,Printer,Electronics,Kolkata,East,2,12560.79,25121.58,4245.39,Net Banking
ORD5508,2024-03-07,Rahul,Printer,Electronics,Kolkata,East,1,13075.27,13075.27,3259.87,Cash
ORD5509,2024-08-11,Neha,Notebook,Stationery,Hyderabad,South,8,122.57,980.56,114.68,Card
ORD5510,2024-01-24,Neha,Printer,Electronics,Hyderabad,South,8,12967.25,103738.0,18587.06,Card
ORD5511,2024-11-04,Kiran,Monitor,Electronics,Chennai,South,3,14002.14,42006.42,4996.62,Cash
ORD5512,2024-12-17,Rahul,Printer,Electronics,Bengaluru,South,8,10833.07,86664.56,13569.91,Cash
ORD5513,2024-08-29,Nikhil,Backpack,Accessories,Mumbai,West,7,1820.01,12740.07,1689.86,Net Banking
ORD5514,2024-07-29,Sanjay,Keyboard,Electronics,Bengaluru,South,8,1355.4,10843.2,1609.75,Cash
ORD5515,2024-03-12,Priya,Office Chair,Furniture,Bengaluru,South,1,8792.76,8792.76,1374.99,Card
ORD5516,2024-04-18,Sanjay,Smartphone,Electronics,Hyderabad,South,9,27762.35,249861.15,44668.89,Net Banking
ORD5517,2024-08-13,Priya,Printer,Electronics,Hyderabad,South,8,12133.43,97067.44,12082.0,Net Banking
ORD5518,2024-06-02,Nikhil,Keyboard,Electronics,Mumbai,West,10,1411.8,14118.0,3170.66,Cash
ORD5519,2024-07-24,Divya,Pen Set,Stationery,Kolkata,East,10,186.64,1866.4,390.61,Net Banking
ORD5520,2024-04-03,Arjun,Laptop,Electronics,Pune,West,9,53375.46,480379.14,57344.89,Cash
ORD5521,2024-05-21,Rohit,Pen Set,Stationery,Pune,West,4,219.94,879.76,148.31,UPI
ORD5522,2024-05-13,Priya,Smartphone,Electronics,Pune,West,7,29108.9,203762.3,21636.18,UPI
ORD5523,2024-08-30,Pooja,Laptop,Electronics,Kolkata,East,4,54644.51,218578.04,42835.96,UPI
ORD5524,2024-02-18,Rahul,Keyboard,Electronics,Mumbai,West,7,1425.73,9980.11,2409.67,Net Banking
ORD5525,2024-10-09,Pooja,Backpack,Accessories,Delhi,North,10,1745.86,17458.6,2469.4,Cash
ORD5526,2024-10-20,Pooja,Notebook,Stationery,Pune,West,3,109.76,329.28,40.15,Card
ORD5527,2024-06-21,Rohit,Smartphone,Electronics,Mumbai,West,7,28160.53,197123.71,38870.64,Net Banking
ORD5528,2024-08-31,Vikram,Headphones,Electronics,Ahmedabad,West,7,2480.61,17364.27,2923.16,Cash
ORD5529,2024-04-16,Sanjay,Notebook,Stationery,Mumbai,West,6,126.92,761.52,115.96,Cash
ORD5530,2024-06-26,Arjun,Smartphone,Electronics,Ahmedabad,West,5,32990.52,164952.6,15242.53,UPI
ORD5531,2024-03-07,Arjun,Printer,Electronics,Pune,West,3,11837.65,35512.95,5807.65,Card
ORD5532,2024-01-15,Ananya,Notebook,Stationery,Bengaluru,South,8,128.39,1027.12,102.25,UPI
ORD5533,2024-09-26,Ananya,Smartphone,Electronics,Chennai,South,4,30658.74,122634.96,16780.52,Cash
ORD5534,2024-11-12,Priya,Keyboard,Electronics,Hyderabad,South,4,1473.81,5895.24,723.28,UPI
ORD5535,2024-07-20,Rahul,Keyboard,Electronics,Bengaluru,South,2,1350.76,2701.52,549.6,Net Banking
ORD5536,2024-12-03,Rohit,Keyboard,Electronics,Ahmedabad,West,10,1355.56,13555.6,3018.45,UPI
ORD5537,2024-07-14,Vikram,Mouse,Electronics,Ahmedabad,West,4,804.85,3219.4,762.24,Net Banking
ORD5538,2024-10-26,Aisha,Desk,Furniture,Mumbai,West,7,6932.93,48530.51,11949.54,Net Banking
ORD5539,2024-08-09,Sneha,Smartphone,Electronics,Bengaluru,South,3,31570.05,94710.15,14952.06,Card
ORD5540,2024-10-17,Rohit,Pen Set,Stationery,Hyderabad,South,1,194.55,194.55,41.97,Net Banking
ORD5541,2024-12-06,Sanjay,Headphones,Electronics,Pune,West,6,2560.22,15361.32,2453.59,Cash
ORD5542,2024-09-07,Vikram,Mouse,Electronics,Ahmedabad,West,10,751.28,7512.8,1582.18,UPI
ORD5543,2024-08-26,Aisha,Smartphone,Electronics,Chennai,South,6,28849.53,173097.18,32050.33,Net Banking
ORD5544,2024-08-05,Meera,Monitor,Electronics,Hyderabad,South,7,13513.81,94596.67,23109.02,Cash
ORD5545,2024-06-24,Aisha,Office Chair,Furniture,Kolkata,East,2,7709.39,15418.78,3215.62,Net Banking
ORD5546,2024-10-29,Sneha,Monitor,Electronics,Delhi,North,9,14635.51,131719.59,32218.42,Card
ORD5547,2024-01-27,Priya,Backpack,Accessories,Mumbai,West,7,1718.57,12029.99,2769.67,Net Banking
ORD5548,2024-08-05,Neha,Monitor,Electronics,Hyderabad,South,8,14686.84,117494.72,19242.71,Cash
ORD5549,2024-12-01,Nikhil,Notebook,Stationery,Kolkata,East,5,125.65,628.25,105.61,Net Banking
ORD5550,2024-02-10,Kiran,Office Chair,Furniture,Pune,West,10,8726.12,87261.2,21406.57,Cash
ORD5551,2024-06-12,Aisha,Pen Set,Stationery,Mumbai,West,5,214.15,1070.75,250.78,UPI
ORD5552,2024-08-14,Vikram,Backpack,Accessories,Hyderabad,South,5,1628.47,8142.35,1155.99,Card
ORD5553,2024-09-25,Rohit,Notebook,Stationery,Bengaluru,South,9,125.4,1128.6,220.61,Net Banking
ORD5554,2024-05-01,Vikram,Mouse,Electronics,Mumbai,West,10,761.39,7613.9,1744.95,Cash
ORD5555,2024-09-29,Arjun,Keyboard,Electronics,Bengaluru,South,8,1507.49,12059.92,1732.79,Card
ORD5556,2024-11-06,Rahul,Backpack,Accessories,Delhi,North,7,1828.92,12802.44,1430.16,Card
ORD5557,2024-12-22,Neha,Office Chair,Furniture,Kolkata,East,5,9309.23,46546.15,7876.84,Cash
ORD5558,2024-05-20,Rahul,Laptop,Electronics,Ahmedabad,West,4,54544.58,218178.32,19507.68,Cash
ORD5559,2024-05-11,Sanjay,Laptop,Electronics,Kolkata,East,4,51443.46,205773.84,51073.89,UPI
ORD5560,2024-07-27,Kiran,Mouse,Electronics,Chennai,South,1,848.35,848.35,194.71,Card
ORD5561,2024-05-29,Neha,Printer,Electronics,Ahmedabad,West,10,11836.52,118365.2,13535.71,Net Banking
ORD5562,2024-07-20,Sanjay,Desk,Furniture,Pune,West,7,6673.07,46711.49,11546.45,Net Banking
ORD5563,2024-03-10,Neha,Backpack,Accessories,Bengaluru,South,4,1698.63,6794.52,1533.58,Net Banking
ORD5564,2024-01-28,Nikhil,Monitor,Electronics,Ahmedabad,West,5,13834.38,69171.9,12526.2,Cash
ORD5565,2024-08-11,Ananya,Smartphone,Electronics,Bengaluru,South,2,27126.89,54253.78,10135.07,Net Banking
ORD5566,2024-09-22,Sneha,Printer,Electronics,Chennai,South,10,11586.96,115869.6,16986.0,Net Banking
ORD5567,2024-01-12,Divya,Desk,Furniture,Ahmedabad,West,4,7025.72,28102.88,7005.87,UPI
ORD5568,2024-12-01,Kiran,Keyboard,Electronics,Pune,West,4,1616.83,6467.32,1009.04,Cash
ORD5569,2024-01-12,Pooja,Backpack,Accessories,Ahmedabad,West,9,1832.42,16491.78,3716.46,Cash
ORD5570,2024-01-15,Nikhil,Pen Set,Stationery,Hyderabad,South,7,181.27,1268.89,265.57,Net Banking
ORD5571,2024-09-03,Rahul,Printer,Electronics,Ahmedabad,West,6,11838.51,71031.06,11363.24,UPI
ORD5572,2024-02-18,Sanjay,Headphones,Electronics,Hyderabad,South,4,2691.52,10766.08,1591.78,Card
ORD5573,2024-07-05,Rohit,Notebook,Stationery,Chennai,South,3,112.5,337.5,53.49,Cash
ORD5574,2024-07-29,Neha,Pen Set,Stationery,Chennai,South,4,216.37,865.48,105.79,Net Banking
ORD5575,2024-10-23,Rahul,Laptop,Electronics,Delhi,North,9,58063.52,522571.68,42845.82,UPI
ORD5576,2024-08-06,Sneha,Pen Set,Stationery,Kolkata,East,6,184.76,1108.56,94.33,UPI
ORD5577,2024-12-14,Aisha,Desk,Furniture,Bengaluru,South,8,7038.79,56310.32,11793.06,Cash
ORD5578,2024-04-26,Sneha,Desk,Furniture,Pune,West,9,7656.58,68909.22,14949.18,Cash
ORD5579,2024-05-25,Nikhil,Desk,Furniture,Mumbai,West,7,7601.58,53211.06,7229.03,UPI
ORD5580,2024-01-30,Rohit,Keyboard,Electronics,Pune,West,10,1388.79,13887.9,1547.1,UPI
ORD5581,2024-05-05,Pooja,Monitor,Electronics,Chennai,South,8,15162.24,121297.92,26595.6,Net Banking
ORD5582,2024-06-15,Nikhil,Keyboard,Electronics,Mumbai,West,2,1478.41,2956.82,610.63,Cash
ORD5583,2024-06-10,Nikhil,Keyboard,Electronics,Pune,West,1,1515.25,1515.25,290.97,Card
ORD5584,2024-11-16,Neha,Laptop,Electronics,Mumbai,West,3,60188.9,180566.7,15479.01,Cash
ORD5585,2024-01-28,Rahul,Office Chair,Furniture,Bengaluru,South,6,7912.68,47476.08,8796.53,Cash
ORD5586,2024-11-02,Aisha,Headphones,Electronics,Mumbai,West,1,2699.47,2699.47,494.54,Net Banking
ORD5587,2024-03-25,Neha,Office Chair,Furniture,Mumbai,West,4,7686.26,30745.04,5597.67,Card
ORD5588,2024-05-05,Ananya,Mouse,Electronics,Kolkata,East,6,762.36,4574.16,368.43,Net Banking
ORD5589,2024-01-31,Pooja,Notebook,Stationery,Chennai,South,6,114.6,687.6,147.92,Card
ORD5590,2024-03-15,Sanjay,Pen Set,Stationery,Ahmedabad,West,4,216.98,867.92,73.23,Cash
ORD5591,2024-01-12,Sneha,Monitor,Electronics,Chennai,South,9,16429.18,147862.62,20032.55,Card
ORD5592,2024-12-20,Sanjay,Monitor,Electronics,Chennai,South,9,13920.09,125280.81,10852.69,Net Banking
ORD5593,2024-12-20,Ananya,Printer,Electronics,Hyderabad,South,1,11522.3,11522.3,2634.72,Card
ORD5594,2024-04-21,Neha,Laptop,Electronics,Delhi,North,5,55337.55,276687.75,55475.57,Cash
ORD5595,2024-09-26,Nikhil,Desk,Furniture,Ahmedabad,West,10,6925.9,69259.0,7949.37,Card
ORD5596,2024-07-10,Sanjay,Keyboard,Electronics,Delhi,North,6,1421.01,8526.06,1884.92,UPI
ORD5597,2024-09-20,Sanjay,Printer,Electronics,Hyderabad,South,8,11148.82,89190.56,17422.8,Card
ORD5598,2024-02-20,Meera,Office Chair,Furniture,Pune,West,3,8647.7,25943.1,5903.94,Cash
ORD5599,2024-09-27,Pooja,Headphones,Electronics,Delhi,North,6,2573.26,15439.56,3034.57,UPI
ORD5600,2024-09-19,Rahul,Mouse,Electronics,Delhi,North,10,726.56,7265.6,647.5,Net Banking
ORD5601,2024-07-17,Rahul,Backpack,Accessories,Delhi,North,5,1714.25,8571.25,1416.89,Cash
ORD5602,2024-02-28,Neha,Laptop,Electronics,Pune,West,9,55598.47,500386.23,89811.63,Cash
ORD5603,2024-05-27,Divya,Backpack,Accessories,Bengaluru,South,9,1825.96,16433.64,3142.92,Cash
ORD5604,2024-07-30,Rohit,Laptop,Electronics,Mumbai,West,6,49794.38,298766.28,71277.27,Cash
ORD5605,2024-04-17,Kiran,Mouse,Electronics,Delhi,North,10,831.64,8316.4,1759.0,Cash
ORD5606,2024-12-05,Priya,Printer,Electronics,Chennai,South,1,12018.7,12018.7,2415.84,Net Banking
ORD5607,2024-11-17,Vikram,Desk,Furniture,Delhi,North,5,6925.84,34629.2,7693.98,Net Banking
ORD5608,2024-12-28,Rahul,Keyboard,Electronics,Delhi,North,10,1612.16,16121.6,2303.6,Card
ORD5609,2024-05-07,Vikram,Monitor,Electronics,Ahmedabad,West,3,16054.58,48163.74,9884.76,Net Banking
ORD5610,2024-06-18,Neha,Notebook,Stationery,Bengaluru,South,1,119.84,119.84,24.07,Cash
ORD5611,2024-08-01,Vikram,Notebook,Stationery,Pune,West,9,127.97,1151.73,203.58,Cash
ORD5612,2024-10-15,Kiran,Backpack,Accessories,Chennai,South,7,1773.49,12414.43,1409.92,Net Banking
ORD5613,2024-04-23,Kiran,Pen Set,Stationery,Ahmedabad,West,2,186.16,372.32,52.83,UPI
ORD5614,2024-01-11,Divya,Headphones,Electronics,Ahmedabad,West,7,2473.38,17313.66,3221.92,Cash
ORD5615,2024-07-22,Kiran,Smartphone,Electronics,Hyderabad,South,3,29944.91,89834.73,17564.65,Card
ORD5616,2024-04-13,Sneha,Smartphone,Electronics,Pune,West,6,32690.61,196143.66,38813.54,UPI
ORD5617,2024-06-21,Meera,Desk,Furniture,Bengaluru,South,1,6774.58,6774.58,1648.02,Card
ORD5618,2024-07-05,Neha,Keyboard,Electronics,Delhi,North,6,1536.75,9220.5,1264.65,Net Banking
ORD5619,2024-12-05,Arjun,Headphones,Electronics,Chennai,South,7,2746.05,19222.35,4662.82,Card
ORD5620,2024-11-09,Kiran,Mouse,Electronics,Ahmedabad,West,7,786.36,5504.52,490.86,UPI
ORD5621,2024-01-27,Sneha,Keyboard,Electronics,Chennai,South,1,1500.82,1500.82,313.75,Card
ORD5622,2024-08-29,Meera,Smartphone,Electronics,Ahmedabad,West,2,29223.34,58446.68,7950.91,Cash
ORD5623,2024-07-19,Meera,Headphones,Electronics,Chennai,South,10,2478.4,24784.0,2958.15,Net Banking
ORD5624,2024-09-25,Rohit,Laptop,Electronics,Mumbai,West,2,56850.53,113701.06,17218.86,Cash
ORD5625,2024-10-09,Arjun,Pen Set,Stationery,Bengaluru,South,2,181.34,362.68,51.94,UPI
ORD5626,2024-03-23,Divya,Smartphone,Electronics,Chennai,South,6,32047.31,192283.86,21044.69,Cash
ORD5627,2024-05-01,Nikhil,Laptop,Electronics,Bengaluru,South,10,57289.79,572897.9,112640.5,Card
ORD5628,2024-01-02,Aisha,Notebook,Stationery,Kolkata,East,4,119.99,479.96,41.87,Card
ORD5629,2024-02-02,Meera,Printer,Electronics,Ahmedabad,West,9,11206.94,100862.46,19298.03,Card
ORD5630,2024-02-20,Pooja,Printer,Electronics,Pune,West,5,13086.22,65431.1,10237.68,Net Banking
ORD5631,2024-03-10,Nikhil,Desk,Furniture,Kolkata,East,7,6647.85,46534.95,10700.01,UPI
ORD5632,2024-05-30,Priya,Printer,Electronics,Mumbai,West,5,12030.01,60150.05,5759.96,Net Banking
ORD5633,2024-07-30,Sneha,Office Chair,Furniture,Pune,West,8,8122.76,64982.08,13239.98,Cash
ORD5634,2024-12-16,Pooja,Laptop,Electronics,Pune,West,8,56630.69,453045.52,51194.66,Card
ORD5635,2024-11-29,Kiran,Desk,Furniture,Kolkata,East,7,6635.47,46448.29,8405.29,UPI
ORD5636,2024-11-08,Rohit,Pen Set,Stationery,Ahmedabad,West,8,212.99,1703.92,223.9,Card
ORD5637,2024-05-11,Divya,Keyboard,Electronics,Kolkata,East,9,1483.76,13353.84,1268.79,Card
ORD5638,2024-08-11,Divya,Notebook,Stationery,Delhi,North,4,110.2,440.8,59.77,Cash
ORD5639,2024-03-19,Aisha,Pen Set,Stationery,Hyderabad,South,4,204.6,818.4,66.9,Net Banking
ORD5640,2024-05-17,Pooja,Notebook,Stationery,Bengaluru,South,9,130.53,1174.77,254.79,Net Banking
ORD5641,2024-12-04,Meera,Office Chair,Furniture,Kolkata,East,9,7758.59,69827.31,16238.6,Card
ORD5642,2024-11-26,Priya,Headphones,Electronics,Hyderabad,South,4,2582.49,10329.96,1967.73,Cash
ORD5643,2024-08-27,Arjun,Office Chair,Furniture,Ahmedabad,West,3,7965.76,23897.28,2124.87,Card
ORD5644,2024-02-02,Arjun,Desk,Furniture,Pune,West,1,7673.75,7673.75,1495.1,Net Banking
ORD5645,2024-05-05,Ananya,Desk,Furniture,Pune,West,9,7649.13,68842.17,11309.48,Cash
ORD5646,2024-06-15,Aisha,Mouse,Electronics,Delhi,North,10,781.61,7816.1,1688.39,Net Banking
ORD5647,2024-07-16,Meera,Pen Set,Stationery,Kolkata,East,6,213.03,1278.18,202.29,UPI
ORD5648,2024-07-21,Aisha,Laptop,Electronics,Delhi,North,6,50238.14,301428.84,61765.58,Net Banking
ORD5649,2024-05-15,Arjun,Pen Set,Stationery,Kolkata,East,5,205.57,1027.85,246.59,Net Banking
ORD5650,2024-05-10,Divya,Monitor,Electronics,Hyderabad,South,8,13609.26,108874.08,16318.57,Cash
ORD5651,2024-03-18,Rahul,Monitor,Electronics,Pune,West,5,14032.71,70163.55,6346.07,Net Banking
ORD5652,2024-03-11,Ananya,Desk,Furniture,Pune,West,8,7301.5,58412.0,13267.0,Card
ORD5653,2024-06-26,Aisha,Mouse,Electronics,Chennai,South,10,734.83,7348.3,1800.86,UPI
ORD5654,2024-06-11,Neha,Mouse,Electronics,Kolkata,East,6,820.38,4922.28,590.79,Cash
ORD5655,2024-04-05,Nikhil,Laptop,Electronics,Chennai,South,5,60377.8,301889.0,70978.63,Net Banking
ORD5656,2024-10-29,Nikhil,Office Chair,Furniture,Kolkata,East,4,7966.48,31865.92,5203.53,UPI
ORD5657,2024-07-24,Ananya,Keyboard,Electronics,Hyderabad,South,4,1411.34,5645.36,543.56,UPI
ORD5658,2024-11-04,Rahul,Backpack,Accessories,Ahmedabad,West,1,1633.74,1633.74,172.67,Cash
ORD5659,2024-07-04,Rohit,Mouse,Electronics,Ahmedabad,West,5,812.86,4064.3,854.83,UPI
ORD5660,2024-11-11,Rohit,Mouse,Electronics,Hyderabad,South,8,723.03,5784.24,639.92,Net Banking
ORD5661,2024-09-14,Sanjay,Smartphone,Electronics,Chennai,South,5,28293.41,141467.05,33047.58,Card
ORD5662,2024-07-06,Rahul,Laptop,Electronics,Pune,West,1,56402.62,56402.62,9106.37,Card
ORD5663,2024-03-12,Rahul,Laptop,Electronics,Kolkata,East,2,49619.23,99238.46,20611.73,Net Banking
ORD5664,2024-08-23,Rahul,Printer,Electronics,Ahmedabad,West,5,11613.97,58069.85,13884.3,Cash
ORD5665,2024-11-08,Priya,Desk,Furniture,Mumbai,West,3,6361.22,19083.66,2324.22,Net Banking
ORD5666,2024-06-28,Divya,Keyboard,Electronics,Mumbai,West,2,1403.88,2807.76,427.47,UPI
ORD5667,2024-07-01,Kiran,Headphones,Electronics,Mumbai,West,4,2450.85,9803.4,2291.41,UPI
ORD5668,2024-03-17,Divya,Office Chair,Furniture,Hyderabad,South,5,8421.27,42106.35,5743.25,Net Banking
ORD5669,2024-01-30,Priya,Headphones,Electronics,Bengaluru,South,4,2452.59,9810.36,2271.88,Net Banking
ORD5670,2024-07-01,Neha,Backpack,Accessories,Delhi,North,2,1622.78,3245.56,750.29,Net Banking
ORD5671,2024-08-24,Rahul,Printer,Electronics,Ahmedabad,West,1,11823.04,11823.04,951.35,UPI
ORD5672,2024-12-18,Rohit,Headphones,Electronics,Chennai,South,9,2295.65,20660.85,2998.35,Card
ORD5673,2024-04-27,Pooja,Headphones,Electronics,Mumbai,West,6,2649.72,15898.32,1778.96,Card
ORD5674,2024-12-24,Kiran,Laptop,Electronics,Delhi,North,5,55326.98,276634.9,56652.87,UPI
ORD5675,2024-10-24,Sneha,Office Chair,Furniture,Delhi,North,8,9040.09,72320.72,16806.28,Card
ORD5676,2024-03-31,Divya,Headphones,Electronics,Chennai,South,9,2363.6,21272.4,2236.66,Cash
ORD5677,2024-03-14,Nikhil,Office Chair,Furniture,Delhi,North,6,8906.67,53440.02,9485.67,UPI
ORD5678,2024-09-15,Ananya,Keyboard,Electronics,Chennai,South,2,1446.9,2893.8,381.44,Cash
ORD5679,2024-07-05,Nikhil,Smartphone,Electronics,Bengaluru,South,10,28328.15,283281.5,36360.21,Card
ORD5680,2024-09-03,Nikhil,Monitor,Electronics,Kolkata,East,4,15791.86,63167.44,5123.34,Cash
ORD5681,2024-01-02,Rohit,Backpack,Accessories,Pune,West,4,1787.57,7150.28,1630.17,Cash
ORD5682,2024-01-17,Aisha,Smartphone,Electronics,Kolkata,East,5,28399.72,141998.6,33787.57,Card
ORD5683,2024-08-13,Ananya,Smartphone,Electronics,Ahmedabad,West,1,31970.73,31970.73,6615.94,UPI
ORD5684,2024-04-24,Sanjay,Headphones,Electronics,Delhi,North,10,2334.81,23348.1,5434.24,Card
ORD5685,2024-10-03,Kiran,Pen Set,Stationery,Ahmedabad,West,2,197.96,395.92,88.25,Net Banking
ORD5686,2024-01-19,Kiran,Printer,Electronics,Chennai,South,8,11708.62,93668.96,14570.81,UPI
ORD5687,2024-02-05,Ananya,Desk,Furniture,Mumbai,West,10,6634.57,66345.7,13918.7,Cash
ORD5688,2024-10-07,Arjun,Backpack,Accessories,Delhi,North,10,1650.23,16502.3,2381.81,Card
ORD5689,2024-07-11,Sneha,Backpack,Accessories,Chennai,South,8,1831.99,14655.92,3651.59,Net Banking
ORD5690,2024-11-18,Sneha,Laptop,Electronics,Pune,West,5,49974.76,249873.8,34873.77,Cash
ORD5691,2024-08-27,Ananya,Headphones,Electronics,Delhi,North,10,2351.32,23513.2,5242.49,Net Banking
ORD5692,2024-01-07,Vikram,Office Chair,Furniture,Delhi,North,1,8630.13,8630.13,1265.46,Cash
ORD5693,2024-03-22,Divya,Office Chair,Furniture,Hyderabad,South,3,8415.28,25245.84,4513.06,UPI
ORD5694,2024-01-11,Nikhil,Headphones,Electronics,Kolkata,East,2,2310.64,4621.28,712.32,UPI
ORD5695,2024-02-04,Rohit,Laptop,Electronics,Mumbai,West,7,58722.81,411059.67,73948.79,Cash
ORD5696,2024-01-26,Sanjay,Notebook,Stationery,Bengaluru,South,9,109.61,986.49,157.3,Card
ORD5697,2024-06-25,Neha,Headphones,Electronics,Ahmedabad,West,7,2583.39,18083.73,3067.99,Net Banking
ORD5698,2024-12-09,Rohit,Desk,Furniture,Ahmedabad,West,8,7398.85,59190.8,5586.82,Net Banking
ORD5699,2024-02-23,Rohit,Headphones,Electronics,Kolkata,East,9,2314.72,20832.48,5062.38,Cash
ORD5700,2024-08-18,Arjun,Office Chair,Furniture,Kolkata,East,5,8387.82,41939.1,10229.11,Cash
ORD5701,2024-02-27,Rohit,Notebook,Stationery,Delhi,North,7,124.69,872.83,153.35,Card
ORD5702,2024-03-02,Arjun,Headphones,Electronics,Bengaluru,South,6,2682.66,16095.96,3754.68,Cash
ORD5703,2024-05-24,Nikhil,Office Chair,Furniture,Mumbai,West,10,9237.38,92373.8,17799.72,Card
ORD5704,2024-08-27,Nikhil,Mouse,Electronics,Bengaluru,South,1,799.36,799.36,78.33,Cash
ORD5705,2024-10-09,Priya,Backpack,Accessories,Kolkata,East,8,1688.09,13504.72,2323.19,UPI
ORD5706,2024-05-24,Vikram,Desk,Furniture,Ahmedabad,West,5,7013.43,35067.15,8432.19,Net Banking
ORD5707,2024-11-14,Aisha,Notebook,Stationery,Mumbai,West,6,128.72,772.32,142.43,Cash
ORD5708,2024-11-05,Rohit,Pen Set,Stationery,Pune,West,4,201.48,805.92,115.56,Net Banking
ORD5709,2024-02-11,Rohit,Smartphone,Electronics,Hyderabad,South,6,27867.57,167205.42,14402.47,Card
ORD5710,2024-03-17,Divya,Laptop,Electronics,Kolkata,East,5,54183.64,270918.2,48290.65,Net Banking
ORD5711,2024-04-06,Arjun,Smartphone,Electronics,Chennai,South,10,29521.37,295213.7,52989.55,Cash
ORD5712,2024-10-11,Vikram,Monitor,Electronics,Bengaluru,South,4,15381.34,61525.36,7487.86,Card
ORD5713,2024-09-01,Kiran,Laptop,Electronics,Delhi,North,7,55334.06,387338.42,64938.03,Card
ORD5714,2024-01-28,Priya,Monitor,Electronics,Delhi,North,6,14033.81,84202.86,16606.72,Cash
ORD5715,2024-04-05,Meera,Printer,Electronics,Ahmedabad,West,5,11952.13,59760.65,6039.49,Card
ORD5716,2024-04-28,Rohit,Office Chair,Furniture,Mumbai,West,5,8918.21,44591.05,4493.77,Card
ORD5717,2024-08-23,Meera,Headphones,Electronics,Hyderabad,South,10,2360.51,23605.1,3656.06,Net Banking
ORD5718,2024-08-12,Kiran,Mouse,Electronics,Bengaluru,South,4,810.83,3243.32,412.14,UPI
ORD5719,2024-09-04,Pooja,Mouse,Electronics,Delhi,North,8,830.84,6646.72,1091.0,UPI
ORD5720,2024-06-03,Arjun,Desk,Furniture,Pune,West,4,6403.83,25615.32,2595.9,Cash
ORD5721,2024-12-22,Rahul,Pen Set,Stationery,Delhi,North,4,193.99,775.96,128.42,UPI
ORD5722,2024-03-13,Neha,Backpack,Accessories,Delhi,North,8,1746.62,13972.96,3153.67,Net Banking
ORD5723,2024-04-06,Divya,Headphones,Electronics,Bengaluru,South,10,2385.84,23858.4,2049.17,Cash
ORD5724,2024-04-10,Arjun,Desk,Furniture,Delhi,North,7,6561.03,45927.21,8450.97,UPI
ORD5725,2024-10-01,Kiran,Office Chair,Furniture,Kolkata,East,8,9310.02,74480.16,16171.11,Cash
ORD5726,2024-10-23,Aisha,Laptop,Electronics,Kolkata,East,10,57849.19,578491.9,68684.91,Cash
ORD5727,2024-06-02,Priya,Keyboard,Electronics,Chennai,South,1,1585.75,1585.75,145.05,Net Banking
ORD5728,2024-10-26,Priya,Backpack,Accessories,Ahmedabad,West,5,1844.0,9220.0,1284.32,UPI
ORD5729,2024-11-23,Rohit,Laptop,Electronics,Chennai,South,9,58296.66,524669.94,87010.26,Net Banking
ORD5730,2024-11-17,Rohit,Notebook,Stationery,Chennai,South,4,131.03,524.12,109.88,Card
ORD5731,2024-09-14,Neha,Mouse,Electronics,Ahmedabad,West,6,753.62,4521.72,597.48,UPI
ORD5732,2024-04-06,Sneha,Smartphone,Electronics,Chennai,South,6,31299.84,187799.04,16223.81,Net Banking
ORD5733,2024-07-29,Sneha,Mouse,Electronics,Kolkata,East,1,822.88,822.88,187.63,Card
ORD5734,2024-06-14,Sneha,Office Chair,Furniture,Hyderabad,South,5,9064.69,45323.45,6201.83,Net Banking
ORD5735,2024-06-23,Nikhil,Headphones,Electronics,Bengaluru,South,3,2730.76,8192.28,1812.05,Cash
ORD5736,2024-01-03,Vikram,Office Chair,Furniture,Hyderabad,South,3,8778.14,26334.42,4656.84,UPI
ORD5737,2024-02-01,Neha,Desk,Furniture,Mumbai,West,5,6620.7,33103.5,4814.46,Cash
ORD5738,2024-01-26,Pooja,Keyboard,Electronics,Ahmedabad,West,1,1566.22,1566.22,138.78,Card
ORD5739,2024-07-02,Rahul,Notebook,Stationery,Chennai,South,1,118.6,118.6,29.55,Net Banking
ORD5740,2024-02-13,Nikhil,Monitor,Electronics,Delhi,North,3,13723.68,41171.04,7719.95,Card
ORD5741,2024-06-22,Divya,Laptop,Electronics,Hyderabad,South,3,52701.72,158105.16,15516.12,UPI
ORD5742,2024-02-13,Meera,Office Chair,Furniture,Bengaluru,South,10,8223.64,82236.4,10117.2,Cash
ORD5743,2024-07-19,Kiran,Keyboard,Electronics,Chennai,South,4,1415.5,5662.0,642.64,UPI
ORD5744,2024-08-08,Nikhil,Headphones,Electronics,Delhi,North,10,2650.06,26500.6,2423.41,Cash
ORD5745,2024-07-10,Nikhil,Printer,Electronics,Chennai,South,8,12352.31,98818.48,9566.98,Net Banking
ORD5746,2024-06-04,Rohit,Printer,Electronics,Hyderabad,South,10,10942.91,109429.1,14878.29,Card
ORD5747,2024-02-22,Aisha,Headphones,Electronics,Chennai,South,10,2681.39,26813.9,5076.71,Cash
ORD5748,2024-01-04,Pooja,Headphones,Electronics,Pune,West,9,2306.45,20758.05,2049.38,UPI
ORD5749,2024-10-24,Rahul,Monitor,Electronics,Delhi,North,7,16203.84,113426.88,20278.88,Cash
ORD5750,2024-03-24,Sanjay,Headphones,Electronics,Kolkata,East,6,2326.92,13961.52,3266.72,UPI
ORD5751,2024-11-13,Neha,Smartphone,Electronics,Ahmedabad,West,5,32340.18,161700.9,17118.46,Cash
ORD5752,2024-09-23,Divya,Backpack,Accessories,Pune,West,7,1842.58,12898.06,2135.19,Net Banking
ORD5753,2024-08-25,Priya,Mouse,Electronics,Pune,West,9,731.86,6586.74,1134.36,UPI
ORD5754,2024-11-06,Rahul,Monitor,Electronics,Kolkata,East,8,16160.75,129286.0,17528.76,Net Banking
ORD5755,2024-06-09,Arjun,Keyboard,Electronics,Pune,West,10,1387.13,13871.3,3252.9,Card
ORD5756,2024-02-20,Arjun,Backpack,Accessories,Chennai,South,9,1855.67,16701.03,3869.85,UPI
ORD5757,2024-09-30,Pooja,Printer,Electronics,Delhi,North,3,11322.55,33967.65,4792.21,Card
ORD5758,2024-01-07,Nikhil,Monitor,Electronics,Pune,West,3,15129.43,45388.29,10838.48,Card
ORD5759,2024-02-11,Aisha,Headphones,Electronics,Pune,West,7,2337.08,16359.56,2401.93,Card
ORD5760,2024-05-09,Priya,Headphones,Electronics,Bengaluru,South,3,2406.57,7219.71,1727.96,Card
ORD5761,2024-08-30,Divya,Printer,Electronics,Kolkata,East,8,12719.62,101756.96,22213.77,UPI
ORD5762,2024-11-20,Neha,Keyboard,Electronics,Hyderabad,South,10,1625.61,16256.1,1847.4,Net Banking
ORD5763,2024-10-03,Nikhil,Pen Set,Stationery,Kolkata,East,7,216.4,1514.8,199.05,Net Banking
ORD5764,2024-04-01,Pooja,Desk,Furniture,Hyderabad,South,2,6355.6,12711.2,2422.11,Cash
ORD5765,2024-01-19,Neha,Backpack,Accessories,Bengaluru,South,1,1706.8,1706.8,199.99,Cash
ORD5766,2024-03-15,Sneha,Smartphone,Electronics,Bengaluru,South,10,31288.11,312881.1,51255.53,Net Banking
ORD5767,2024-02-03,Divya,Headphones,Electronics,Delhi,North,5,2341.42,11707.1,1625.89,Card
ORD5768,2024-12-29,Nikhil,Notebook,Stationery,Hyderabad,South,8,131.95,1055.6,162.4,Card
ORD5769,2024-10-09,Priya,Notebook,Stationery,Delhi,North,3,113.27,339.81,65.17,Card
ORD5770,2024-11-29,Divya,Office Chair,Furniture,Mumbai,West,3,8971.01,26913.03,4254.99,UPI
ORD5771,2024-06-29,Neha,Desk,Furniture,Bengaluru,South,5,6552.9,32764.5,7502.7,Net Banking
ORD5772,2024-10-23,Arjun,Pen Set,Stationery,Mumbai,West,2,200.84,401.68,73.25,UPI
ORD5773,2024-11-29,Arjun,Smartphone,Electronics,Kolkata,East,10,30559.02,305590.2,59485.75,Cash
ORD5774,2024-08-28,Sanjay,Monitor,Electronics,Pune,West,8,15659.74,125277.92,17394.93,UPI
ORD5775,2024-06-01,Rohit,Desk,Furniture,Ahmedabad,West,6,6308.58,37851.48,6622.51,Cash
ORD5776,2024-09-15,Divya,Pen Set,Stationery,Kolkata,East,4,211.29,845.16,133.14,Net Banking
ORD5777,2024-06-15,Neha,Headphones,Electronics,Chennai,South,4,2523.42,10093.68,827.2,Cash
ORD5778,2024-03-28,Priya,Smartphone,Electronics,Pune,West,9,28676.84,258091.56,36398.46,Cash
ORD5779,2024-04-06,Nikhil,Notebook,Stationery,Delhi,North,6,110.42,662.52,145.03,UPI
ORD5780,2024-10-24,Divya,Backpack,Accessories,Delhi,North,10,1644.24,16442.4,2137.59,Card
ORD5781,2024-02-20,Ananya,Pen Set,Stationery,Delhi,North,2,216.83,433.66,86.59,Net Banking
ORD5782,2024-08-07,Arjun,Desk,Furniture,Pune,West,6,6450.16,38700.96,4611.87,Net Banking
ORD5783,2024-09-08,Arjun,Mouse,Electronics,Bengaluru,South,6,837.44,5024.64,617.06,Net Banking
ORD5784,2024-12-25,Vikram,Headphones,Electronics,Hyderabad,South,4,2380.41,9521.64,1441.27,Net Banking
ORD5785,2024-02-27,Priya,Laptop,Electronics,Mumbai,West,3,51881.27,155643.81,34294.74,UPI
ORD5786,2024-10-18,Pooja,Desk,Furniture,Chennai,South,9,7442.41,66981.69,12803.75,Card
ORD5787,2024-06-12,Neha,Mouse,Electronics,Pune,West,8,838.68,6709.44,1508.1,Card
ORD5788,2024-10-24,Divya,Smartphone,Electronics,Chennai,South,3,29647.41,88942.23,11911.1,Card
ORD5789,2024-04-15,Arjun,Desk,Furniture,Mumbai,West,2,6422.75,12845.5,2351.69,UPI
ORD5790,2024-08-09,Nikhil,Laptop,Electronics,Kolkata,East,3,60213.88,180641.64,16104.65,Cash
ORD5791,2024-09-29,Rahul,Notebook,Stationery,Pune,West,1,108.64,108.64,23.73,UPI
ORD5792,2024-02-17,Aisha,Monitor,Electronics,Kolkata,East,5,15141.42,75707.1,10847.16,UPI
ORD5793,2024-12-27,Sneha,Laptop,Electronics,Hyderabad,South,2,55008.8,110017.6,14497.43,UPI
ORD5794,2024-08-04,Rahul,Printer,Electronics,Chennai,South,8,10909.3,87274.4,14664.31,Net Banking
ORD5795,2024-04-08,Priya,Pen Set,Stationery,Ahmedabad,West,9,197.82,1780.38,382.3,UPI
ORD5796,2024-01-11,Sneha,Keyboard,Electronics,Ahmedabad,West,1,1412.89,1412.89,143.86,Card
ORD5797,2024-06-06,Sneha,Pen Set,Stationery,Pune,West,8,190.23,1521.84,309.12,Card
ORD5798,2024-01-11,Sneha,Smartphone,Electronics,Bengaluru,South,7,29167.34,204171.38,46558.03,Net Banking
ORD5799,2024-03-03,Arjun,Laptop,Electronics,Chennai,South,1,56419.07,56419.07,5573.6,Cash
ORD5800,2024-08-29,Pooja,Mouse,Electronics,Delhi,North,8,811.4,6491.2,666.24,Card
ORD5801,2024-12-20,Vikram,Pen Set,Stationery,Hyderabad,South,4,203.87,815.48,114.78,Card
ORD5802,2024-12-29,Meera,Pen Set,Stationery,Chennai,South,8,195.11,1560.88,332.14,Net Banking
ORD5803,2024-07-08,Sanjay,Backpack,Accessories,Ahmedabad,West,8,1772.47,14179.76,2907.47,UPI
ORD5804,2024-04-19,Rohit,Monitor,Electronics,Ahmedabad,West,8,15468.85,123750.8,12609.56,UPI
ORD5805,2024-03-23,Ananya,Printer,Electronics,Mumbai,West,10,11895.53,118955.3,22375.06,Cash
ORD5806,2024-10-27,Sneha,Printer,Electronics,Ahmedabad,West,4,10893.2,43572.8,6161.71,Cash
ORD5807,2024-08-21,Sanjay,Mouse,Electronics,Kolkata,East,9,849.36,7644.24,721.34,Card
ORD5808,2024-09-12,Rohit,Keyboard,Electronics,Chennai,South,9,1516.66,13649.94,2682.9,Net Banking
ORD5809,2024-06-27,Neha,Keyboard,Electronics,Bengaluru,South,4,1537.91,6151.64,1323.9,Net Banking
ORD5810,2024-10-03,Aisha,Mouse,Electronics,Delhi,North,10,750.83,7508.3,1326.59,Cash
ORD5811,2024-06-05,Rohit,Monitor,Electronics,Kolkata,East,3,13598.9,40796.7,9509.29,Card
ORD5812,2024-05-08,Ananya,Monitor,Electronics,Hyderabad,South,8,13743.45,109947.6,19329.0,Net Banking
ORD5813,2024-01-28,Nikhil,Monitor,Electronics,Delhi,North,7,16189.22,113324.54,9228.43,Net Banking
ORD5814,2024-05-22,Priya,Pen Set,Stationery,Chennai,South,6,187.89,1127.34,197.3,UPI
ORD5815,2024-06-21,Pooja,Pen Set,Stationery,Delhi,North,6,207.3,1243.8,173.14,Card
ORD5816,2024-01-19,Vikram,Pen Set,Stationery,Delhi,North,5,191.3,956.5,199.99,Net Banking
ORD5817,2024-10-27,Neha,Desk,Furniture,Ahmedabad,West,9,7524.34,67719.06,11611.65,Card
ORD5818,2024-01-20,Vikram,Pen Set,Stationery,Hyderabad,South,2,210.49,420.98,35.92,Card
ORD5819,2024-06-07,Vikram,Pen Set,Stationery,Bengaluru,South,5,180.87,904.35,188.59,UPI
ORD5820,2024-07-06,Aisha,Smartphone,Electronics,Hyderabad,South,5,29415.19,147075.95,28970.15,Net Banking
ORD5821,2024-12-21,Sneha,Printer,Electronics,Bengaluru,South,5,11027.47,55137.35,12731.93,Net Banking
ORD5822,2024-05-19,Priya,Office Chair,Furniture,Ahmedabad,West,2,8537.09,17074.18,2112.23,Net Banking
ORD5823,2024-01-31,Nikhil,Headphones,Electronics,Pune,West,5,2661.86,13309.3,3239.51,Cash
ORD5824,2024-03-01,Meera,Notebook,Stationery,Kolkata,East,8,109.97,879.76,190.81,Net Banking
ORD5825,2024-01-25,Nikhil,Desk,Furniture,Bengaluru,South,4,6639.06,26556.24,3597.6,Cash
ORD5826,2024-05-05,Priya,Pen Set,Stationery,Pune,West,4,211.43,845.72,71.85,Cash
ORD5827,2024-09-04,Aisha,Office Chair,Furniture,Kolkata,East,9,8612.7,77514.3,14286.35,Cash
ORD5828,2024-04-26,Meera,Notebook,Stationery,Bengaluru,South,4,123.34,493.36,44.25,UPI
ORD5829,2024-10-29,Rohit,Desk,Furniture,Ahmedabad,West,10,7132.72,71327.2,14687.46,Card
ORD5830,2024-05-24,Sanjay,Keyboard,Electronics,Kolkata,East,10,1398.25,13982.5,2228.95,UPI
ORD5831,2024-05-27,Arjun,Smartphone,Electronics,Mumbai,West,1,27559.47,27559.47,4200.64,Card
ORD5832,2024-07-09,Rahul,Monitor,Electronics,Chennai,South,5,16266.98,81334.9,16038.25,UPI
ORD5833,2024-08-31,Ananya,Headphones,Electronics,Ahmedabad,West,6,2547.34,15284.04,3554.78,UPI
ORD5834,2024-04-11,Nikhil,Monitor,Electronics,Pune,West,4,16210.59,64842.36,10261.3,Card
ORD5835,2024-12-18,Kiran,Mouse,Electronics,Kolkata,East,8,767.36,6138.88,1506.03,Card
ORD5836,2024-03-20,Arjun,Office Chair,Furniture,Hyderabad,South,6,7805.4,46832.4,8916.82,UPI
ORD5837,2024-10-30,Sanjay,Smartphone,Electronics,Delhi,North,5,27655.32,138276.6,12624.44,UPI
ORD5838,2024-05-06,Nikhil,Pen Set,Stationery,Hyderabad,South,1,195.17,195.17,31.83,Net Banking
ORD5839,2024-03-06,Priya,Pen Set,Stationery,Mumbai,West,1,211.36,211.36,29.86,UPI
ORD5840,2024-08-12,Aisha,Pen Set,Stationery,Pune,West,5,186.56,932.8,211.73,Card
ORD5841,2024-06-10,Pooja,Backpack,Accessories,Delhi,North,4,1821.79,7287.16,1412.7,Net Banking
ORD5842,2024-12-08,Pooja,Smartphone,Electronics,Chennai,South,7,27652.01,193564.07,38039.46,Cash
ORD5843,2024-05-20,Sanjay,Keyboard,Electronics,Hyderabad,South,7,1587.63,11113.41,1050.17,Cash
ORD5844,2024-06-11,Meera,Mouse,Electronics,Mumbai,West,8,842.11,6736.88,1680.51,Card
ORD5845,2024-05-18,Sanjay,Office Chair,Furniture,Hyderabad,South,10,8276.86,82768.6,14133.22,Cash
ORD5846,2024-07-08,Rohit,Laptop,Electronics,Hyderabad,South,4,50969.23,203876.92,28348.55,Card
ORD5847,2024-11-17,Kiran,Mouse,Electronics,Bengaluru,South,4,871.84,3487.36,715.81,Card
ORD5848,2024-06-10,Ananya,Printer,Electronics,Bengaluru,South,6,10867.24,65203.44,14148.95,Net Banking
ORD5849,2024-08-18,Pooja,Backpack,Accessories,Chennai,South,10,1867.01,18670.1,4323.89,Card
ORD5850,2024-05-23,Nikhil,Mouse,Electronics,Pune,West,5,865.93,4329.65,609.97,Net Banking
ORD5851,2024-05-20,Rohit,Desk,Furniture,Ahmedabad,West,8,6654.36,53234.88,11305.11,Net Banking
ORD5852,2024-01-28,Ananya,Keyboard,Electronics,Mumbai,West,1,1441.84,1441.84,184.55,Net Banking
ORD5853,2024-03-10,Divya,Laptop,Electronics,Kolkata,East,10,55352.8,553528.0,92370.43,Cash
ORD5854,2024-07-05,Pooja,Printer,Electronics,Kolkata,East,3,13104.68,39314.04,7633.66,Cash
ORD5855,2024-10-14,Kiran,Monitor,Electronics,Ahmedabad,West,8,15281.08,122248.64,26097.24,Cash
ORD5856,2024-01-12,Neha,Pen Set,Stationery,Kolkata,East,1,203.31,203.31,21.09,Cash
ORD5857,2024-06-30,Nikhil,Laptop,Electronics,Ahmedabad,West,3,58956.79,176870.37,21765.28,Card
ORD5858,2024-10-20,Sanjay,Notebook,Stationery,Kolkata,East,1,110.22,110.22,16.95,Card
ORD5859,2024-07-22,Priya,Headphones,Electronics,Pune,West,8,2265.54,18124.32,3186.68,Cash
ORD5860,2024-07-20,Pooja,Pen Set,Stationery,Chennai,South,8,191.87,1534.96,155.25,UPI
ORD5861,2024-12-14,Nikhil,Monitor,Electronics,Hyderabad,South,6,13676.15,82056.9,18076.27,Cash
ORD5862,2024-10-20,Kiran,Monitor,Electronics,Pune,West,5,16313.49,81567.45,12902.99,Card
ORD5863,2024-10-29,Neha,Pen Set,Stationery,Mumbai,West,7,183.63,1285.41,288.83,Cash
ORD5864,2024-11-05,Nikhil,Notebook,Stationery,Kolkata,East,5,116.07,580.35,125.2,Cash
ORD5865,2024-03-29,Vikram,Backpack,Accessories,Delhi,North,8,1883.9,15071.2,3449.71,Card
ORD5866,2024-12-03,Pooja,Backpack,Accessories,Chennai,South,8,1875.47,15003.76,1934.62,Card
ORD5867,2024-12-15,Sneha,Desk,Furniture,Chennai,South,9,6620.01,59580.09,13375.8,UPI
ORD5868,2024-12-06,Neha,Headphones,Electronics,Mumbai,West,10,2732.5,27325.0,4016.87,Card
ORD5869,2024-05-18,Nikhil,Desk,Furniture,Kolkata,East,2,6946.34,13892.68,3279.79,UPI
ORD5870,2024-06-21,Aisha,Pen Set,Stationery,Pune,West,1,191.13,191.13,45.28,Cash
ORD5871,2024-02-10,Rahul,Smartphone,Electronics,Chennai,South,3,30314.59,90943.77,10853.14,UPI
ORD5872,2024-09-29,Nikhil,Mouse,Electronics,Bengaluru,South,3,833.18,2499.54,541.88,Card
ORD5873,2024-07-01,Priya,Laptop,Electronics,Ahmedabad,West,5,56970.88,284854.4,39180.78,Card
ORD5874,2024-04-15,Rohit,Desk,Furniture,Kolkata,East,8,6974.13,55793.04,7051.92,Card
ORD5875,2024-11-23,Neha,Mouse,Electronics,Pune,West,4,865.7,3462.8,411.97,Net Banking
ORD5876,2024-08-02,Pooja,Monitor,Electronics,Hyderabad,South,8,15060.09,120480.72,14061.46,Card
ORD5877,2024-01-01,Vikram,Smartphone,Electronics,Delhi,North,2,27246.39,54492.78,5637.39,Net Banking
ORD5878,2024-05-08,Nikhil,Headphones,Electronics,Chennai,South,5,2346.86,11734.3,2191.56,Net Banking
ORD5879,2024-07-03,Neha,Notebook,Stationery,Kolkata,East,6,113.2,679.2,111.69,Cash
ORD5880,2024-01-03,Meera,Desk,Furniture,Mumbai,West,2,7657.43,15314.86,2152.29,Card
ORD5881,2024-07-04,Ananya,Smartphone,Electronics,Ahmedabad,West,4,27181.93,108727.72,23668.18,Net Banking
ORD5882,2024-04-26,Rahul,Notebook,Stationery,Mumbai,West,4,119.21,476.84,107.05,Card
ORD5883,2024-02-13,Nikhil,Notebook,Stationery,Ahmedabad,West,4,129.34,517.36,65.59,Cash
ORD5884,2024-12-16,Nikhil,Printer,Electronics,Delhi,North,1,12944.94,12944.94,2723.91,Net Banking
ORD5885,2024-01-14,Meera,Pen Set,Stationery,Delhi,North,10,205.56,2055.6,477.25,Card
ORD5886,2024-03-29,Ananya,Office Chair,Furniture,Bengaluru,South,1,8682.74,8682.74,1391.42,Net Banking
ORD5887,2024-05-22,Kiran,Smartphone,Electronics,Hyderabad,South,2,30134.68,60269.36,13482.01,Card
ORD5888,2024-04-30,Arjun,Monitor,Electronics,Delhi,North,10,14740.58,147405.8,12739.76,UPI
ORD5889,2024-11-13,Ananya,Mouse,Electronics,Ahmedabad,West,6,738.4,4430.4,626.16,Card
ORD5890,2024-10-02,Ananya,Headphones,Electronics,Mumbai,West,1,2659.53,2659.53,461.79,Net Banking
ORD5891,2024-05-23,Rahul,Laptop,Electronics,Pune,West,2,54613.43,109226.86,8957.02,Card
ORD5892,2024-09-09,Aisha,Laptop,Electronics,Bengaluru,South,8,55145.61,441164.88,76261.58,Cash
ORD5893,2024-01-03,Rohit,Printer,Electronics,Ahmedabad,West,6,11617.62,69705.72,11989.78,Cash
ORD5894,2024-08-12,Priya,Notebook,Stationery,Chennai,South,5,116.05,580.25,75.68,Card
ORD5895,2024-08-16,Priya,Office Chair,Furniture,Kolkata,East,10,8145.16,81451.6,11962.7,Net Banking
ORD5896,2024-12-19,Priya,Mouse,Electronics,Chennai,South,9,865.8,7792.2,1004.93,UPI
ORD5897,2024-01-24,Aisha,Keyboard,Electronics,Mumbai,West,9,1431.12,12880.08,2480.22,Cash
ORD5898,2024-12-05,Arjun,Office Chair,Furniture,Hyderabad,South,2,8477.89,16955.78,2469.29,Cash
ORD5899,2024-07-12,Vikram,Notebook,Stationery,Mumbai,West,10,129.7,1297.0,127.27,Cash
ORD5900,2024-12-21,Divya,Laptop,Electronics,Ahmedabad,West,9,59338.47,534046.23,93541.68,Cash
ORD5901,2024-02-14,Ananya,Printer,Electronics,Delhi,North,8,11449.76,91598.08,8501.58,Net Banking
ORD5902,2024-05-28,Rahul,Pen Set,Stationery,Kolkata,East,8,205.64,1645.12,405.22,Net Banking
ORD5903,2024-06-11,Arjun,Notebook,Stationery,Mumbai,West,10,118.8,1188.0,218.47,Net Banking
ORD5904,2024-04-18,Neha,Desk,Furniture,Bengaluru,South,2,7653.82,15307.64,1949.98,UPI
ORD5905,2024-03-16,Neha,Office Chair,Furniture,Pune,West,6,8798.84,52793.04,9587.12,Cash
ORD5906,2024-05-29,Ananya,Monitor,Electronics,Ahmedabad,West,9,13543.77,121893.93,18877.38,Net Banking
ORD5907,2024-08-16,Kiran,Pen Set,Stationery,Mumbai,West,7,193.78,1356.46,293.41,Net Banking
ORD5908,2024-03-12,Pooja,Notebook,Stationery,Hyderabad,South,7,129.6,907.2,211.8,UPI
ORD5909,2024-09-11,Rahul,Monitor,Electronics,Hyderabad,South,8,16358.49,130867.92,31913.84,Card
ORD5910,2024-03-20,Sanjay,Mouse,Electronics,Kolkata,East,8,878.44,7027.52,1743.75,Card
ORD5911,2024-09-16,Sanjay,Laptop,Electronics,Bengaluru,South,9,58084.71,522762.39,82508.59,Cash
ORD5912,2024-04-02,Kiran,Notebook,Stationery,Chennai,South,6,113.62,681.72,136.32,Net Banking
ORD5913,2024-01-01,Neha,Office Chair,Furniture,Bengaluru,South,1,8636.57,8636.57,1842.71,Cash
ORD5914,2024-04-15,Ananya,Desk,Furniture,Mumbai,West,7,7214.71,50502.97,4436.7,Card
ORD5915,2024-11-30,Arjun,Keyboard,Electronics,Chennai,South,4,1596.54,6386.16,951.3,Card
ORD5916,2024-11-11,Neha,Notebook,Stationery,Delhi,North,7,125.57,878.99,150.43,Net Banking
ORD5917,2024-08-06,Ananya,Backpack,Accessories,Ahmedabad,West,1,1885.09,1885.09,407.59,UPI
ORD5918,2024-05-02,Arjun,Desk,Furniture,Pune,West,7,6439.04,45073.28,5736.0,Net Banking
ORD5919,2024-12-04,Vikram,Laptop,Electronics,Bengaluru,South,5,57565.81,287829.05,26908.74,Cash
ORD5920,2024-11-22,Sanjay,Keyboard,Electronics,Mumbai,West,7,1517.95,10625.65,998.98,Net Banking
ORD5921,2024-07-02,Neha,Monitor,Electronics,Ahmedabad,West,7,14059.38,98415.66,9200.59,Net Banking
ORD5922,2024-05-10,Kiran,Backpack,Accessories,Ahmedabad,West,5,1919.68,9598.4,1973.81,Net Banking
ORD5923,2024-09-12,Sneha,Office Chair,Furniture,Chennai,South,9,7903.71,71133.39,14884.89,UPI
ORD5924,2024-11-17,Rahul,Keyboard,Electronics,Hyderabad,South,8,1501.77,12014.16,2763.31,Cash
ORD5925,2024-12-17,Rohit,Smartphone,Electronics,Ahmedabad,West,3,29509.59,88528.77,17749.69,Card
ORD5926,2024-10-26,Sanjay,Smartphone,Electronics,Hyderabad,South,3,28229.73,84689.19,9925.27,Card
ORD5927,2024-12-23,Sanjay,Smartphone,Electronics,Delhi,North,10,31712.88,317128.8,26141.16,UPI
ORD5928,2024-09-18,Sneha,Monitor,Electronics,Hyderabad,South,1,14368.4,14368.4,1816.56,Cash
ORD5929,2024-12-07,Sneha,Office Chair,Furniture,Ahmedabad,West,8,7770.82,62166.56,13745.53,UPI
ORD5930,2024-08-01,Meera,Backpack,Accessories,Ahmedabad,West,7,1760.61,12324.27,1607.57,Card
ORD5931,2024-06-07,Kiran,Notebook,Stationery,Chennai,South,2,117.64,235.28,51.57,Net Banking
ORD5932,2024-08-18,Pooja,Pen Set,Stationery,Kolkata,East,8,216.83,1734.64,380.36,Net Banking
ORD5933,2024-09-03,Divya,Mouse,Electronics,Ahmedabad,West,7,781.58,5471.06,1238.79,UPI
ORD5934,2024-06-24,Sanjay,Printer,Electronics,Delhi,North,3,10820.21,32460.63,6300.82,Card
ORD5935,2024-04-04,Rahul,Notebook,Stationery,Kolkata,East,5,115.91,579.55,77.96,Net Banking
ORD5936,2024-09-10,Meera,Mouse,Electronics,Bengaluru,South,5,811.72,4058.6,695.4,Card
ORD5937,2024-05-21,Priya,Notebook,Stationery,Ahmedabad,West,3,119.23,357.69,46.8,Card
ORD5938,2024-12-20,Ananya,Laptop,Electronics,Kolkata,East,2,57056.33,114112.66,19876.35,Net Banking
ORD5939,2024-12-13,Arjun,Notebook,Stationery,Hyderabad,South,10,127.84,1278.4,203.85,Net Banking
ORD5940,2024-03-12,Sneha,Pen Set,Stationery,Pune,West,1,182.47,182.47,39.43,Net Banking
ORD5941,2024-02-14,Sneha,Office Chair,Furniture,Mumbai,West,10,7713.62,77136.2,8298.2,Card
ORD5942,2024-10-17,Sanjay,Laptop,Electronics,Mumbai,West,2,55483.84,110967.68,12460.13,Card
ORD5943,2024-09-17,Sneha,Monitor,Electronics,Bengaluru,South,2,13825.48,27650.96,2738.73,UPI
ORD5944,2024-09-24,Vikram,Office Chair,Furniture,Delhi,North,5,8503.0,42515.0,5738.47,Cash
ORD5945,2024-02-23,Kiran,Mouse,Electronics,Hyderabad,South,5,776.88,3884.4,686.83,UPI
ORD5946,2024-06-26,Vikram,Keyboard,Electronics,Mumbai,West,7,1532.58,10728.06,2566.03,Card
ORD5947,2024-04-12,Aisha,Mouse,Electronics,Chennai,South,8,873.22,6985.76,1603.57,Net Banking
ORD5948,2024-08-05,Neha,Backpack,Accessories,Chennai,South,4,1738.14,6952.56,1701.36,Net Banking
ORD5949,2024-12-29,Neha,Monitor,Electronics,Mumbai,West,9,15636.14,140725.26,25017.93,Net Banking
ORD5950,2024-03-13,Kiran,Pen Set,Stationery,Pune,West,2,198.56,397.12,67.81,Net Banking
ORD5951,2024-02-26,Pooja,Laptop,Electronics,Chennai,South,10,56262.01,562620.1,100785.64,Net Banking
ORD5952,2024-08-28,Divya,Headphones,Electronics,Pune,West,7,2717.14,19019.98,2512.7,Card
ORD5953,2024-10-01,Sneha,Notebook,Stationery,Mumbai,West,7,127.24,890.68,174.82,Card
ORD5954,2024-04-07,Divya,Office Chair,Furniture,Delhi,North,2,8474.92,16949.84,3055.64,Net Banking
ORD5955,2024-12-01,Neha,Notebook,Stationery,Bengaluru,South,2,127.5,255.0,20.57,Net Banking
ORD5956,2024-12-12,Sanjay,Smartphone,Electronics,Bengaluru,South,10,28876.85,288768.5,58461.37,Card
ORD5957,2024-02-21,Neha,Laptop,Electronics,Mumbai,West,9,60006.18,540055.62,84903.99,Card
ORD5958,2024-06-29,Nikhil,Smartphone,Electronics,Delhi,North,2,30432.79,60865.58,11428.42,Net Banking
ORD5959,2024-01-19,Rahul,Headphones,Electronics,Pune,West,5,2458.54,12292.7,1365.57,Net Banking
ORD5960,2024-11-04,Arjun,Mouse,Electronics,Kolkata,East,7,754.73,5283.11,1133.96,Cash
ORD5961,2024-03-06,Kiran,Laptop,Electronics,Hyderabad,South,5,51574.72,257873.6,26393.62,Card
ORD5962,2024-09-10,Kiran,Pen Set,Stationery,Chennai,South,5,180.58,902.9,80.47,Cash
ORD5963,2024-02-01,Priya,Notebook,Stationery,Pune,West,2,124.14,248.28,57.59,Cash
ORD5964,2024-09-06,Sneha,Printer,Electronics,Pune,West,4,12607.26,50429.04,7005.06,Cash
ORD5965,2024-10-26,Aisha,Laptop,Electronics,Mumbai,West,4,59858.27,239433.08,40137.01,Net Banking
ORD5966,2024-04-13,Rahul,Laptop,Electronics,Hyderabad,South,5,52468.13,262340.65,34468.3,UPI
ORD5967,2024-03-30,Arjun,Notebook,Stationery,Bengaluru,South,8,119.62,956.96,185.44,Cash
ORD5968,2024-11-18,Aisha,Backpack,Accessories,Mumbai,West,3,1892.34,5677.02,926.06,Card
ORD5969,2024-02-03,Vikram,Desk,Furniture,Kolkata,East,6,6780.41,40682.46,6303.43,Card
ORD5970,2024-06-07,Meera,Desk,Furniture,Delhi,North,8,7625.82,61006.56,8381.33,UPI
ORD5971,2024-08-07,Rahul,Keyboard,Electronics,Ahmedabad,West,2,1403.92,2807.84,410.61,Cash
ORD5972,2024-03-06,Rohit,Pen Set,Stationery,Mumbai,West,10,188.69,1886.9,398.56,Cash
ORD5973,2024-06-26,Ananya,Headphones,Electronics,Ahmedabad,West,1,2666.13,2666.13,649.18,UPI
ORD5974,2024-08-11,Priya,Monitor,Electronics,Pune,West,4,15409.76,61639.04,10897.6,Net Banking
ORD5975,2024-08-16,Vikram,Notebook,Stationery,Delhi,North,9,112.34,1011.06,130.39,Card
ORD5976,2024-01-23,Arjun,Monitor,Electronics,Chennai,South,3,15309.06,45927.18,8387.42,Net Banking
ORD5977,2024-05-04,Rohit,Smartphone,Electronics,Chennai,South,3,32918.38,98755.14,13719.89,Cash
ORD5978,2024-02-13,Pooja,Mouse,Electronics,Ahmedabad,West,2,871.83,1743.66,377.24,UPI
ORD5979,2024-07-19,Sanjay,Office Chair,Furniture,Hyderabad,South,3,7707.11,23121.33,5490.01,Cash
ORD5980,2024-05-08,Arjun,Notebook,Stationery,Chennai,South,1,108.09,108.09,13.72,Net Banking
ORD5981,2024-03-23,Nikhil,Keyboard,Electronics,Mumbai,West,7,1430.11,10010.77,1227.99,Net Banking
ORD5982,2024-12-28,Ananya,Notebook,Stationery,Chennai,South,5,111.54,557.7,110.04,UPI
ORD5983,2024-07-22,Nikhil,Desk,Furniture,Hyderabad,South,3,7587.79,22763.37,5526.92,Card
ORD5984,2024-09-16,Neha,Mouse,Electronics,Hyderabad,South,8,801.38,6411.04,1436.2,Net Banking
ORD5985,2024-04-21,Arjun,Printer,Electronics,Delhi,North,8,11055.42,88443.36,16120.52,Cash
ORD5986,2024-01-31,Aisha,Monitor,Electronics,Bengaluru,South,1,13630.79,13630.79,1191.0,Net Banking
ORD5987,2024-11-26,Vikram,Monitor,Electronics,Hyderabad,South,6,15043.44,90260.64,20424.12,Net Banking
ORD5988,2024-09-02,Priya,Mouse,Electronics,Pune,West,7,779.15,5454.05,819.43,Cash
ORD5989,2024-11-22,Arjun,Desk,Furniture,Bengaluru,South,4,6705.01,26820.04,5808.75,Card
ORD5990,2024-12-09,Divya,Headphones,Electronics,Pune,West,7,2426.85,16987.95,3637.49,Cash
ORD5991,2024-06-19,Rahul,Smartphone,Electronics,Delhi,North,5,31491.39,157456.95,32266.7,Net Banking
ORD5992,2024-02-04,Sanjay,Mouse,Electronics,Ahmedabad,West,4,770.17,3080.68,763.94,Cash
ORD5993,2024-12-26,Sanjay,Smartphone,Electronics,Ahmedabad,West,7,30413.29,212893.03,31023.37,Cash
ORD5994,2024-11-23,Neha,Notebook,Stationery,Kolkata,East,6,126.94,761.64,62.56,Card
ORD5995,2024-10-18,Sanjay,Backpack,Accessories,Mumbai,West,8,1887.82,15102.56,1602.17,Net Banking
ORD5996,2024-01-05,Rohit,Backpack,Accessories,Pune,West,9,1712.26,15410.34,1598.73,Card
ORD5997,2024-06-29,Vikram,Headphones,Electronics,Hyderabad,South,6,2296.29,13777.74,1724.23,Cash
ORD5998,2024-07-22,Divya,Backpack,Accessories,Mumbai,West,8,1850.82,14806.56,1763.09,UPI
ORD5999,2024-04-19,Ananya,Keyboard,Electronics,Chennai,South,5,1393.18,6965.9,1066.06,Card
ORD6000,2024-09-06,Priya,Notebook,Stationery,Ahmedabad,West,1,121.08,121.08,14.23,Card
